row,col,latitude,longitude,ferric_ratio_b4_b2,clay_ratio_b11_b12,ndvi,ndwi,s2_valid_bins,elevation_m,slope_deg,ruggedness_m,frac_tree,frac_shrub_grass,frac_cropland,frac_built,frac_bare,frac_water
0,0,21.21,78.81,1.57202,1.37942,0.32135,-0.38841,100,375.26711,0.95131,6.09381,0.085,0.235,0.6,0.01,0.0,0.07
0,1,21.21,78.83,1.53012,1.37698,0.36297,-0.40328,100,366.08495,0.75511,5.60965,0.0675,0.055,0.87,0.0075,0.0,0.0
0,2,21.21,78.85,1.54138,1.39679,0.37298,-0.40785,100,358.58908,0.77822,4.86234,0.075,0.0725,0.825,0.0275,0.0,0.0
0,3,21.21,78.87,1.55009,1.40721,0.35509,-0.38972,100,353.83215,0.73509,4.0221,0.0525,0.1025,0.845,0.0,0.0,0.0
0,4,21.21,78.89,1.61111,1.37846,0.32037,-0.37043,100,350.39578,0.73133,4.66339,0.0675,0.15,0.73,0.0475,0.005,0.0
0,5,21.21,78.91,1.5631,1.36733,0.30179,-0.35598,100,339.12496,0.69484,5.33348,0.0775,0.075,0.8325,0.015,0.0,0.0
0,6,21.21,78.93,1.53834,1.38836,0.29779,-0.36462,100,334.85656,0.55695,3.68801,0.0425,0.14,0.815,0.0025,0.0,0.0
0,7,21.21,78.95,1.61287,1.31394,0.23532,-0.32793,100,341.12167,0.7052,4.44604,0.015,0.3,0.62,0.0275,0.0375,0.0
0,8,21.21,78.97,1.57901,1.33383,0.27496,-0.33963,100,341.49998,0.73596,4.44299,0.1275,0.22,0.585,0.0675,0.0,0.0
0,9,21.21,78.99,1.48513,1.32319,0.28035,-0.34334,100,342.80128,0.78459,4.81111,0.085,0.245,0.5775,0.0925,0.0,0.0
0,10,21.21,79.01,1.47018,1.34324,0.21164,-0.31067,100,338.62092,1.42444,5.76169,0.205,0.615,0.1325,0.005,0.03,0.0125
0,11,21.21,79.03,1.39033,1.37811,0.23746,-0.32638,100,335.44128,2.34146,13.61693,0.5775,0.3625,0.0125,0.0,0.0,0.0475
0,12,21.21,79.05,1.4392,1.28121,0.21149,-0.3041,95,322.11434,2.0495,13.36025,0.15,0.52,0.115,0.2025,0.0,0.0125
0,13,21.21,79.07,1.31319,1.23031,0.2935,-0.33582,39,308.75928,0.65927,4.64143,0.0475,0.1175,0.1525,0.6825,0.0,0.0
0,14,21.21,79.09,1.38099,1.23665,0.28925,-0.35662,100,301.94263,0.69858,4.78331,0.06,0.46,0.2,0.275,0.005,0.0
0,15,21.21,79.11,1.39503,1.2119,0.27987,-0.34504,100,301.78208,0.51934,4.39049,0.04,0.4875,0.2075,0.1525,0.015,0.0975
0,16,21.21,79.13,1.38341,1.21665,0.27829,-0.33214,100,297.33286,0.60914,3.3532,0.0325,0.45,0.2875,0.2175,0.0,0.0125
0,17,21.21,79.15,1.39864,1.24732,0.27674,-0.32839,100,292.93005,0.62604,3.94361,0.0825,0.1825,0.5575,0.175,0.0025,0.0
0,18,21.21,79.17,1.36851,1.31537,0.33089,-0.36893,100,285.88663,0.5422,2.49786,0.0725,0.24,0.445,0.2325,0.01,0.0
0,19,21.21,79.19,1.32478,1.21088,0.28955,-0.3261,100,285.11285,0.697,2.58923,0.1,0.1525,0.115,0.6275,0.005,0.0
0,20,21.21,79.21,1.33375,1.31636,0.37029,-0.40061,100,281.86742,0.91322,3.49525,0.3025,0.12,0.285,0.2925,0.0,0.0
0,21,21.21,79.23,1.37474,1.40379,0.4201,-0.45608,100,278.35459,1.58128,5.73031,0.47,0.12,0.315,0.0,0.0225,0.0725
0,22,21.21,79.25,1.53923,1.29128,0.33478,-0.40389,100,276.64605,1.00327,4.03224,0.245,0.2075,0.4775,0.015,0.0225,0.0325
0,23,21.21,79.27,1.50663,1.27757,0.30309,-0.37282,100,271.97744,1.43753,5.6081,0.09,0.155,0.49,0.055,0.1075,0.1025
0,24,21.21,79.29,1.59032,1.29858,0.30278,-0.37204,100,274.49635,0.90427,3.03269,0.02,0.0525,0.925,0.0025,0.0,0.0
0,25,21.21,79.31,1.56113,1.32386,0.28086,-0.36225,100,277.6188,0.73588,4.14139,0.0225,0.0825,0.8775,0.0175,0.0,0.0
0,26,21.21,79.33,1.58525,1.26944,0.23443,-0.34081,100,276.53591,0.57001,3.45199,0.005,0.005,0.98,0.01,0.0,0.0
0,27,21.21,79.35,1.63618,1.28722,0.22984,-0.34577,100,275.72365,0.61003,3.49494,0.005,0.02,0.96,0.015,0.0,0.0
0,28,21.21,79.37,1.59885,1.30358,0.25477,-0.36516,100,271.98913,0.57572,3.34754,0.02,0.03,0.935,0.015,0.0,0.0
0,29,21.21,79.39,1.6495,1.30924,0.21194,-0.3517,100,268.9904,0.25338,1.91331,0.0075,0.0,0.9875,0.005,0.0,0.0
0,30,21.21,79.41,1.65391,1.33784,0.25212,-0.3729,100,268.21285,0.43446,2.3939,0.0125,0.0,0.9875,0.0,0.0,0.0
0,31,21.21,79.43,1.67734,1.34919,0.25284,-0.37432,100,272.74763,0.56448,3.1963,0.005,0.0025,0.9925,0.0,0.0,0.0
0,32,21.21,79.45,1.65582,1.34009,0.2576,-0.37327,100,268.90909,0.55723,4.21936,0.0075,0.0075,0.97,0.015,0.0,0.0
0,33,21.21,79.47,1.62072,1.33433,0.27424,-0.3793,100,271.3165,0.69727,4.1069,0.0,0.005,0.99,0.005,0.0,0.0
0,34,21.21,79.49,1.60561,1.31321,0.27723,-0.37713,100,271.43717,0.55182,3.39765,0.0025,0.005,0.99,0.0025,0.0,0.0
0,35,21.21,79.51,1.55976,1.32462,0.30039,-0.38831,100,268.33802,0.64825,3.28775,0.0,0.015,0.975,0.01,0.0,0.0
0,36,21.21,79.53,1.53778,1.33412,0.31886,-0.39325,100,264.61447,0.59314,3.2844,0.005,0.035,0.955,0.005,0.0,0.0
0,37,21.21,79.55,1.52999,1.35723,0.33624,-0.40781,100,268.88764,0.66288,3.29585,0.0025,0.0325,0.96,0.005,0.0,0.0
0,38,21.21,79.57,1.5324,1.35122,0.33985,-0.40718,100,274.57058,1.37275,6.54289,0.0125,0.1475,0.82,0.02,0.0,0.0
0,39,21.21,79.59,1.51673,1.31979,0.31604,-0.3917,100,265.32708,1.02428,6.20119,0.01,0.0475,0.8975,0.04,0.0,0.005
0,40,21.21,79.61,1.50345,1.29637,0.30385,-0.37508,100,266.24911,0.65338,3.63901,0.0025,0.015,0.9575,0.0225,0.0025,0.0
0,41,21.21,79.63,1.49527,1.29625,0.3082,-0.37216,100,263.02643,0.65086,3.81529,0.0425,0.0375,0.8875,0.005,0.0,0.0275
0,42,21.21,79.65,1.56659,1.28271,0.30834,-0.38164,100,253.76095,0.6136,2.98438,0.035,0.0425,0.8825,0.04,0.0,0.0
0,43,21.21,79.67,1.49987,1.34597,0.38661,-0.40125,100,249.57133,0.78051,2.80557,0.0725,0.1825,0.6625,0.0525,0.0,0.03
0,44,21.21,79.69,1.39592,1.36751,0.40269,-0.43828,100,248.12734,1.04347,4.77881,0.1075,0.0925,0.4575,0.0075,0.015,0.32
0,45,21.21,79.71,1.36315,1.47,0.51757,-0.50103,100,254.08458,0.52248,2.40712,0.015,0.03,0.9325,0.0225,0.0,0.0
0,46,21.21,79.73,1.68459,1.33607,0.34057,-0.41262,100,262.24717,0.73472,4.65948,0.1525,0.2325,0.5725,0.0,0.0,0.0425
0,47,21.21,79.75,1.69611,1.38441,0.3675,-0.45364,100,279.3184,4.67143,22.66062,0.805,0.1525,0.0425,0.0,0.0,0.0
0,48,21.21,79.77,1.62691,1.34463,0.35607,-0.43101,100,269.92912,2.95561,23.77747,0.4125,0.0825,0.5,0.0,0.0,0.005
0,49,21.21,79.79,1.65526,1.32677,0.35809,-0.42691,100,266.70183,0.8962,3.96467,0.16,0.0975,0.7175,0.0125,0.0,0.0125
0,50,21.21,79.81,1.71023,1.37368,0.35014,-0.45565,100,293.30843,4.5074,23.34339,0.885,0.0475,0.0625,0.0,0.0,0.005
0,51,21.21,79.83,1.69323,1.38277,0.3448,-0.45372,100,341.00227,7.89151,30.96978,1.0,0.0,0.0,0.0,0.0,0.0
0,52,21.21,79.85,1.66835,1.35189,0.33708,-0.43393,100,310.49025,3.57026,19.71122,0.985,0.015,0.0,0.0,0.0,0.0
0,53,21.21,79.87,1.73221,1.38701,0.35868,-0.48058,100,329.56123,4.51065,46.87342,0.995,0.005,0.0,0.0,0.0,0.0
0,54,21.21,79.89,1.73627,1.39922,0.3569,-0.48798,100,317.3576,3.9546,44.78055,0.935,0.0325,0.0325,0.0,0.0,0.0
0,55,21.21,79.91,1.80013,1.42486,0.38137,-0.51394,100,353.18292,5.17653,42.43381,1.0,0.0,0.0,0.0,0.0,0.0
0,56,21.21,79.93,1.68948,1.41436,0.38287,-0.50801,100,306.91341,3.41124,17.40577,0.9375,0.005,0.055,0.0,0.0,0.0025
0,57,21.21,79.95,1.75043,1.41667,0.36633,-0.49618,100,342.99629,6.3622,34.34471,0.97,0.0025,0.02,0.0,0.0,0.0075
0,58,21.21,79.97,1.67853,1.45313,0.3935,-0.49667,100,361.97685,8.27002,35.47071,1.0,0.0,0.0,0.0,0.0,0.0
0,59,21.21,79.99,1.80715,1.44463,0.37441,-0.49748,100,410.66788,11.49372,48.76707,1.0,0.0,0.0,0.0,0.0,0.0
0,60,21.21,80.01,1.69034,1.42884,0.3751,-0.47566,100,372.78282,7.81791,45.96377,1.0,0.0,0.0,0.0,0.0,0.0
0,61,21.21,80.03,1.73353,1.44129,0.3874,-0.4842,100,363.35063,8.51953,37.65157,1.0,0.0,0.0,0.0,0.0,0.0
0,62,21.21,80.05,1.75806,1.45086,0.38878,-0.49243,100,298.36045,1.66935,9.41165,0.7775,0.05,0.1675,0.0025,0.0,0.0025
0,63,21.21,80.07,1.73981,1.38864,0.36176,-0.46065,100,288.72545,1.00796,3.66833,0.5375,0.1275,0.3,0.03,0.0,0.005
0,64,21.21,80.09,1.58654,1.40775,0.39261,-0.45093,100,290.98088,0.70543,3.63834,0.0525,0.055,0.795,0.0175,0.0,0.08
0,65,21.21,80.11,1.73569,1.39844,0.35547,-0.46824,100,287.24458,1.29749,5.51103,0.38,0.25,0.3325,0.0025,0.0,0.035
0,66,21.21,80.13,1.65795,1.41463,0.41235,-0.47976,100,281.86778,0.81166,3.39043,0.1375,0.1125,0.74,0.0075,0.0,0.0025
0,67,21.21,80.15,1.74095,1.38652,0.3568,-0.45173,100,285.59656,0.87876,4.34133,0.115,0.1125,0.72,0.0525,0.0,0.0
0,68,21.21,80.17,1.47,1.62117,0.6015,-0.56833,100,280.6452,0.64517,2.39648,0.055,0.0925,0.84,0.0125,0.0,0.0
0,69,21.21,80.19,1.8135,1.32931,0.30556,-0.42157,100,285.9465,0.88262,3.46671,0.09,0.09,0.7875,0.0325,0.0,0.0
0,70,21.21,80.21,1.80489,1.35801,0.32165,-0.45049,100,309.7237,3.66693,21.84082,0.5225,0.1,0.375,0.0025,0.0,0.0
0,71,21.21,80.23,1.91957,1.42346,0.33849,-0.46794,100,323.28835,1.70677,6.32086,0.9775,0.0225,0.0,0.0,0.0,0.0
0,72,21.21,80.25,1.93322,1.42989,0.35556,-0.4885,100,330.32967,1.78904,6.81111,0.9275,0.065,0.0075,0.0,0.0,0.0
0,73,21.21,80.27,1.90452,1.42155,0.35573,-0.48195,100,338.16603,1.66546,5.99618,0.985,0.015,0.0,0.0,0.0,0.0
0,74,21.21,80.29,1.83694,1.43877,0.37207,-0.49565,100,348.08447,1.42401,5.04743,0.9725,0.015,0.0125,0.0,0.0,0.0
0,75,21.21,80.31,1.89957,1.43081,0.34854,-0.49025,100,365.41027,2.97453,14.77353,0.7625,0.1,0.12,0.005,0.0,0.0125
0,76,21.21,80.33,1.8495,1.33625,0.29421,-0.44097,100,361.38458,2.15485,10.24624,0.4575,0.12,0.415,0.0075,0.0,0.0
0,77,21.21,80.35,1.7754,1.3667,0.30518,-0.43971,100,348.0368,1.70239,8.84053,0.2075,0.265,0.445,0.0075,0.0,0.075
0,78,21.21,80.37,1.54084,1.43764,0.43928,-0.47914,100,333.73573,1.30985,6.18999,0.145,0.115,0.7,0.01,0.0,0.03
0,79,21.21,80.39,1.41967,1.51437,0.49067,-0.49189,100,324.38961,0.8953,4.8786,0.12,0.085,0.715,0.0125,0.0,0.0675
0,80,21.21,80.41,1.06314,1.40893,0.15459,-0.13592,100,320.1958,0.65096,4.29819,0.1225,0.075,0.305,0.0,0.0,0.4975
0,81,21.21,80.43,1.19867,1.493,0.43799,-0.48216,100,322.86233,1.07836,7.29997,0.1225,0.0475,0.5075,0.0075,0.0,0.315
0,82,21.21,80.45,1.82124,1.35246,0.30695,-0.44107,100,336.03153,3.05827,25.96664,0.465,0.12,0.4125,0.0025,0.0,0.0
0,83,21.21,80.47,1.93838,1.34267,0.2959,-0.45383,100,346.17127,3.43522,13.87364,0.7325,0.11,0.145,0.0125,0.0,0.0
0,84,21.21,80.49,1.86841,1.38137,0.31357,-0.46521,100,345.62503,2.7581,9.41683,0.7325,0.095,0.1675,0.0025,0.0,0.0025
0,85,21.21,80.51,1.90362,1.39104,0.3213,-0.46373,100,372.53752,3.33162,14.28911,0.8275,0.0475,0.125,0.0,0.0,0.0
0,86,21.21,80.53,1.78172,1.48873,0.40154,-0.49879,100,436.48464,9.42908,43.52024,0.9025,0.085,0.0125,0.0,0.0,0.0
0,87,21.21,80.55,1.84513,1.47629,0.39083,-0.4957,100,439.41713,6.95865,33.62199,0.955,0.025,0.02,0.0,0.0,0.0
0,88,21.21,80.57,1.84928,1.43252,0.35752,-0.49273,100,443.66727,6.78546,24.905,0.97,0.02,0.01,0.0,0.0,0.0
0,89,21.21,80.59,2.03881,1.36058,0.29614,-0.45414,100,420.57261,3.12489,17.94952,0.5175,0.1,0.3775,0.005,0.0,0.0
1,0,21.23,78.81,1.64457,1.33736,0.29003,-0.36573,100,372.41823,0.92216,5.11973,0.02,0.075,0.7925,0.005,0.0,0.1075
1,1,21.23,78.83,1.56509,1.35121,0.31841,-0.37915,100,360.7745,0.80451,4.1204,0.035,0.095,0.8475,0.0225,0.0,0.0
1,2,21.23,78.85,1.55084,1.37034,0.33473,-0.38261,100,351.99058,0.79443,4.446,0.0625,0.07,0.865,0.0025,0.0,0.0
1,3,21.23,78.87,1.52368,1.38718,0.33654,-0.38308,100,346.90036,0.61008,3.20013,0.0475,0.0375,0.9125,0.0025,0.0,0.0
1,4,21.23,78.89,1.53953,1.33014,0.29663,-0.34622,100,341.55741,0.80107,4.00819,0.1525,0.1775,0.5125,0.15,0.0075,0.0
1,5,21.23,78.91,1.47155,1.2474,0.23591,-0.30814,100,338.23527,0.85247,5.7964,0.14,0.1625,0.3,0.395,0.0,0.0025
1,6,21.23,78.93,1.48993,1.37576,0.31918,-0.36992,100,328.04855,0.51176,3.20843,0.04,0.12,0.7775,0.0625,0.0,0.0
1,7,21.23,78.95,1.56563,1.37267,0.29991,-0.35406,100,333.62474,0.61313,4.06111,0.015,0.1125,0.865,0.0075,0.0,0.0
1,8,21.23,78.97,1.59472,1.38117,0.30027,-0.35873,100,331.92753,0.61283,3.79885,0.0725,0.105,0.8025,0.02,0.0,0.0
1,9,21.23,78.99,1.65751,1.32096,0.21755,-0.32082,100,337.01714,1.09178,3.83661,0.01,0.34,0.62,0.0075,0.0,0.0225
1,10,21.23,79.01,1.50476,1.32883,0.24634,-0.33477,100,325.02726,1.37185,7.23187,0.09,0.44,0.4275,0.02,0.0125,0.01
1,11,21.23,79.03,1.52647,1.25367,0.19206,-0.29474,100,328.10104,1.86567,12.07034,0.015,0.6175,0.335,0.01,0.02,0.0025
1,12,21.23,79.05,1.4259,1.27726,0.21481,-0.30915,100,324.40328,1.77542,9.41352,0.045,0.6775,0.2225,0.0525,0.0,0.0025
1,13,21.23,79.07,1.38669,1.28049,0.29004,-0.34817,59,312.33398,0.92151,5.59045,0.0975,0.36,0.325,0.2175,0.0,0.0
1,14,21.23,79.09,1.26331,1.22795,0.29378,-0.339,100,311.23239,0.80866,3.15158,0.2125,0.255,0.065,0.4275,0.035,0.005
1,15,21.23,79.11,1.26492,1.29517,0.31053,-0.34944,100,311.40095,1.03891,7.48772,0.41,0.1825,0.14,0.035,0.1325,0.1
1,16,21.23,79.13,1.50794,1.23605,0.26727,-0.32692,100,298.17789,0.55952,2.8689,0.0625,0.235,0.66,0.015,0.005,0.0225
1,17,21.23,79.15,1.40914,1.26734,0.2965,-0.36046,100,294.79827,0.58815,4.1532,0.135,0.395,0.3325,0.005,0.1025,0.03
1,18,21.23,79.17,1.38899,1.3616,0.39824,-0.42047,100,290.03826,0.98861,3.29788,0.4725,0.29,0.175,0.0575,0.005,0.0
1,19,21.23,79.19,1.34954,1.39141,0.4481,-0.46474,100,283.74648,1.54739,6.57225,0.69,0.0375,0.08,0.0875,0.0575,0.0475
1,20,21.23,79.21,1.44746,1.31679,0.35039,-0.41693,100,279.72293,1.61419,6.30565,0.3625,0.165,0.3175,0.0325,0.0675,0.055
1,21,21.23,79.23,1.39147,1.23475,0.29665,-0.34448,100,282.99175,2.70565,11.71673,0.3475,0.135,0.1,0.2225,0.1375,0.0575
1,22,21.23,79.25,1.45576,1.26826,0.28964,-0.3585,100,284.00802,0.501,2.18568,0.105,0.1275,0.525,0.2425,0.0,0.0
1,23,21.23,79.27,1.52081,1.28334,0.2666,-0.35149,100,279.45224,0.62261,2.77507,0.0375,0.1225,0.8375,0.0,0.0,0.0025
1,24,21.23,79.29,1.60269,1.31738,0.26305,-0.36272,100,284.1006,0.50684,3.50756,0.0125,0.0475,0.9175,0.0225,0.0,0.0
1,25,21.23,79.31,1.65358,1.31367,0.23644,-0.35656,100,282.93234,0.42063,2.32671,0.0,0.005,0.995,0.0,0.0,0.0
1,26,21.23,79.33,1.59516,1.28722,0.23906,-0.34742,100,276.92363,0.57502,2.85717,0.005,0.06,0.9175,0.0125,0.0,0.005
1,27,21.23,79.35,1.61437,1.27483,0.23394,-0.34835,100,278.87177,0.54762,3.13703,0.01,0.0375,0.9475,0.005,0.0,0.0
1,28,21.23,79.37,1.61666,1.27851,0.24022,-0.3524,100,272.10583,0.37307,2.23896,0.025,0.0325,0.895,0.0475,0.0,0.0
1,29,21.23,79.39,1.67821,1.3074,0.22774,-0.35974,100,275.67575,0.492,3.42224,0.0275,0.0125,0.915,0.045,0.0,0.0
1,30,21.23,79.41,1.69347,1.33351,0.23171,-0.36648,100,274.923,0.57028,3.11222,0.0125,0.0,0.9775,0.01,0.0,0.0
1,31,21.23,79.43,1.73038,1.34036,0.23336,-0.37069,100,277.98421,0.63103,3.32494,0.0025,0.0025,0.9825,0.0125,0.0,0.0
1,32,21.23,79.45,1.66307,1.32822,0.23505,-0.36218,100,274.91154,0.6603,4.76448,0.0,0.0125,0.97,0.015,0.0025,0.0
1,33,21.23,79.47,1.70553,1.35385,0.2618,-0.38034,100,277.25089,0.6573,3.35201,0.005,0.0075,0.9625,0.02,0.005,0.0
1,34,21.23,79.49,1.68704,1.34311,0.26048,-0.38051,100,277.18901,0.64581,3.67175,0.005,0.0075,0.9775,0.01,0.0,0.0
1,35,21.23,79.51,1.58155,1.34152,0.30694,-0.39655,100,274.74815,0.69311,3.52229,0.0,0.0125,0.96,0.0275,0.0,0.0
1,36,21.23,79.53,1.5729,1.33856,0.2958,-0.38508,100,272.63086,0.64902,4.02987,0.0,0.025,0.97,0.005,0.0,0.0
1,37,21.23,79.55,1.54297,1.34589,0.31855,-0.39397,100,276.92723,0.66902,3.50424,0.0,0.075,0.9025,0.0225,0.0,0.0
1,38,21.23,79.57,1.51906,1.34608,0.3193,-0.39145,100,275.16916,0.63752,3.9638,0.0,0.0475,0.92,0.025,0.0025,0.005
1,39,21.23,79.59,1.55108,1.32335,0.30025,-0.38174,100,271.51518,0.65113,4.02384,0.0025,0.035,0.945,0.0175,0.0,0.0
1,40,21.23,79.61,1.569,1.29751,0.28254,-0.36925,100,272.14433,0.81806,3.43895,0.0,0.085,0.88,0.035,0.0,0.0
1,41,21.23,79.63,1.4367,1.2349,0.26069,-0.3405,100,265.78313,1.04881,4.6613,0.245,0.0675,0.42,0.1875,0.0625,0.0175
1,42,21.23,79.65,1.52151,1.28308,0.30659,-0.37571,100,259.70762,0.63851,3.70634,0.0575,0.08,0.66,0.2,0.0,0.0025
1,43,21.23,79.67,1.48509,1.38653,0.41124,-0.45133,100,250.45441,0.66143,2.11445,0.0375,0.09,0.8225,0.0125,0.01,0.0275
1,44,21.23,79.69,1.49041,1.38681,0.39664,-0.43327,100,250.93232,0.63282,4.15975,0.0775,0.0875,0.695,0.0125,0.0,0.1275
1,45,21.23,79.71,1.40816,1.3893,0.41854,-0.43959,100,250.25528,1.1227,5.47888,0.1225,0.15,0.45,0.025,0.0,0.2525
1,46,21.23,79.73,1.66448,1.3492,0.36431,-0.43211,100,255.68302,1.09546,6.20397,0.33,0.23,0.3525,0.0,0.02,0.0675
1,47,21.23,79.75,1.64313,1.35908,0.35978,-0.42682,100,255.39205,0.85287,4.6799,0.31,0.225,0.4075,0.02,0.0,0.0375
1,48,21.23,79.77,1.63249,1.32821,0.34185,-0.4141,100,258.38796,1.83036,14.39146,0.13,0.055,0.81,0.0025,0.0025,0.0
1,49,21.23,79.79,1.70574,1.27653,0.28595,-0.37848,100,261.56443,0.64958,3.81596,0.01,0.07,0.89,0.0175,0.0,0.0125
1,50,21.23,79.81,1.68654,1.33549,0.34588,-0.41856,100,268.72869,0.98396,6.15042,0.115,0.1625,0.6825,0.01,0.0,0.03
1,51,21.23,79.83,1.75734,1.38332,0.34388,-0.45292,100,323.6933,7.42422,56.52283,0.7525,0.05,0.175,0.0,0.005,0.0175
1,52,21.23,79.85,1.6686,1.39242,0.36839,-0.46081,100,349.54202,5.36793,21.10526,1.0,0.0,0.0,0.0,0.0,0.0
1,53,21.23,79.87,1.67034,1.44767,0.41497,-0.52012,100,394.61264,2.88707,13.37231,1.0,0.0,0.0,0.0,0.0,0.0
1,54,21.23,79.89,1.68938,1.4404,0.39768,-0.52284,100,402.96003,4.51114,20.92569,1.0,0.0,0.0,0.0,0.0,0.0
1,55,21.23,79.91,1.68037,1.43667,0.3745,-0.49556,100,376.51236,7.86921,49.49703,1.0,0.0,0.0,0.0,0.0,0.0
1,56,21.23,79.93,1.6288,1.44847,0.39114,-0.49358,100,326.87478,5.8854,25.36385,1.0,0.0,0.0,0.0,0.0,0.0
1,57,21.23,79.95,1.63121,1.45372,0.39917,-0.49332,100,336.5765,6.29619,24.6663,1.0,0.0,0.0,0.0,0.0,0.0
1,58,21.23,79.97,1.62437,1.47409,0.40348,-0.48593,100,357.40217,7.47348,26.70551,1.0,0.0,0.0,0.0,0.0,0.0
1,59,21.23,79.99,1.73358,1.45996,0.39658,-0.5131,100,414.7145,10.95041,36.27137,1.0,0.0,0.0,0.0,0.0,0.0
1,60,21.23,80.01,1.69296,1.42232,0.38356,-0.49094,100,375.55578,3.47589,21.25141,1.0,0.0,0.0,0.0,0.0,0.0
1,61,21.23,80.03,1.6884,1.44257,0.38562,-0.48933,100,366.75974,5.92243,26.64888,1.0,0.0,0.0,0.0,0.0,0.0
1,62,21.23,80.05,1.75668,1.49542,0.41668,-0.50982,100,327.15565,4.59579,31.42496,0.995,0.005,0.0,0.0,0.0,0.0
1,63,21.23,80.07,1.71183,1.38102,0.3792,-0.46531,100,296.27531,1.12577,5.16855,0.55,0.0325,0.4175,0.0,0.0,0.0
1,64,21.23,80.09,1.72147,1.39097,0.3808,-0.46893,100,300.90862,0.99278,4.04113,0.3325,0.08,0.57,0.0125,0.0,0.005
1,65,21.23,80.11,1.76969,1.434,0.37866,-0.4808,100,299.33478,2.1378,8.30633,0.655,0.1525,0.12,0.0,0.0,0.0725
1,66,21.23,80.13,1.78042,1.40626,0.36522,-0.47339,100,291.45563,1.17955,7.77137,0.535,0.1425,0.3225,0.0,0.0,0.0
1,67,21.23,80.15,1.80533,1.362,0.31157,-0.42684,100,294.43859,1.21847,7.49997,0.125,0.1475,0.695,0.0225,0.0,0.01
1,68,21.23,80.17,1.74503,1.46351,0.38508,-0.49463,100,292.69179,1.5688,10.90946,0.42,0.0575,0.5125,0.005,0.0,0.005
1,69,21.23,80.19,1.72319,1.38013,0.30598,-0.43781,100,300.01746,2.08694,13.29849,0.365,0.1275,0.485,0.0025,0.0,0.02
1,70,21.23,80.21,1.82729,1.32882,0.29092,-0.4305,100,301.10695,2.82204,10.97596,0.4725,0.2275,0.1775,0.0075,0.0,0.115
1,71,21.23,80.23,1.71076,1.40914,0.33126,-0.46006,100,311.32024,2.21773,8.877,0.585,0.1875,0.0075,0.0,0.0,0.22
1,72,21.23,80.25,1.86226,1.38374,0.34519,-0.4717,100,326.2273,1.70152,6.02502,0.7625,0.1275,0.11,0.0,0.0,0.0
1,73,21.23,80.27,1.89175,1.38605,0.35128,-0.47353,100,340.82466,1.08826,4.50261,0.4975,0.065,0.435,0.0025,0.0,0.0
1,74,21.23,80.29,1.75326,1.39509,0.37825,-0.47639,100,344.81429,1.03357,4.97122,0.1925,0.065,0.7225,0.02,0.0,0.0
1,75,21.23,80.31,1.74486,1.38487,0.37671,-0.46535,100,347.7309,0.80268,3.83281,0.08,0.015,0.8925,0.0125,0.0,0.0
1,76,21.23,80.33,1.85865,1.33381,0.29206,-0.43696,100,368.8845,2.7272,18.33886,0.3775,0.1525,0.46,0.005,0.0,0.005
1,77,21.23,80.35,1.888,1.31418,0.28574,-0.44806,100,354.2886,2.99654,16.79674,0.595,0.3225,0.0225,0.0,0.0,0.06
1,78,21.23,80.37,1.81985,1.32907,0.28989,-0.43033,100,343.16539,1.75099,8.87075,0.1925,0.26,0.4625,0.005,0.0,0.08
1,79,21.23,80.39,1.82897,1.32214,0.26885,-0.4198,100,338.89247,1.22223,5.51701,0.07,0.515,0.4,0.0125,0.0,0.0025
1,80,21.23,80.41,1.8074,1.31819,0.28884,-0.42199,100,329.78803,1.28023,5.29384,0.14,0.46,0.3875,0.005,0.0,0.0075
1,81,21.23,80.43,1.06114,1.24246,0.04713,0.01289,100,318.03028,0.54395,2.71163,0.075,0.135,0.205,0.005,0.0,0.58
1,82,21.23,80.45,1.70594,1.41877,0.38891,-0.48077,100,316.30624,1.2126,4.64369,0.51,0.14,0.3425,0.0025,0.005,0.0
1,83,21.23,80.47,1.89572,1.36102,0.31108,-0.46909,100,328.87006,1.82463,9.37723,0.61,0.075,0.315,0.0,0.0,0.0
1,84,21.23,80.49,1.89584,1.31735,0.27833,-0.43207,100,339.3434,2.51207,8.64066,0.6375,0.1975,0.16,0.0,0.0,0.005
1,85,21.23,80.51,1.83624,1.34415,0.30636,-0.4393,100,344.93104,4.19899,20.99718,0.63,0.17,0.185,0.0025,0.0,0.0125
1,86,21.23,80.53,1.8496,1.43545,0.35256,-0.48898,100,374.93927,4.46608,34.00833,0.935,0.0425,0.0225,0.0,0.0,0.0
1,87,21.23,80.55,1.89042,1.35036,0.30829,-0.4498,100,436.9199,8.41317,43.56056,0.705,0.0875,0.2075,0.0,0.0,0.0
1,88,21.23,80.57,1.9522,1.32271,0.27277,-0.42733,100,406.96439,3.28146,20.71811,0.4025,0.1375,0.4475,0.0,0.0,0.0125
1,89,21.23,80.59,1.93489,1.33514,0.2921,-0.43031,100,423.52983,4.97036,26.49243,0.4575,0.13,0.395,0.0075,0.0,0.01
2,0,21.25,78.81,1.60911,1.36263,0.31111,-0.36918,100,379.35802,1.07501,5.42037,0.07,0.185,0.7125,0.0275,0.005,0.0
2,1,21.25,78.83,1.56328,1.347,0.30078,-0.36922,100,370.78425,1.09191,5.68631,0.0175,0.2225,0.7375,0.0175,0.0,0.005
2,2,21.25,78.85,1.53163,1.35686,0.33049,-0.38114,100,354.82407,0.97364,5.43824,0.055,0.17,0.7575,0.0175,0.0,0.0
2,3,21.25,78.87,1.56922,1.3786,0.34417,-0.37922,100,341.37826,0.85947,4.2833,0.0925,0.2475,0.65,0.01,0.0,0.0
2,4,21.25,78.89,1.51998,1.40582,0.38301,-0.40513,100,334.32683,0.60905,3.16341,0.1125,0.1475,0.68,0.0425,0.0175,0.0
2,5,21.25,78.91,1.5723,1.36171,0.30314,-0.36364,100,332.25551,0.71834,3.67004,0.015,0.1325,0.76,0.0825,0.01,0.0
2,6,21.25,78.93,1.49258,1.41747,0.36041,-0.39093,100,323.42823,0.46343,3.0003,0.02,0.07,0.91,0.0,0.0,0.0
2,7,21.25,78.95,1.48848,1.38278,0.32201,-0.37162,100,323.0637,0.47621,3.15858,0.015,0.0775,0.8975,0.01,0.0,0.0
2,8,21.25,78.97,1.56195,1.40059,0.33749,-0.38725,100,329.3174,0.65473,3.77951,0.0175,0.1,0.8725,0.01,0.0,0.0
2,9,21.25,78.99,1.58792,1.37716,0.30498,-0.36984,100,324.78576,0.75632,5.7482,0.0425,0.1875,0.75,0.02,0.0,0.0
2,10,21.25,79.01,1.51342,1.34765,0.28375,-0.35494,100,321.33308,0.74557,4.25009,0.0175,0.09,0.8875,0.005,0.0,0.0
2,11,21.25,79.03,1.46161,1.34867,0.2925,-0.35842,100,309.8049,0.61575,3.62199,0.01,0.0975,0.885,0.0075,0.0,0.0
2,12,21.25,79.05,1.46002,1.30121,0.24918,-0.33197,100,308.31276,0.85446,4.23951,0.025,0.2575,0.6875,0.025,0.0,0.005
2,13,21.25,79.07,1.45593,1.30896,0.25888,-0.34307,86,301.13908,0.71706,4.01735,0.14,0.1375,0.6525,0.07,0.0,0.0
2,14,21.25,79.09,1.2421,1.33513,0.37231,-0.3764,100,300.80256,1.1761,7.12643,0.315,0.125,0.125,0.3525,0.01,0.0725
2,15,21.25,79.11,1.24726,1.36441,0.41923,-0.43729,100,300.2761,1.61322,11.46524,0.5025,0.1875,0.1875,0.065,0.0225,0.035
2,16,21.25,79.13,1.45871,1.29388,0.3324,-0.385,100,293.13993,1.51826,6.73485,0.2775,0.2925,0.3825,0.04,0.005,0.0025
2,17,21.25,79.15,1.44273,1.25899,0.33546,-0.38009,100,286.01994,1.37148,6.10574,0.3325,0.1725,0.3675,0.065,0.035,0.0275
2,18,21.25,79.17,1.5066,1.20977,0.26781,-0.35431,100,278.7004,1.79998,5.48432,0.195,0.2125,0.345,0.0025,0.12,0.125
2,19,21.25,79.19,1.49287,1.19773,0.24625,-0.33237,100,276.0689,3.27521,22.92794,0.21,0.12,0.475,0.0225,0.1025,0.07
2,20,21.25,79.21,1.43429,1.22282,0.27365,-0.34905,100,282.8792,3.08939,13.38183,0.19,0.1775,0.44,0.05,0.1425,0.0
2,21,21.25,79.23,1.41888,1.23806,0.28508,-0.34939,100,276.08265,3.40146,19.30973,0.1825,0.1825,0.365,0.18,0.085,0.005
2,22,21.25,79.25,1.55247,1.28573,0.25515,-0.35039,100,285.95775,0.54785,2.38627,0.0325,0.06,0.79,0.115,0.0025,0.0
2,23,21.25,79.27,1.65086,1.29107,0.23115,-0.35372,100,283.71877,0.52494,2.92336,0.03,0.015,0.9425,0.0125,0.0,0.0
2,24,21.25,79.29,1.71418,1.3025,0.21418,-0.3518,100,286.32032,0.39263,2.61341,0.0025,0.0025,0.98,0.015,0.0,0.0
2,25,21.25,79.31,1.65591,1.29514,0.21938,-0.35027,100,280.99318,0.46081,2.84328,0.0075,0.0025,0.9725,0.0175,0.0,0.0
2,26,21.25,79.33,1.64841,1.30008,0.22844,-0.35043,100,282.07322,0.60737,3.94596,0.01,0.0075,0.97,0.01,0.0025,0.0
2,27,21.25,79.35,1.66775,1.29263,0.22052,-0.34896,100,283.29299,0.5401,3.88131,0.0125,0.025,0.94,0.0225,0.0,0.0
2,28,21.25,79.37,1.64445,1.28459,0.23621,-0.35758,100,277.0474,0.39103,3.15949,0.01,0.1225,0.8025,0.0625,0.0,0.0025
2,29,21.25,79.39,1.65302,1.28891,0.21784,-0.34876,100,275.65992,0.44514,2.8967,0.0125,0.015,0.9625,0.01,0.0,0.0
2,30,21.25,79.41,1.6581,1.29867,0.23427,-0.35445,100,283.68014,0.5948,3.60522,0.025,0.02,0.89,0.065,0.0,0.0
2,31,21.25,79.43,1.7153,1.34468,0.24527,-0.37138,100,283.31707,0.60791,3.96316,0.02,0.01,0.95,0.02,0.0,0.0
2,32,21.25,79.45,1.69084,1.34187,0.26046,-0.37648,100,280.5929,0.67775,3.87263,0.0125,0.03,0.95,0.005,0.0,0.0025
2,33,21.25,79.47,1.65018,1.37065,0.28948,-0.40132,100,283.25694,0.72673,4.01634,0.005,0.0225,0.97,0.0025,0.0,0.0
2,34,21.25,79.49,1.64798,1.37342,0.29806,-0.3991,100,285.05942,0.55691,2.91993,0.0,0.0275,0.9625,0.01,0.0,0.0
2,35,21.25,79.51,1.58457,1.36844,0.31534,-0.40634,100,277.98553,0.54109,3.1917,0.005,0.0325,0.9575,0.005,0.0,0.0
2,36,21.25,79.53,1.58616,1.34276,0.29544,-0.38401,100,276.24054,0.62409,3.87701,0.0025,0.03,0.965,0.0025,0.0,0.0
2,37,21.25,79.55,1.57769,1.35168,0.30488,-0.39288,100,274.33803,0.58596,4.61184,0.02,0.03,0.8775,0.0725,0.0,0.0
2,38,21.25,79.57,1.50708,1.37661,0.33937,-0.41019,100,271.31197,0.4575,3.37174,0.0,0.005,0.995,0.0,0.0,0.0
2,39,21.25,79.59,1.52053,1.3529,0.32949,-0.40084,100,267.67806,0.48206,3.17272,0.0025,0.0075,0.9875,0.0025,0.0,0.0
2,40,21.25,79.61,1.54953,1.32042,0.30583,-0.38304,100,268.97614,0.60338,3.81786,0.025,0.04,0.9,0.035,0.0,0.0
2,41,21.25,79.63,1.57872,1.29433,0.28974,-0.37716,100,267.68874,0.69789,3.79008,0.005,0.0275,0.95,0.0175,0.0,0.0
2,42,21.25,79.65,1.55282,1.32026,0.31682,-0.38966,100,261.13005,0.67537,3.80242,0.015,0.0275,0.8925,0.0575,0.0025,0.005
2,43,21.25,79.67,1.50495,1.37218,0.39771,-0.4377,100,253.63871,0.60146,2.73624,0.0375,0.075,0.85,0.015,0.0225,0.0
2,44,21.25,79.69,1.45962,1.42978,0.46149,-0.47127,100,252.62288,0.51206,2.36576,0.04,0.105,0.83,0.015,0.0075,0.0025
2,45,21.25,79.71,1.48518,1.42181,0.45286,-0.45942,100,255.0385,0.22361,1.09747,0.01,0.0275,0.9475,0.0125,0.0025,0.0
2,46,21.25,79.73,1.51846,1.37644,0.41523,-0.45065,100,251.32313,0.89618,4.16822,0.0825,0.12,0.5675,0.06,0.0375,0.1325
2,47,21.25,79.75,1.64716,1.23825,0.31749,-0.40029,100,250.21008,1.06647,4.3351,0.0375,0.175,0.3975,0.0,0.1625,0.2275
2,48,21.25,79.77,1.5452,1.36054,0.39274,-0.44034,100,254.24908,0.75671,2.93749,0.04,0.085,0.785,0.0125,0.0325,0.045
2,49,21.25,79.79,1.6098,1.35982,0.36895,-0.43275,100,256.70583,0.42085,2.13983,0.0075,0.0025,0.9575,0.0325,0.0,0.0
2,50,21.25,79.81,1.66581,1.31923,0.33484,-0.40779,100,261.50155,0.47728,2.35421,0.0125,0.0275,0.885,0.06,0.0,0.015
2,51,21.25,79.83,1.59982,1.37508,0.39329,-0.44655,100,270.14733,0.59483,3.78576,0.1,0.035,0.785,0.0075,0.0,0.0725
2,52,21.25,79.85,1.69573,1.40025,0.37911,-0.46434,100,308.03693,6.09307,36.90995,0.6825,0.085,0.225,0.0,0.0025,0.005
2,53,21.25,79.87,1.7138,1.43165,0.40256,-0.5064,100,359.3675,6.18756,45.39469,0.9325,0.0475,0.015,0.0,0.0,0.005
2,54,21.25,79.89,1.68868,1.42549,0.40742,-0.51331,100,365.66666,6.80873,38.91336,0.92,0.0625,0.0025,0.0,0.0,0.015
2,55,21.25,79.91,1.65859,1.45418,0.40383,-0.50197,100,364.68671,8.4935,37.47341,0.9975,0.0025,0.0,0.0,0.0,0.0
2,56,21.25,79.93,1.63173,1.45345,0.39322,-0.49391,100,336.44045,4.06951,15.89859,1.0,0.0,0.0,0.0,0.0,0.0
2,57,21.25,79.95,1.73149,1.45296,0.37252,-0.49243,100,358.25616,6.8655,33.15574,1.0,0.0,0.0,0.0,0.0,0.0
2,58,21.25,79.97,1.64228,1.45963,0.38753,-0.49604,100,331.16681,2.71697,11.96576,1.0,0.0,0.0,0.0,0.0,0.0
2,59,21.25,79.99,1.66272,1.46224,0.41259,-0.51938,100,386.00055,10.39961,37.96336,1.0,0.0,0.0,0.0,0.0,0.0
2,60,21.25,80.01,1.68642,1.47173,0.40222,-0.51733,100,387.1225,6.61788,28.42225,1.0,0.0,0.0,0.0,0.0,0.0
2,61,21.25,80.03,1.68279,1.42297,0.35553,-0.4775,100,364.79693,2.32751,7.76962,0.98,0.01,0.0,0.0,0.0,0.01
2,62,21.25,80.05,1.7979,1.48923,0.40544,-0.50925,100,359.2825,6.51137,34.03721,0.985,0.01,0.0,0.0,0.0,0.005
2,63,21.25,80.07,1.73993,1.43933,0.39159,-0.50392,100,308.54466,1.37589,7.66056,0.7725,0.0425,0.125,0.0075,0.0,0.0525
2,64,21.25,80.09,1.75264,1.43804,0.3937,-0.49414,100,311.74985,1.68296,9.61901,0.7275,0.05,0.18,0.0125,0.0,0.03
2,65,21.25,80.11,1.77601,1.46731,0.37917,-0.48825,100,316.2692,1.71164,7.61447,0.9275,0.0675,0.005,0.0,0.0,0.0
2,66,21.25,80.13,1.75917,1.45141,0.37099,-0.48091,100,306.46099,1.58764,7.73735,0.915,0.0775,0.0075,0.0,0.0,0.0
2,67,21.25,80.15,1.85628,1.45403,0.36867,-0.48145,100,300.88571,1.40655,6.62559,0.89,0.1025,0.0075,0.0,0.0,0.0
2,68,21.25,80.17,1.91296,1.45701,0.35021,-0.48137,100,314.9643,2.18523,10.17341,0.9675,0.0325,0.0,0.0,0.0,0.0
2,69,21.25,80.19,1.82491,1.37657,0.31767,-0.44635,100,312.43292,2.42802,11.75814,0.8275,0.1725,0.0,0.0,0.0,0.0
2,70,21.25,80.21,1.76215,1.37051,0.30955,-0.44266,100,317.95625,2.46851,10.19713,0.9375,0.0625,0.0,0.0,0.0,0.0
2,71,21.25,80.23,1.85391,1.42556,0.37026,-0.47971,100,319.73412,2.83435,13.05604,0.8975,0.0725,0.0075,0.0,0.0,0.0225
2,72,21.25,80.25,1.81504,1.39013,0.35958,-0.4745,100,333.64421,1.27197,4.60022,0.525,0.1,0.3625,0.0025,0.0,0.01
2,73,21.25,80.27,1.54486,1.49377,0.48028,-0.4988,100,334.55113,0.67129,3.59723,0.075,0.0725,0.8025,0.03,0.0025,0.0175
2,74,21.25,80.29,1.65203,1.43057,0.44238,-0.50306,100,339.32748,0.70404,3.2879,0.105,0.06,0.8225,0.0125,0.0,0.0
2,75,21.25,80.31,1.79383,1.36615,0.3298,-0.44592,100,348.30632,0.9282,3.77361,0.1325,0.2175,0.5725,0.0275,0.0,0.05
2,76,21.25,80.33,1.98964,1.36001,0.29401,-0.44832,100,359.17561,1.72071,6.03503,0.555,0.375,0.0525,0.0,0.0,0.0175
2,77,21.25,80.35,1.8868,1.33696,0.29408,-0.44467,100,349.26542,1.98808,8.67577,0.595,0.2975,0.1025,0.0,0.0,0.005
2,78,21.25,80.37,1.97136,1.32269,0.28203,-0.44654,100,342.14943,1.31315,5.43547,0.4125,0.4575,0.1125,0.0,0.0,0.0175
2,79,21.25,80.39,1.93877,1.34929,0.28334,-0.44193,100,335.80887,1.36718,6.47869,0.2475,0.6625,0.09,0.0,0.0,0.0
2,80,21.25,80.41,1.76873,1.35818,0.27243,-0.40122,100,329.59955,0.90221,4.27789,0.0275,0.19,0.7375,0.025,0.0025,0.0175
2,81,21.25,80.43,1.51183,1.42213,0.39015,-0.46827,100,321.52653,0.98552,3.95522,0.08,0.1875,0.6425,0.0175,0.0,0.0725
2,82,21.25,80.45,1.84397,1.32955,0.29159,-0.44132,100,318.98229,1.8411,7.51303,0.59,0.2075,0.2,0.0,0.0,0.0025
2,83,21.25,80.47,1.45246,1.52323,0.52351,-0.51199,100,315.30867,1.30133,6.3555,0.2875,0.0575,0.635,0.015,0.0,0.005
2,84,21.25,80.49,1.79611,1.33129,0.3136,-0.43983,100,321.34853,1.70543,7.57983,0.2975,0.155,0.53,0.005,0.0,0.0125
2,85,21.25,80.51,1.69739,1.37824,0.34628,-0.46842,100,334.05302,2.94592,13.42947,0.4925,0.1325,0.28,0.0,0.0,0.095
2,86,21.25,80.53,1.8511,1.35518,0.32579,-0.45837,100,353.3138,3.04762,13.23094,0.73,0.1475,0.1175,0.0,0.0,0.005
2,87,21.25,80.55,1.73785,1.48378,0.39033,-0.48133,100,421.80275,7.27791,55.31729,0.9,0.1,0.0,0.0,0.0,0.0
2,88,21.25,80.57,1.87066,1.40349,0.34542,-0.47548,100,418.33553,5.78407,40.08786,0.8125,0.08,0.1075,0.0,0.0,0.0
2,89,21.25,80.59,1.81769,1.56895,0.44879,-0.51516,100,448.43731,8.22377,53.29166,0.845,0.0425,0.1125,0.0,0.0,0.0
3,0,21.27,78.81,1.49272,1.39383,0.38829,-0.42007,100,365.52575,0.86936,6.51597,0.0975,0.125,0.725,0.0525,0.0,0.0
3,1,21.27,78.83,1.49685,1.41289,0.39388,-0.41595,100,356.35153,0.72813,5.32554,0.1225,0.08,0.795,0.0025,0.0,0.0
3,2,21.27,78.85,1.4992,1.41947,0.39952,-0.42855,100,351.0191,1.07972,4.99884,0.0775,0.215,0.705,0.0025,0.0,0.0
3,3,21.27,78.87,1.50186,1.44847,0.41635,-0.43087,100,339.93105,0.58002,3.39128,0.105,0.0875,0.7825,0.025,0.0,0.0
3,4,21.27,78.89,1.50771,1.43607,0.3992,-0.41963,100,332.37159,0.45697,2.86016,0.0925,0.03,0.8775,0.0,0.0,0.0
3,5,21.27,78.91,1.50478,1.42537,0.38903,-0.40859,100,327.09827,0.60721,2.37936,0.0575,0.0825,0.835,0.025,0.0,0.0
3,6,21.27,78.93,1.47573,1.42384,0.39655,-0.40924,100,320.53947,0.48359,2.03897,0.1175,0.0375,0.8225,0.0225,0.0,0.0
3,7,21.27,78.95,1.53064,1.39771,0.35705,-0.39088,100,319.98656,0.57146,3.41684,0.06,0.145,0.785,0.01,0.0,0.0
3,8,21.27,78.97,1.56679,1.3797,0.34176,-0.38398,100,327.44066,0.83944,5.88175,0.02,0.1,0.86,0.015,0.0,0.005
3,9,21.27,78.99,1.56127,1.34362,0.31606,-0.36852,100,316.82083,0.54412,4.27509,0.0,0.0175,0.975,0.0075,0.0,0.0
3,10,21.27,79.01,1.55026,1.32736,0.28194,-0.34155,100,312.05524,0.49915,2.86519,0.0025,0.0325,0.9525,0.0125,0.0,0.0
3,11,21.27,79.03,1.48635,1.32503,0.27772,-0.33763,100,309.34432,0.61282,3.2587,0.0,0.0525,0.9375,0.01,0.0,0.0
3,12,21.27,79.05,1.41258,1.36712,0.33041,-0.37757,100,300.81123,0.6261,2.91601,0.0675,0.1425,0.765,0.025,0.0,0.0
3,13,21.27,79.07,1.4215,1.34456,0.33726,-0.38008,100,295.93161,0.48969,2.40265,0.075,0.14,0.735,0.025,0.0,0.025
3,14,21.27,79.09,1.36149,1.33453,0.39534,-0.42109,100,292.48938,0.96069,2.70059,0.295,0.15,0.3875,0.1175,0.005,0.045
3,15,21.27,79.11,1.32209,1.28922,0.36521,-0.40102,100,291.38148,1.08013,3.99756,0.28,0.2075,0.2175,0.285,0.01,0.0
3,16,21.27,79.13,1.31442,1.21937,0.30312,-0.34205,100,289.49017,1.45455,5.12188,0.2275,0.09,0.345,0.2575,0.0175,0.0625
3,17,21.27,79.15,1.43421,1.15901,0.22855,-0.2893,100,284.23105,1.17373,3.95644,0.09,0.2625,0.3,0.0275,0.245,0.075
3,18,21.27,79.17,1.48553,1.18126,0.25732,-0.32157,100,281.34559,1.43335,5.07183,0.1175,0.2725,0.3075,0.05,0.1525,0.1
3,19,21.27,79.19,1.34145,1.17323,0.21703,-0.27651,100,290.26952,2.98673,18.05308,0.1375,0.2225,0.2425,0.0125,0.3725,0.0125
3,20,21.27,79.21,1.49613,1.25927,0.29193,-0.35911,100,287.63989,1.82935,12.34924,0.2425,0.1875,0.48,0.0175,0.0725,0.0
3,21,21.27,79.23,1.52958,1.30469,0.3034,-0.36719,100,287.17413,0.61117,3.50999,0.025,0.055,0.875,0.0425,0.0025,0.0
3,22,21.27,79.25,1.62158,1.2756,0.22983,-0.34648,100,290.47663,0.40403,3.19153,0.0075,0.0075,0.975,0.005,0.0,0.005
3,23,21.27,79.27,1.65229,1.27748,0.21797,-0.34273,100,288.88434,0.36378,2.48797,0.0025,0.01,0.975,0.0125,0.0,0.0
3,24,21.27,79.29,1.68783,1.27856,0.21244,-0.34702,100,284.37699,0.41124,2.25308,0.005,0.0125,0.9625,0.02,0.0,0.0
3,25,21.27,79.31,1.70545,1.2924,0.21868,-0.35185,100,286.21456,0.48957,3.16691,0.0,0.0,1.0,0.0,0.0,0.0
3,26,21.27,79.33,1.61717,1.28414,0.23973,-0.34844,100,290.24926,0.58739,2.66695,0.0,0.0375,0.9125,0.05,0.0,0.0
3,27,21.27,79.35,1.67379,1.29931,0.22729,-0.35227,100,284.22899,0.56074,4.21886,0.01,0.005,0.985,0.0,0.0,0.0
3,28,21.27,79.37,1.65619,1.30701,0.23836,-0.36169,100,278.95879,0.428,2.84165,0.0125,0.01,0.955,0.0225,0.0,0.0
3,29,21.27,79.39,1.67439,1.31047,0.23693,-0.35933,100,279.75882,0.6093,3.85894,0.0175,0.005,0.97,0.0075,0.0,0.0
3,30,21.27,79.41,1.70799,1.30053,0.21532,-0.35003,100,287.04621,0.57628,3.56952,0.0025,0.015,0.9625,0.0175,0.0,0.0025
3,31,21.27,79.43,1.6928,1.31115,0.22685,-0.35751,100,286.3788,0.44521,3.20934,0.0,0.0075,0.975,0.0175,0.0,0.0
3,32,21.27,79.45,1.68338,1.33403,0.25781,-0.37979,100,284.69669,0.52932,3.51401,0.0225,0.0325,0.94,0.005,0.0,0.0
3,33,21.27,79.47,1.64924,1.35208,0.27872,-0.38683,100,282.44974,0.6364,4.50305,0.0225,0.03,0.9125,0.035,0.0,0.0
3,34,21.27,79.49,1.62986,1.37622,0.31035,-0.40747,100,277.52698,0.53118,4.24509,0.02,0.0025,0.9775,0.0,0.0,0.0
3,35,21.27,79.51,1.54357,1.37404,0.35053,-0.4248,100,274.31568,0.68458,3.81454,0.04,0.0475,0.8775,0.035,0.0,0.0
3,36,21.27,79.53,1.53384,1.38765,0.37332,-0.44006,100,269.20629,0.40231,1.6539,0.025,0.05,0.885,0.04,0.0,0.0
3,37,21.27,79.55,1.53388,1.39918,0.37722,-0.42834,100,266.1662,0.33137,1.40855,0.04,0.0725,0.8825,0.0025,0.0025,0.0
3,38,21.27,79.57,1.46776,1.4046,0.42851,-0.46534,100,263.81853,0.41245,1.35077,0.04,0.1,0.8325,0.02,0.0075,0.0
3,39,21.27,79.59,1.42199,1.46888,0.50015,-0.505,100,262.35945,0.53915,1.66657,0.045,0.085,0.8225,0.03,0.0075,0.01
3,40,21.27,79.61,1.46213,1.43271,0.4508,-0.47559,100,260.28073,0.5289,1.88381,0.045,0.1,0.845,0.0075,0.0,0.0025
3,41,21.27,79.63,1.5347,1.36113,0.37916,-0.42751,100,258.81106,0.63951,2.22237,0.0775,0.1225,0.7575,0.035,0.0075,0.0
3,42,21.27,79.65,1.59331,1.31031,0.30182,-0.38989,100,259.11439,0.6473,3.80835,0.0325,0.07,0.87,0.0225,0.0025,0.0025
3,43,21.27,79.67,1.54373,1.31953,0.34931,-0.40087,100,255.63938,0.60721,2.79923,0.0475,0.0475,0.885,0.0175,0.0025,0.0
3,44,21.27,79.69,1.566,1.33781,0.36472,-0.41782,100,253.55403,0.66555,2.48052,0.0125,0.1425,0.7975,0.03,0.015,0.0025
3,45,21.27,79.71,1.62159,1.30246,0.27695,-0.36296,100,257.64688,0.24981,2.11558,0.0025,0.0225,0.97,0.005,0.0,0.0
3,46,21.27,79.73,1.64438,1.28942,0.26397,-0.35557,100,259.31112,0.35005,2.98771,0.0,0.0075,0.9925,0.0,0.0,0.0
3,47,21.27,79.75,1.64648,1.31619,0.32226,-0.39187,100,254.42324,0.98374,6.12915,0.065,0.115,0.565,0.005,0.09,0.16
3,48,21.27,79.77,1.52863,1.42157,0.43402,-0.46793,100,256.31795,0.57549,3.31397,0.035,0.0425,0.8025,0.05,0.045,0.025
3,49,21.27,79.79,1.52827,1.405,0.41103,-0.44645,100,257.58698,0.24314,0.71339,0.0175,0.0025,0.98,0.0,0.0,0.0
3,50,21.27,79.81,1.69638,1.30573,0.28633,-0.37999,100,263.49322,0.56843,3.2075,0.0,0.0575,0.8475,0.0775,0.0,0.0175
3,51,21.27,79.83,1.7121,1.32983,0.29065,-0.38626,100,268.94192,0.65519,3.06479,0.01,0.1825,0.805,0.0025,0.0,0.0
3,52,21.27,79.85,1.60563,1.39853,0.40407,-0.45619,100,277.30007,0.68055,4.05457,0.0925,0.0925,0.795,0.02,0.0,0.0
3,53,21.27,79.87,1.65212,1.43456,0.43028,-0.48779,100,284.92307,0.99184,6.40658,0.605,0.07,0.325,0.0,0.0,0.0
3,54,21.27,79.89,1.61151,1.41684,0.41824,-0.48383,100,292.60817,1.58146,8.29983,0.4375,0.035,0.4625,0.0025,0.0,0.0625
3,55,21.27,79.91,1.70414,1.42096,0.37419,-0.47856,100,333.90096,7.35079,43.60966,0.8475,0.06,0.045,0.0,0.0,0.0475
3,56,21.27,79.93,1.66161,1.4506,0.38945,-0.48549,100,343.87414,5.63463,27.76771,0.9825,0.0175,0.0,0.0,0.0,0.0
3,57,21.27,79.95,1.66416,1.41284,0.36694,-0.46688,100,316.62665,2.96223,17.08921,0.6425,0.185,0.16,0.0,0.0,0.0125
3,58,21.27,79.97,1.62576,1.43903,0.38826,-0.48843,100,316.88141,1.60394,8.71732,0.8875,0.105,0.0075,0.0,0.0,0.0
3,59,21.27,79.99,1.63757,1.46059,0.4165,-0.50983,100,346.247,4.17347,27.32945,0.9975,0.0025,0.0,0.0,0.0,0.0
3,60,21.27,80.01,1.64561,1.47968,0.43051,-0.5191,100,393.144,8.69204,37.69126,1.0,0.0,0.0,0.0,0.0,0.0
3,61,21.27,80.03,1.66513,1.45037,0.38414,-0.49299,100,389.35781,6.54103,25.74305,1.0,0.0,0.0,0.0,0.0,0.0
3,62,21.27,80.05,1.74261,1.53056,0.4405,-0.52001,100,397.18383,8.1002,33.32833,1.0,0.0,0.0,0.0,0.0,0.0
3,63,21.27,80.07,1.72857,1.50288,0.4314,-0.51299,100,333.277,3.16748,12.47847,1.0,0.0,0.0,0.0,0.0,0.0
3,64,21.27,80.09,1.72167,1.49491,0.39778,-0.50069,100,338.79808,2.05253,8.8097,1.0,0.0,0.0,0.0,0.0,0.0
3,65,21.27,80.11,1.72443,1.46963,0.38693,-0.48753,100,328.26422,1.89374,8.01231,0.945,0.0325,0.0025,0.0,0.0,0.02
3,66,21.27,80.13,1.75118,1.46464,0.37647,-0.48266,100,318.20917,2.18224,8.86626,0.86,0.0575,0.0125,0.0,0.0,0.07
3,67,21.27,80.15,1.85133,1.41109,0.34061,-0.46997,100,310.52431,1.79689,10.51817,0.665,0.07,0.26,0.0025,0.0,0.0025
3,68,21.27,80.17,1.95161,1.48274,0.38077,-0.49333,100,324.93583,1.70185,11.80545,0.98,0.02,0.0,0.0,0.0,0.0
3,69,21.27,80.19,1.80815,1.39382,0.34185,-0.4528,100,320.92531,2.1996,11.33533,0.855,0.145,0.0,0.0,0.0,0.0
3,70,21.27,80.21,1.86293,1.32959,0.3001,-0.4336,100,320.01591,1.25873,6.16666,0.5775,0.2875,0.135,0.0,0.0,0.0
3,71,21.27,80.23,1.813,1.38625,0.36654,-0.47017,100,327.56012,0.95781,4.08867,0.335,0.125,0.5225,0.015,0.0,0.0025
3,72,21.27,80.25,1.53565,1.39661,0.34387,-0.43175,100,329.07779,0.70624,3.43948,0.0725,0.11,0.57,0.0075,0.0025,0.2375
3,73,21.27,80.27,1.62036,1.42911,0.43656,-0.49334,100,335.49558,0.83749,4.04251,0.105,0.0825,0.7,0.03,0.0,0.0825
3,74,21.27,80.29,1.72316,1.41103,0.41848,-0.4911,100,343.4621,0.74725,3.96868,0.11,0.0525,0.8225,0.015,0.0,0.0
3,75,21.27,80.31,1.87068,1.37059,0.3275,-0.46054,100,342.1616,1.35366,6.38538,0.3075,0.2475,0.415,0.0,0.0,0.03
3,76,21.27,80.33,2.0071,1.37712,0.3202,-0.45991,100,347.75472,2.05807,10.38426,0.5975,0.3375,0.06,0.0,0.0,0.005
3,77,21.27,80.35,1.93479,1.34385,0.29858,-0.44344,100,339.17697,1.30337,5.16848,0.4925,0.255,0.2375,0.005,0.0,0.01
3,78,21.27,80.37,1.84152,1.35357,0.30815,-0.43859,100,330.34963,1.11369,4.11379,0.2025,0.3575,0.42,0.0175,0.0,0.0025
3,79,21.27,80.39,1.7152,1.4439,0.41084,-0.45961,100,322.68322,0.9737,4.60468,0.055,0.305,0.5775,0.0225,0.0025,0.0375
3,80,21.27,80.41,1.69343,1.37689,0.31487,-0.4127,100,319.68572,1.05577,5.46979,0.07,0.24,0.6225,0.0475,0.005,0.015
3,81,21.27,80.43,1.36053,1.55779,0.53503,-0.49774,100,314.30139,0.53394,3.47652,0.055,0.005,0.93,0.01,0.0,0.0
3,82,21.27,80.45,1.7401,1.34538,0.30558,-0.42972,100,314.52073,1.17403,5.57538,0.2575,0.245,0.4875,0.005,0.0,0.005
3,83,21.27,80.47,1.54238,1.46097,0.43935,-0.46424,100,310.09448,1.094,3.229,0.3525,0.085,0.54,0.0175,0.0025,0.0025
3,84,21.27,80.49,1.77548,1.3643,0.33628,-0.45011,100,321.936,1.55883,9.88295,0.2,0.1675,0.595,0.015,0.0,0.0225
3,85,21.27,80.51,1.90001,1.35712,0.3144,-0.45894,100,339.52228,2.30934,10.00463,0.6025,0.1525,0.24,0.0,0.0,0.005
3,86,21.27,80.53,1.85484,1.35037,0.3246,-0.44991,100,349.61053,2.08613,7.48263,0.6125,0.095,0.2825,0.0025,0.0,0.0075
3,87,21.27,80.55,1.77689,1.46417,0.36649,-0.4735,100,362.10391,2.54954,12.04412,0.96,0.02,0.02,0.0,0.0,0.0
3,88,21.27,80.57,1.82503,1.41035,0.33981,-0.4588,100,390.84153,4.97498,29.16688,0.7525,0.095,0.15,0.0025,0.0,0.0
3,89,21.27,80.59,1.83581,1.39443,0.32488,-0.4372,100,388.23212,1.83196,11.78643,0.3925,0.15,0.4375,0.0175,0.0,0.0025
4,0,21.29,78.81,1.4758,1.43241,0.43031,-0.4466,100,358.75913,0.92936,5.99018,0.285,0.0875,0.6025,0.025,0.0,0.0
4,1,21.29,78.83,1.49872,1.44927,0.42884,-0.44981,100,350.47789,0.72779,3.51717,0.23,0.0375,0.725,0.0075,0.0,0.0
4,2,21.29,78.85,1.54342,1.43082,0.41736,-0.43774,100,342.94072,1.0112,3.63582,0.1625,0.145,0.68,0.0125,0.0,0.0
4,3,21.29,78.87,1.52375,1.46558,0.4543,-0.46345,100,335.83535,0.93708,3.47377,0.2025,0.095,0.6925,0.01,0.0,0.0
4,4,21.29,78.89,1.49567,1.50687,0.46796,-0.46194,100,330.39958,0.65132,3.00129,0.1975,0.0925,0.7,0.01,0.0,0.0
4,5,21.29,78.91,1.49279,1.49009,0.45981,-0.46273,100,326.48661,0.69862,3.05324,0.0925,0.105,0.76,0.0275,0.015,0.0
4,6,21.29,78.93,1.53338,1.45817,0.42923,-0.44012,100,319.22441,0.55553,2.44926,0.1275,0.01,0.8475,0.015,0.0,0.0
4,7,21.29,78.95,1.55209,1.44404,0.40908,-0.42405,100,314.25475,0.74631,3.21954,0.1175,0.195,0.6825,0.005,0.0,0.0
4,8,21.29,78.97,1.54042,1.43782,0.4211,-0.43221,100,314.77619,0.56759,3.52159,0.02,0.0225,0.915,0.0425,0.0,0.0
4,9,21.29,78.99,1.57907,1.39101,0.36938,-0.40222,100,308.45265,0.40418,2.24711,0.0,0.04,0.96,0.0,0.0,0.0
4,10,21.29,79.01,1.47298,1.44813,0.39687,-0.41692,100,306.06376,0.43273,2.5145,0.01,0.0375,0.94,0.0125,0.0,0.0
4,11,21.29,79.03,1.49671,1.40204,0.36293,-0.3926,100,305.54467,0.71003,4.02316,0.0,0.0375,0.9625,0.0,0.0,0.0
4,12,21.29,79.05,1.42321,1.42427,0.38358,-0.41062,100,300.51709,0.8832,6.10512,0.0125,0.1475,0.8375,0.0025,0.0,0.0
4,13,21.29,79.07,1.41755,1.3662,0.36531,-0.40229,100,294.0218,0.95561,3.07172,0.1475,0.0775,0.665,0.1075,0.0025,0.0
4,14,21.29,79.09,1.4677,1.27337,0.35923,-0.40361,100,294.17915,0.65784,2.27684,0.045,0.1275,0.6875,0.1375,0.0025,0.0
4,15,21.29,79.11,1.42524,1.28872,0.3597,-0.39748,100,295.01601,0.94826,4.05658,0.205,0.07,0.55,0.175,0.0,0.0
4,16,21.29,79.13,1.43729,1.29928,0.37531,-0.40647,100,287.81336,1.80719,5.39449,0.305,0.1525,0.355,0.0625,0.0475,0.0775
4,17,21.29,79.15,1.4736,1.24243,0.31735,-0.38022,100,286.41986,0.83871,2.63455,0.12,0.1625,0.4725,0.0125,0.23,0.0025
4,18,21.29,79.17,1.47347,1.3113,0.37045,-0.41049,100,285.25639,0.93284,3.71935,0.1325,0.0225,0.7675,0.0175,0.0475,0.0125
4,19,21.29,79.19,1.54684,1.2591,0.32418,-0.38813,100,286.44599,1.33567,4.33838,0.235,0.14,0.535,0.0025,0.0475,0.04
4,20,21.29,79.21,1.52234,1.25492,0.27738,-0.35099,100,288.96159,0.67352,3.30731,0.06,0.03,0.8775,0.0175,0.015,0.0
4,21,21.29,79.23,1.58482,1.29665,0.26304,-0.3582,100,293.98544,0.3661,2.39037,0.0175,0.0325,0.915,0.035,0.0,0.0
4,22,21.29,79.25,1.69459,1.28581,0.21315,-0.34345,100,295.48363,0.39122,2.76017,0.0025,0.005,0.9925,0.0,0.0,0.0
4,23,21.29,79.27,1.64075,1.27857,0.22932,-0.35105,100,288.20794,0.43353,2.03906,0.0,0.0075,0.97,0.0225,0.0,0.0
4,24,21.29,79.29,1.68441,1.27264,0.21126,-0.34032,100,293.12558,0.52082,4.08756,0.0,0.0,1.0,0.0,0.0,0.0
4,25,21.29,79.31,1.67072,1.27893,0.2194,-0.34715,100,293.20869,0.54466,2.83093,0.0025,0.015,0.98,0.0025,0.0,0.0
4,26,21.29,79.33,1.64198,1.27373,0.22703,-0.34792,100,285.00013,0.47542,2.96395,0.01,0.0075,0.95,0.0325,0.0,0.0
4,27,21.29,79.35,1.6794,1.29386,0.22409,-0.35151,100,283.08964,0.35801,2.63725,0.01,0.0025,0.9875,0.0,0.0,0.0
4,28,21.29,79.37,1.66663,1.29608,0.22592,-0.35353,100,283.99556,0.53958,3.1454,0.01,0.0025,0.98,0.0075,0.0,0.0
4,29,21.29,79.39,1.72064,1.31008,0.2135,-0.34816,100,287.75543,0.62468,3.86002,0.005,0.0025,0.9925,0.0,0.0,0.0
4,30,21.29,79.41,1.68959,1.31565,0.22369,-0.35614,100,287.85009,0.50164,2.77773,0.015,0.0175,0.9525,0.015,0.0,0.0
4,31,21.29,79.43,1.65591,1.3221,0.23359,-0.36163,100,283.70434,0.45459,2.68668,0.0025,0.01,0.9875,0.0,0.0,0.0
4,32,21.29,79.45,1.65625,1.32076,0.2667,-0.38078,100,281.54985,0.47059,3.24814,0.005,0.005,0.98,0.01,0.0,0.0
4,33,21.29,79.47,1.66281,1.32901,0.27464,-0.38656,100,279.08829,0.39407,3.77511,0.015,0.0125,0.9625,0.01,0.0,0.0
4,34,21.29,79.49,1.58286,1.37364,0.33404,-0.41608,100,276.0551,0.43276,2.58345,0.01,0.0075,0.97,0.0125,0.0,0.0
4,35,21.29,79.51,1.50018,1.38901,0.39413,-0.44281,100,272.31265,0.4361,1.58831,0.0275,0.08,0.87,0.0225,0.0,0.0
4,36,21.29,79.53,1.4889,1.43813,0.41804,-0.46647,100,270.55452,0.37523,2.39807,0.0225,0.05,0.9175,0.01,0.0,0.0
4,37,21.29,79.55,1.46573,1.45479,0.43397,-0.46353,100,271.39389,0.54441,3.60515,0.0325,0.045,0.9075,0.015,0.0,0.0
4,38,21.29,79.57,1.47627,1.44821,0.43528,-0.47147,100,267.27808,0.52487,2.32461,0.0575,0.0775,0.8525,0.01,0.0,0.0025
4,39,21.29,79.59,1.51034,1.41537,0.41486,-0.4609,100,268.79488,0.6007,3.61115,0.0125,0.06,0.9075,0.015,0.0025,0.0025
4,40,21.29,79.61,1.43763,1.4832,0.4889,-0.50213,100,264.60636,0.52089,3.7808,0.06,0.025,0.885,0.03,0.0,0.0
4,41,21.29,79.63,1.47141,1.44303,0.44424,-0.46503,100,260.73482,0.42876,2.35225,0.06,0.0275,0.89,0.0225,0.0,0.0
4,42,21.29,79.65,1.53224,1.35648,0.34237,-0.40655,100,258.54364,0.36623,2.6242,0.0125,0.0025,0.9825,0.0025,0.0,0.0
4,43,21.29,79.67,1.50228,1.41878,0.44585,-0.47785,100,255.54393,0.34787,1.14018,0.0275,0.0675,0.85,0.055,0.0,0.0
4,44,21.29,79.69,1.45009,1.46447,0.4833,-0.49446,100,255.64162,0.36395,2.00333,0.0175,0.045,0.9375,0.0,0.0,0.0
4,45,21.29,79.71,1.58063,1.36306,0.33452,-0.40395,100,258.53498,0.33651,2.14376,0.015,0.02,0.965,0.0,0.0,0.0
4,46,21.29,79.73,1.63338,1.29754,0.26687,-0.35404,100,263.11277,0.39477,2.44897,0.0175,0.0625,0.92,0.0,0.0,0.0
4,47,21.29,79.75,1.58073,1.34855,0.36421,-0.42209,100,255.55199,0.72641,4.32589,0.0825,0.0975,0.72,0.035,0.005,0.06
4,48,21.29,79.77,1.59333,1.27768,0.35253,-0.41236,100,252.23755,0.98593,4.80397,0.0975,0.04,0.4725,0.0125,0.1775,0.2
4,49,21.29,79.79,1.50975,1.36914,0.43379,-0.4566,100,254.96907,0.61535,2.17348,0.0875,0.03,0.83,0.025,0.0275,0.0
4,50,21.29,79.81,1.6987,1.37446,0.32465,-0.40111,100,258.58946,0.73506,2.74656,0.025,0.085,0.89,0.0,0.0,0.0
4,51,21.29,79.83,1.68282,1.37141,0.32355,-0.40778,100,264.7395,0.6877,2.70257,0.0375,0.2425,0.705,0.0,0.0075,0.0075
4,52,21.29,79.85,1.67117,1.35726,0.34429,-0.42454,100,271.26,0.65316,2.85414,0.06,0.05,0.86,0.03,0.0,0.0
4,53,21.29,79.87,1.62343,1.36546,0.3713,-0.43279,100,277.52995,0.37146,2.30622,0.0125,0.005,0.9725,0.01,0.0,0.0
4,54,21.29,79.89,1.67022,1.35486,0.34492,-0.42594,100,282.2241,0.57364,2.72101,0.03,0.0225,0.9275,0.0125,0.0,0.0075
4,55,21.29,79.91,1.72542,1.3683,0.34924,-0.4332,100,292.09078,0.96152,5.27135,0.2825,0.1025,0.59,0.015,0.0,0.01
4,56,21.29,79.93,1.71117,1.43796,0.40691,-0.49539,100,311.66061,4.28998,21.77734,0.8325,0.065,0.1025,0.0,0.0,0.0
4,57,21.29,79.95,1.25522,1.30711,0.09279,-0.08084,100,304.95111,2.59736,21.93362,0.29,0.1975,0.15,0.0,0.005,0.3575
4,58,21.29,79.97,1.6413,1.46594,0.42408,-0.51523,100,320.67733,4.09395,19.85097,0.7825,0.1575,0.0325,0.0,0.0,0.0275
4,59,21.29,79.99,1.69997,1.46044,0.41063,-0.52409,100,334.80526,3.94699,19.6209,1.0,0.0,0.0,0.0,0.0,0.0
4,60,21.29,80.01,1.73377,1.47752,0.43071,-0.52623,100,380.19609,7.28805,24.51861,1.0,0.0,0.0,0.0,0.0,0.0
4,61,21.29,80.03,1.6713,1.47131,0.42196,-0.50787,100,382.62659,7.7165,30.0628,1.0,0.0,0.0,0.0,0.0,0.0
4,62,21.29,80.05,1.65429,1.49537,0.41298,-0.48868,100,383.51236,5.56396,25.77181,1.0,0.0,0.0,0.0,0.0,0.0
4,63,21.29,80.07,1.76243,1.50139,0.41739,-0.51532,100,367.13191,5.20872,29.13873,1.0,0.0,0.0,0.0,0.0,0.0
4,64,21.29,80.09,1.73021,1.50017,0.41015,-0.50384,100,350.6588,1.97452,8.22412,1.0,0.0,0.0,0.0,0.0,0.0
4,65,21.29,80.11,1.77302,1.44746,0.36358,-0.4855,100,346.04414,2.04392,9.50094,0.9875,0.0125,0.0,0.0,0.0,0.0
4,66,21.29,80.13,1.83311,1.41837,0.34042,-0.48146,100,340.63648,1.50104,5.32098,0.67,0.0525,0.2775,0.0,0.0,0.0
4,67,21.29,80.15,1.9448,1.42306,0.35415,-0.47566,100,333.99274,1.92443,8.50649,0.8425,0.04,0.115,0.0,0.0,0.0025
4,68,21.29,80.17,1.968,1.44434,0.35733,-0.48736,100,339.21827,1.39809,6.17341,0.91,0.0525,0.0375,0.0,0.0,0.0
4,69,21.29,80.19,1.92111,1.37343,0.31706,-0.44072,100,336.94959,1.30408,5.40716,0.42,0.2775,0.3,0.0,0.0025,0.0
4,70,21.29,80.21,1.81671,1.32982,0.28971,-0.41656,100,326.11955,0.80234,4.11753,0.05,0.1625,0.745,0.035,0.0,0.0075
4,71,21.29,80.23,1.65984,1.40389,0.41432,-0.4811,100,322.82497,0.44974,2.64499,0.0375,0.06,0.895,0.005,0.0,0.0025
4,72,21.29,80.25,1.53295,1.52067,0.53227,-0.5272,100,327.90541,0.67057,4.00614,0.035,0.02,0.91,0.035,0.0,0.0
4,73,21.29,80.27,1.65289,1.42257,0.42589,-0.48911,100,330.17818,0.84608,3.45056,0.0375,0.0075,0.9325,0.0225,0.0,0.0
4,74,21.29,80.29,1.74812,1.39517,0.40713,-0.48864,100,339.29147,1.0404,4.87167,0.0525,0.1225,0.8175,0.005,0.0,0.0025
4,75,21.29,80.31,1.7832,1.36787,0.34628,-0.45297,100,333.98157,1.37422,7.0788,0.1,0.11,0.7675,0.0225,0.0,0.0
4,76,21.29,80.33,1.87609,1.32241,0.27498,-0.42135,100,330.02212,0.9126,4.25743,0.145,0.175,0.64,0.0275,0.0025,0.01
4,77,21.29,80.35,1.89577,1.31853,0.27834,-0.41797,100,332.54654,0.98854,3.88999,0.1375,0.425,0.42,0.0025,0.0,0.015
4,78,21.29,80.37,1.78637,1.36515,0.32264,-0.455,100,324.43583,1.10929,4.45212,0.2175,0.165,0.59,0.0225,0.0,0.005
4,79,21.29,80.39,1.75655,1.39637,0.33115,-0.43635,100,318.30853,0.70566,3.84542,0.0925,0.255,0.65,0.0025,0.0,0.0
4,80,21.29,80.41,1.53077,1.54815,0.45659,-0.43788,100,311.26486,0.6352,3.56909,0.085,0.0675,0.8075,0.0375,0.0025,0.0
4,81,21.29,80.43,1.46809,1.57081,0.49259,-0.49369,100,308.21602,0.57456,2.04401,0.11,0.0275,0.8325,0.03,0.0,0.0
4,82,21.29,80.45,1.63944,1.41953,0.38291,-0.45141,100,310.7612,1.21581,5.01837,0.26,0.1875,0.5375,0.0125,0.0025,0.0
4,83,21.29,80.47,1.51025,1.48145,0.48581,-0.4913,100,315.79877,0.95576,4.9092,0.1525,0.1025,0.73,0.015,0.0,0.0
4,84,21.29,80.49,1.79409,1.3424,0.31853,-0.43507,100,320.76758,1.18516,5.58463,0.07,0.22,0.7075,0.0,0.0,0.0025
4,85,21.29,80.51,1.91126,1.33824,0.29846,-0.43852,100,338.05372,2.29648,10.16269,0.5,0.1275,0.36,0.0075,0.0,0.005
4,86,21.29,80.53,1.82164,1.33288,0.30299,-0.43367,100,334.24825,1.66041,6.26841,0.6675,0.055,0.27,0.0025,0.0,0.005
4,87,21.29,80.55,1.86755,1.41593,0.33425,-0.4761,100,342.64708,2.94439,12.08309,0.695,0.065,0.24,0.0,0.0,0.0
4,88,21.29,80.57,1.82231,1.46559,0.37585,-0.48445,100,371.43283,4.76216,29.09947,0.91,0.0375,0.0525,0.0,0.0,0.0
4,89,21.29,80.59,1.8791,1.40656,0.34016,-0.47547,100,419.39603,4.98383,38.24774,0.8,0.0625,0.1375,0.0,0.0,0.0
5,0,21.31,78.81,1.59221,1.37902,0.35539,-0.41906,100,373.89096,1.55482,8.65064,0.2575,0.2325,0.4625,0.01,0.0025,0.035
5,1,21.31,78.83,1.4906,1.39253,0.38745,-0.42978,100,359.93601,0.92207,4.38108,0.18,0.11,0.585,0.125,0.0,0.0
5,2,21.31,78.85,1.50371,1.48361,0.45298,-0.47612,100,350.17262,0.94405,6.70054,0.2675,0.0575,0.6325,0.005,0.0,0.0375
5,3,21.31,78.87,1.51426,1.53503,0.49759,-0.50002,100,339.21626,0.86973,4.84996,0.22,0.05,0.705,0.025,0.0,0.0
5,4,21.31,78.89,1.4869,1.55072,0.49502,-0.49556,100,331.33342,0.56834,3.01887,0.1875,0.0325,0.775,0.005,0.0,0.0
5,5,21.31,78.91,1.5573,1.43113,0.40612,-0.4365,100,324.53511,0.70657,2.89673,0.0575,0.0525,0.7725,0.1125,0.0025,0.0025
5,6,21.31,78.93,1.57122,1.4399,0.41564,-0.43748,100,319.10623,0.60542,2.82511,0.0875,0.015,0.8925,0.005,0.0,0.0
5,7,21.31,78.95,1.54249,1.46842,0.43374,-0.45073,100,312.43628,0.6072,2.72861,0.1275,0.005,0.855,0.0125,0.0,0.0
5,8,21.31,78.97,1.54071,1.41931,0.40386,-0.42433,100,309.89495,1.31384,6.68203,0.055,0.1925,0.73,0.0175,0.005,0.0
5,9,21.31,78.99,1.49186,1.46765,0.42627,-0.43988,100,307.0035,0.39747,2.21444,0.0375,0.0125,0.95,0.0,0.0,0.0
5,10,21.31,79.01,1.46735,1.47403,0.41873,-0.43015,100,304.87002,1.55553,8.5423,0.1125,0.225,0.65,0.0025,0.0,0.01
5,11,21.31,79.03,1.4888,1.43138,0.40438,-0.42269,100,304.278,1.70909,10.87514,0.05,0.26,0.6725,0.0175,0.0,0.0
5,12,21.31,79.05,1.50006,1.42151,0.38108,-0.39611,100,299.15848,1.31527,9.64394,0.1675,0.18,0.615,0.0275,0.01,0.0
5,13,21.31,79.07,1.49474,1.32236,0.36504,-0.39801,100,296.41545,0.61179,2.45226,0.0675,0.08,0.7725,0.08,0.0,0.0
5,14,21.31,79.09,1.53891,1.28524,0.36363,-0.41545,100,298.67065,0.64659,3.32633,0.1275,0.0225,0.7975,0.0375,0.0025,0.0125
5,15,21.31,79.11,1.53237,1.29566,0.34756,-0.39994,100,293.68299,1.13304,5.50647,0.085,0.0725,0.775,0.0225,0.0225,0.0225
5,16,21.31,79.13,1.54156,1.24724,0.32655,-0.37795,100,290.67494,1.21289,5.3738,0.14,0.08,0.6475,0.045,0.035,0.0525
5,17,21.31,79.15,1.57103,1.27999,0.34761,-0.40543,100,290.10263,0.67103,2.97601,0.045,0.0275,0.9125,0.0075,0.0075,0.0
5,18,21.31,79.17,1.58141,1.29152,0.36093,-0.41931,100,291.08242,0.6799,2.43332,0.0875,0.0225,0.875,0.0075,0.0075,0.0
5,19,21.31,79.19,1.54014,1.33246,0.37494,-0.42111,100,289.14939,1.40481,4.27325,0.2475,0.1375,0.515,0.0,0.075,0.025
5,20,21.31,79.21,1.55187,1.29948,0.29484,-0.36805,100,292.53697,1.05392,5.51898,0.0575,0.2175,0.66,0.01,0.025,0.03
5,21,21.31,79.23,1.61357,1.29035,0.25225,-0.35582,100,300.32745,0.42473,2.409,0.0325,0.0575,0.8675,0.0375,0.005,0.0
5,22,21.31,79.25,1.67176,1.29634,0.23741,-0.35572,100,294.65848,0.52049,2.67192,0.0,0.005,0.985,0.01,0.0,0.0
5,23,21.31,79.27,1.65465,1.29351,0.22887,-0.34637,100,296.27284,0.56738,4.10269,0.0025,0.0025,0.99,0.005,0.0,0.0
5,24,21.31,79.29,1.63513,1.29906,0.2528,-0.35668,100,298.17891,0.54521,3.29288,0.0,0.0225,0.9775,0.0,0.0,0.0
5,25,21.31,79.31,1.60857,1.29557,0.26138,-0.36539,100,290.95529,0.57802,4.055,0.0075,0.0075,0.9575,0.025,0.0,0.0025
5,26,21.31,79.33,1.66592,1.27807,0.22025,-0.34454,100,288.09507,0.50299,2.84317,0.04,0.0125,0.8925,0.0525,0.0025,0.0
5,27,21.31,79.35,1.67055,1.29357,0.23403,-0.35723,100,288.19783,0.50158,3.26601,0.0225,0.0025,0.97,0.005,0.0,0.0
5,28,21.31,79.37,1.6935,1.30031,0.22426,-0.35334,100,295.41129,0.6232,4.09136,0.0025,0.025,0.9575,0.015,0.0,0.0
5,29,21.31,79.39,1.67763,1.3055,0.23154,-0.35785,100,295.26051,0.53432,3.55816,0.0,0.0,0.995,0.005,0.0,0.0
5,30,21.31,79.41,1.69737,1.31247,0.22741,-0.3573,100,291.92175,0.53942,3.09493,0.0025,0.0,0.9875,0.01,0.0,0.0
5,31,21.31,79.43,1.72648,1.31076,0.21473,-0.35453,100,289.29832,0.46875,2.81049,0.0025,0.0,0.995,0.0025,0.0,0.0
5,32,21.31,79.45,1.70746,1.31388,0.23437,-0.36978,100,285.71997,0.36251,1.97677,0.01,0.01,0.9775,0.0025,0.0,0.0
5,33,21.31,79.47,1.66511,1.341,0.28686,-0.39784,100,281.37642,0.26849,1.69494,0.0,0.0075,0.97,0.0225,0.0,0.0
5,34,21.31,79.49,1.56565,1.34155,0.35132,-0.42205,100,276.91574,0.46418,1.56065,0.0825,0.03,0.88,0.0075,0.0,0.0
5,35,21.31,79.51,1.5992,1.35483,0.31368,-0.40456,100,277.04032,0.39218,2.4567,0.0225,0.015,0.9525,0.01,0.0,0.0
5,36,21.31,79.53,1.49904,1.4349,0.39675,-0.44472,100,277.38002,0.44204,3.00311,0.0125,0.01,0.9575,0.02,0.0,0.0
5,37,21.31,79.55,1.44102,1.49745,0.48081,-0.49373,100,273.78656,0.49415,3.08895,0.035,0.025,0.9325,0.0075,0.0,0.0
5,38,21.31,79.57,1.48116,1.48189,0.47301,-0.48959,100,273.87954,0.59617,3.6149,0.06,0.075,0.845,0.02,0.0,0.0
5,39,21.31,79.59,1.49359,1.45992,0.45194,-0.47534,100,275.4198,0.56627,3.45374,0.0125,0.1025,0.85,0.0125,0.0,0.0225
5,40,21.31,79.61,1.472,1.4626,0.44366,-0.47294,100,269.25541,0.55718,3.07896,0.025,0.0275,0.925,0.0125,0.0,0.01
5,41,21.31,79.63,1.48241,1.43426,0.42699,-0.46214,100,267.96821,0.52652,2.99119,0.0075,0.015,0.965,0.0125,0.0,0.0
5,42,21.31,79.65,1.52888,1.38999,0.40787,-0.45239,100,263.01774,0.54239,2.51563,0.0425,0.07,0.8675,0.02,0.0,0.0
5,43,21.31,79.67,1.52868,1.35431,0.37305,-0.43162,100,258.56052,0.55928,1.80515,0.065,0.1175,0.655,0.16,0.0025,0.0
5,44,21.31,79.69,1.42531,1.44545,0.47223,-0.47565,100,259.7885,0.46979,2.71375,0.0075,0.005,0.9775,0.01,0.0,0.0
5,45,21.31,79.71,1.22735,1.61531,0.61811,-0.55534,100,266.31877,0.43977,2.985,0.0025,0.0075,0.9675,0.02,0.0,0.0025
5,46,21.31,79.73,1.64561,1.31094,0.27718,-0.37105,100,264.59993,0.59009,2.90221,0.015,0.0575,0.9025,0.0175,0.0,0.0075
5,47,21.31,79.75,1.60677,1.34785,0.34286,-0.40892,100,257.14711,0.61946,2.08013,0.02,0.065,0.885,0.03,0.0,0.0
5,48,21.31,79.77,1.44945,1.43351,0.45481,-0.47486,100,255.94864,0.61659,2.99874,0.015,0.015,0.89,0.0175,0.025,0.0375
5,49,21.31,79.79,1.62074,1.33835,0.30677,-0.38737,100,255.23638,0.87095,4.83635,0.05,0.065,0.63,0.03,0.0975,0.1275
5,50,21.31,79.81,1.72673,1.33787,0.28467,-0.3911,100,262.95698,0.85801,3.83211,0.0275,0.245,0.695,0.015,0.0,0.0175
5,51,21.31,79.83,1.6824,1.36834,0.32088,-0.40456,100,264.30636,0.69604,3.35304,0.1125,0.095,0.78,0.0075,0.0,0.005
5,52,21.31,79.85,1.67617,1.33916,0.32353,-0.40588,100,267.78782,0.62835,2.1951,0.0325,0.085,0.8775,0.005,0.0,0.0
5,53,21.31,79.87,1.68455,1.34394,0.31829,-0.40826,100,273.04608,0.58748,2.52698,0.01,0.1875,0.8025,0.0,0.0,0.0
5,54,21.31,79.89,1.72148,1.34179,0.32391,-0.41929,100,283.10621,0.77517,3.97065,0.03,0.085,0.875,0.01,0.0,0.0
5,55,21.31,79.91,1.72819,1.34491,0.31972,-0.41373,100,285.52663,0.67998,3.21415,0.05,0.165,0.78,0.005,0.0,0.0
5,56,21.31,79.93,1.65664,1.39226,0.40253,-0.46168,100,287.37733,0.76662,3.07679,0.175,0.0675,0.75,0.0075,0.0,0.0
5,57,21.31,79.95,1.62462,1.43805,0.46859,-0.50351,100,294.41635,0.94373,5.28792,0.0475,0.0575,0.8725,0.02,0.0,0.0025
5,58,21.31,79.97,1.67778,1.47322,0.45176,-0.50396,100,317.28284,4.81205,26.43921,0.4975,0.1525,0.28,0.0,0.0,0.07
5,59,21.31,79.99,1.79663,1.48386,0.4512,-0.53592,100,344.41674,6.02812,19.85754,1.0,0.0,0.0,0.0,0.0,0.0
5,60,21.31,80.01,1.73996,1.49074,0.44976,-0.53066,100,351.06694,4.18955,21.03014,1.0,0.0,0.0,0.0,0.0,0.0
5,61,21.31,80.03,1.67999,1.51042,0.4711,-0.5282,100,361.80776,6.58259,33.32599,1.0,0.0,0.0,0.0,0.0,0.0
5,62,21.31,80.05,1.73306,1.49029,0.42702,-0.50112,100,360.39825,4.2776,18.61006,1.0,0.0,0.0,0.0,0.0,0.0
5,63,21.31,80.07,1.78899,1.49562,0.40937,-0.5106,100,387.39752,6.13928,26.82521,1.0,0.0,0.0,0.0,0.0,0.0
5,64,21.31,80.09,1.79212,1.45194,0.37909,-0.49887,100,360.00094,1.84393,7.83142,0.765,0.0475,0.1825,0.0,0.0,0.005
5,65,21.31,80.11,1.78153,1.33465,0.31949,-0.43599,100,351.02031,2.09446,12.27463,0.395,0.105,0.4825,0.005,0.0,0.0125
5,66,21.31,80.13,1.69639,1.34009,0.34104,-0.43306,100,337.91654,0.78653,4.01034,0.0425,0.0525,0.855,0.035,0.0,0.015
5,67,21.31,80.15,1.67391,1.39145,0.39057,-0.46962,100,330.91298,0.80373,4.08384,0.1125,0.045,0.8125,0.02,0.0,0.01
5,68,21.31,80.17,1.71355,1.39903,0.3272,-0.46302,100,330.18501,0.95925,5.23425,0.225,0.255,0.445,0.01,0.0,0.065
5,69,21.31,80.19,1.78638,1.32958,0.30022,-0.41727,100,332.23847,1.07723,5.16486,0.155,0.2775,0.535,0.02,0.0,0.0125
5,70,21.31,80.21,1.75501,1.32989,0.31141,-0.42636,100,324.47381,0.75505,3.58902,0.01,0.025,0.9,0.065,0.0,0.0
5,71,21.31,80.23,1.554,1.45876,0.49061,-0.51586,100,318.99356,0.48372,2.54107,0.0875,0.0125,0.885,0.015,0.0,0.0
5,72,21.31,80.25,1.67703,1.44005,0.4122,-0.48905,100,323.98743,0.7754,3.9405,0.0525,0.055,0.8525,0.025,0.0,0.015
5,73,21.31,80.27,1.77464,1.38882,0.38022,-0.47134,100,334.62537,0.8815,3.22715,0.07,0.0825,0.8075,0.0375,0.0,0.0025
5,74,21.31,80.29,1.89514,1.3527,0.30346,-0.43552,100,340.14138,1.475,4.80144,0.1,0.5475,0.315,0.0025,0.0,0.035
5,75,21.31,80.31,1.77313,1.36175,0.32899,-0.43762,100,331.88429,1.01498,3.88847,0.085,0.115,0.7575,0.035,0.0,0.0075
5,76,21.31,80.33,1.84927,1.32505,0.28428,-0.41646,100,322.69009,0.65191,3.70715,0.0475,0.055,0.8875,0.01,0.0,0.0
5,77,21.31,80.35,1.86722,1.31357,0.2816,-0.41961,100,326.4718,1.20847,6.2317,0.0725,0.3425,0.5625,0.015,0.0,0.0075
5,78,21.31,80.37,1.90228,1.35083,0.29757,-0.43808,100,331.94074,1.78437,7.98003,0.425,0.395,0.17,0.0,0.0,0.01
5,79,21.31,80.39,1.86292,1.3395,0.30528,-0.4275,100,318.3727,1.01392,4.64371,0.155,0.4925,0.3375,0.01,0.0,0.005
5,80,21.31,80.41,1.56575,1.50492,0.44196,-0.46276,100,307.64955,0.745,3.7918,0.1575,0.125,0.7025,0.005,0.0025,0.0075
5,81,21.31,80.43,1.45102,1.52428,0.52759,-0.50092,100,307.28707,0.94699,3.15273,0.2325,0.1175,0.6275,0.0175,0.0025,0.0025
5,82,21.31,80.45,1.46696,1.50183,0.51908,-0.50826,100,310.9182,0.8255,2.7896,0.245,0.0925,0.64,0.02,0.0025,0.0
5,83,21.31,80.47,1.85415,1.34015,0.29916,-0.4389,100,320.40677,1.94699,9.71126,0.305,0.3275,0.3625,0.005,0.0,0.0
5,84,21.31,80.49,1.73875,1.33465,0.32446,-0.41967,100,320.76652,0.92506,3.28369,0.175,0.105,0.6175,0.1025,0.0,0.0
5,85,21.31,80.51,1.83096,1.34843,0.29687,-0.42378,100,323.66828,0.94191,3.22068,0.13,0.105,0.7425,0.0225,0.0,0.0
5,86,21.31,80.53,1.83857,1.34413,0.31927,-0.43976,100,334.88423,1.42135,6.77568,0.425,0.1,0.4725,0.0,0.0,0.0025
5,87,21.31,80.55,1.94194,1.43436,0.34052,-0.48556,100,360.53717,4.06526,14.90104,0.9125,0.07,0.015,0.0,0.0,0.0025
5,88,21.31,80.57,1.81987,1.49922,0.3958,-0.50902,100,388.75049,5.67685,30.06629,0.995,0.005,0.0,0.0,0.0,0.0
5,89,21.31,80.59,1.77313,1.46236,0.40482,-0.5019,100,440.38411,6.7066,39.10118,0.9225,0.075,0.0025,0.0,0.0,0.0
6,0,21.33,78.81,1.64717,1.35951,0.32102,-0.40081,100,377.42136,1.60749,9.61149,0.1175,0.345,0.5325,0.005,0.0,0.0
6,1,21.33,78.83,1.44623,1.42847,0.42679,-0.45058,100,358.57082,0.78804,4.31672,0.185,0.0775,0.7275,0.01,0.0,0.0
6,2,21.33,78.85,1.54965,1.39705,0.29441,-0.37758,100,357.7609,1.7629,9.34085,0.1275,0.27,0.45,0.005,0.05,0.0975
6,3,21.33,78.87,1.55959,1.48389,0.45919,-0.48028,100,343.25293,1.65138,11.78248,0.1875,0.1575,0.64,0.015,0.0,0.0
6,4,21.33,78.89,1.5375,1.54571,0.4922,-0.49189,100,329.42512,0.39986,2.51223,0.05,0.01,0.94,0.0,0.0,0.0
6,5,21.33,78.91,1.59149,1.42224,0.39037,-0.43334,100,323.59244,0.43628,2.36583,0.0075,0.0325,0.9525,0.0075,0.0,0.0
6,6,21.33,78.93,1.6112,1.40086,0.36412,-0.41202,100,317.50304,0.50806,2.18385,0.0225,0.025,0.94,0.0125,0.0,0.0
6,7,21.33,78.95,1.6328,1.38434,0.34924,-0.4068,100,313.44925,1.38164,7.94166,0.04,0.135,0.79,0.03,0.005,0.0
6,8,21.33,78.97,1.57382,1.32353,0.29927,-0.36253,100,305.82626,0.71974,3.07215,0.0175,0.1225,0.8125,0.01,0.0375,0.0
6,9,21.33,78.99,1.49197,1.47558,0.43356,-0.44592,100,303.23646,0.6715,2.37581,0.14,0.0075,0.845,0.0075,0.0,0.0
6,10,21.33,79.01,1.44054,1.45514,0.41932,-0.43116,100,300.61023,0.65519,2.87797,0.1,0.075,0.76,0.0625,0.0025,0.0
6,11,21.33,79.03,1.40986,1.43089,0.39737,-0.41046,100,300.38882,0.69184,3.08079,0.075,0.0975,0.71,0.1175,0.0,0.0
6,12,21.33,79.05,1.47285,1.4422,0.41951,-0.43115,100,301.78918,0.51486,2.49765,0.0525,0.0175,0.915,0.015,0.0,0.0
6,13,21.33,79.07,1.49742,1.39657,0.41327,-0.43699,100,300.73589,0.55912,2.40138,0.0125,0.0175,0.9425,0.025,0.0,0.0025
6,14,21.33,79.09,1.54697,1.30677,0.34831,-0.40347,100,294.64276,1.58648,5.5456,0.085,0.1,0.6675,0.0325,0.045,0.07
6,15,21.33,79.11,1.53487,1.32165,0.38438,-0.43189,100,292.79222,1.06508,4.32705,0.105,0.1225,0.7075,0.0025,0.04,0.0225
6,16,21.33,79.13,1.52165,1.28587,0.34518,-0.40175,100,293.15419,0.76791,2.80954,0.0775,0.06,0.8475,0.015,0.0,0.0
6,17,21.33,79.15,1.6119,1.26555,0.31339,-0.38417,100,292.34189,0.65589,2.67204,0.065,0.0275,0.8975,0.01,0.0,0.0
6,18,21.33,79.17,1.57469,1.2628,0.33135,-0.40204,100,295.25678,0.50782,2.50631,0.02,0.0025,0.9675,0.0025,0.005,0.0025
6,19,21.33,79.19,1.61894,1.25085,0.2954,-0.37047,100,292.68635,1.23629,5.15447,0.05,0.155,0.69,0.0225,0.05,0.0325
6,20,21.33,79.21,1.70714,1.28276,0.22264,-0.35045,100,299.71625,0.4068,2.43198,0.0025,0.0,0.9975,0.0,0.0,0.0
6,21,21.33,79.23,1.60749,1.30554,0.28446,-0.37345,100,302.41588,0.47614,3.14481,0.045,0.02,0.9125,0.0225,0.0,0.0
6,22,21.33,79.25,1.65311,1.3011,0.25598,-0.3564,100,302.98943,0.50702,3.52188,0.0075,0.005,0.975,0.0125,0.0,0.0
6,23,21.33,79.27,1.6313,1.31648,0.28179,-0.3744,100,302.67399,0.62007,3.25311,0.0025,0.045,0.925,0.0275,0.0,0.0
6,24,21.33,79.29,1.59766,1.32999,0.30139,-0.39235,100,295.28445,0.65534,3.25239,0.0425,0.035,0.89,0.0275,0.005,0.0
6,25,21.33,79.31,1.61588,1.31725,0.30056,-0.38842,100,292.93313,0.5526,3.76114,0.0125,0.02,0.9625,0.005,0.0,0.0
6,26,21.33,79.33,1.63778,1.28266,0.25351,-0.36158,100,294.07591,0.59263,3.09808,0.0,0.0075,0.9425,0.0475,0.0025,0.0
6,27,21.33,79.35,1.59365,1.31668,0.30431,-0.39308,100,293.58349,0.52157,3.39061,0.0125,0.0125,0.9725,0.0025,0.0,0.0
6,28,21.33,79.37,1.61707,1.31628,0.26749,-0.37269,100,303.42309,0.55654,2.70424,0.0025,0.0275,0.955,0.0125,0.0,0.0025
6,29,21.33,79.39,1.59147,1.30874,0.27505,-0.37174,100,301.69416,0.54738,3.09524,0.005,0.005,0.9425,0.0425,0.0025,0.0025
6,30,21.33,79.41,1.57607,1.30625,0.29472,-0.38255,100,294.98446,0.61778,3.23694,0.0275,0.0325,0.9125,0.005,0.0175,0.005
6,31,21.33,79.43,1.57511,1.32186,0.32436,-0.40916,100,289.29771,0.50929,2.01702,0.0525,0.0325,0.8675,0.0475,0.0,0.0
6,32,21.33,79.45,1.59105,1.3467,0.32678,-0.4081,100,285.35,0.47476,2.23772,0.0575,0.02,0.8525,0.07,0.0,0.0
6,33,21.33,79.47,1.57718,1.34387,0.3569,-0.42645,100,281.06113,0.52776,1.88573,0.1025,0.0625,0.775,0.06,0.0,0.0
6,34,21.33,79.49,1.63083,1.34865,0.31648,-0.40315,100,283.91187,0.63929,4.24651,0.0125,0.0875,0.9,0.0,0.0,0.0
6,35,21.33,79.51,1.57784,1.3802,0.33814,-0.41983,100,283.7112,0.56272,3.26401,0.0175,0.02,0.955,0.0075,0.0,0.0
6,36,21.33,79.53,1.58218,1.37944,0.34285,-0.42096,100,284.16063,0.53847,2.78089,0.015,0.035,0.9375,0.0125,0.0,0.0
6,37,21.33,79.55,1.50361,1.42076,0.41642,-0.45887,100,278.14461,0.49017,2.47266,0.1175,0.035,0.8375,0.01,0.0,0.0
6,38,21.33,79.57,1.56138,1.42972,0.40831,-0.45877,100,282.58916,0.6443,3.92493,0.035,0.2275,0.735,0.0,0.0025,0.0
6,39,21.33,79.59,1.46415,1.45608,0.43399,-0.46556,100,278.82526,0.61565,3.61862,0.035,0.0675,0.865,0.0125,0.0,0.02
6,40,21.33,79.61,1.52859,1.41415,0.38819,-0.44122,100,271.65039,0.62306,3.14594,0.06,0.1175,0.74,0.0225,0.0,0.06
6,41,21.33,79.63,1.47089,1.44008,0.47234,-0.49107,100,265.36624,0.46314,1.80294,0.125,0.0475,0.7875,0.04,0.0,0.0
6,42,21.33,79.65,1.4731,1.43387,0.45937,-0.4821,100,264.00083,0.3617,2.39149,0.015,0.0175,0.9675,0.0,0.0,0.0
6,43,21.33,79.67,1.60763,1.34509,0.35101,-0.41717,100,263.3794,0.46023,2.9967,0.005,0.0425,0.945,0.0,0.0,0.0075
6,44,21.33,79.69,1.3408,1.5273,0.57303,-0.52406,100,264.51804,0.63793,3.29525,0.055,0.07,0.8425,0.0325,0.0,0.0
6,45,21.33,79.71,1.22549,1.62318,0.60608,-0.54911,100,269.60845,0.63041,2.89264,0.005,0.085,0.88,0.005,0.0,0.025
6,46,21.33,79.73,1.64796,1.32081,0.27595,-0.37038,100,268.49108,0.66345,3.39635,0.0225,0.1475,0.815,0.0075,0.0025,0.005
6,47,21.33,79.75,1.63317,1.32078,0.30679,-0.38854,100,260.47095,0.53175,2.70195,0.05,0.05,0.8575,0.0425,0.0,0.0
6,48,21.33,79.77,1.48325,1.40913,0.43179,-0.45773,100,259.22821,0.36939,1.14153,0.0275,0.025,0.91,0.0375,0.0,0.0
6,49,21.33,79.79,1.58457,1.33158,0.33831,-0.41289,100,255.66736,1.14833,4.79315,0.0625,0.1825,0.4975,0.06,0.0475,0.15
6,50,21.33,79.81,1.70252,1.33104,0.28875,-0.39362,100,265.38561,0.93788,4.47709,0.0475,0.2825,0.6175,0.01,0.0125,0.03
6,51,21.33,79.83,1.74685,1.32335,0.28184,-0.39197,100,268.86376,0.76993,3.54699,0.0025,0.13,0.8575,0.01,0.0,0.0
6,52,21.33,79.85,1.69209,1.32605,0.29974,-0.39168,100,272.95425,0.74524,3.54987,0.0175,0.0425,0.9075,0.0275,0.0,0.005
6,53,21.33,79.87,1.68603,1.34673,0.32872,-0.41218,100,277.73815,0.65875,3.25428,0.0,0.0275,0.9625,0.0075,0.0,0.0025
6,54,21.33,79.89,1.73154,1.31862,0.29121,-0.39976,100,281.31982,0.795,3.14569,0.0025,0.115,0.84,0.0225,0.0025,0.0175
6,55,21.33,79.91,1.72019,1.34964,0.33398,-0.42242,100,280.38647,0.85551,3.08195,0.17,0.105,0.6925,0.03,0.0,0.0025
6,56,21.33,79.93,1.62382,1.36374,0.35349,-0.42498,100,286.58075,0.76586,3.55976,0.01,0.125,0.7925,0.0725,0.0,0.0
6,57,21.33,79.95,1.58978,1.44853,0.47426,-0.49745,100,288.67248,0.50453,2.53833,0.0325,0.0075,0.9525,0.005,0.0,0.0025
6,58,21.33,79.97,1.73905,1.391,0.39306,-0.46355,100,296.56489,1.1428,6.86529,0.3575,0.0775,0.5375,0.01,0.0,0.0175
6,59,21.33,79.99,1.78749,1.40951,0.398,-0.48715,100,313.38009,2.79772,16.34091,0.585,0.1075,0.2875,0.005,0.0,0.015
6,60,21.33,80.01,1.90413,1.42703,0.36203,-0.51733,100,353.46468,6.61502,33.10862,0.965,0.0275,0.0025,0.0,0.0,0.005
6,61,21.33,80.03,1.7002,1.43706,0.38767,-0.49935,100,322.46465,2.76593,14.72934,0.7525,0.1125,0.135,0.0,0.0,0.0
6,62,21.33,80.05,1.82053,1.46409,0.38365,-0.49137,100,332.63014,1.93024,8.84515,0.94,0.035,0.025,0.0,0.0,0.0
6,63,21.33,80.07,1.77023,1.48594,0.39899,-0.49833,100,371.17071,5.08772,26.54152,1.0,0.0,0.0,0.0,0.0,0.0
6,64,21.33,80.09,1.7836,1.36419,0.34645,-0.44496,100,357.64005,2.02329,10.23173,0.49,0.0825,0.4175,0.0025,0.0,0.0075
6,65,21.33,80.11,1.68033,1.36335,0.38235,-0.45202,100,343.1504,0.78846,4.75291,0.1025,0.1,0.77,0.0225,0.0,0.005
6,66,21.33,80.13,1.68401,1.34243,0.35043,-0.43323,100,334.97024,0.76591,4.3353,0.065,0.1375,0.75,0.0375,0.0,0.01
6,67,21.33,80.15,1.66992,1.34082,0.33187,-0.42293,100,329.91347,0.67469,3.90876,0.11,0.1275,0.705,0.045,0.0025,0.01
6,68,21.33,80.17,1.242,1.39028,0.30423,-0.40279,100,323.28253,0.38216,2.8537,0.0775,0.1,0.4775,0.0,0.0,0.345
6,69,21.33,80.19,1.8142,1.31305,0.26972,-0.4068,100,326.34046,1.10934,5.05056,0.105,0.62,0.245,0.01,0.0,0.02
6,70,21.33,80.21,1.76529,1.33409,0.31975,-0.4282,100,320.38329,0.79821,4.09925,0.04,0.0675,0.81,0.0825,0.0,0.0
6,71,21.33,80.23,1.74046,1.34511,0.33881,-0.43849,100,316.38585,0.58784,3.28772,0.0775,0.01,0.8825,0.03,0.0,0.0
6,72,21.33,80.25,1.739,1.3744,0.36095,-0.45624,100,322.35179,0.72275,4.95872,0.0675,0.08,0.8475,0.005,0.0,0.0
6,73,21.33,80.27,1.71525,1.38993,0.39176,-0.47305,100,326.65526,0.73922,3.09931,0.07,0.0775,0.8475,0.005,0.0,0.0
6,74,21.33,80.29,1.75716,1.38086,0.35635,-0.4632,100,336.19937,1.2009,4.46599,0.205,0.21,0.5575,0.0225,0.0,0.005
6,75,21.33,80.31,1.83039,1.34503,0.30859,-0.4422,100,327.33404,0.94931,4.13683,0.2625,0.24,0.475,0.0125,0.0025,0.0075
6,76,21.33,80.33,1.80963,1.32757,0.30331,-0.43026,100,320.77821,1.06674,4.80615,0.1075,0.2075,0.6575,0.0175,0.0,0.01
6,77,21.33,80.35,1.77292,1.34159,0.33092,-0.4411,100,317.26326,0.86158,3.90599,0.0725,0.17,0.73,0.015,0.0,0.0125
6,78,21.33,80.37,1.85962,1.33695,0.2919,-0.43282,100,324.73786,1.59857,6.84125,0.1675,0.3525,0.46,0.015,0.0,0.005
6,79,21.33,80.39,1.80522,1.34671,0.31162,-0.42742,100,314.5202,1.0797,4.40589,0.1225,0.3425,0.5075,0.025,0.0,0.0025
6,80,21.33,80.41,1.66557,1.39573,0.32103,-0.42343,100,304.8557,0.95268,3.06378,0.285,0.095,0.59,0.01,0.015,0.005
6,81,21.33,80.43,1.38316,1.52072,0.52787,-0.50697,100,306.08732,0.7614,2.72475,0.185,0.0625,0.7375,0.0075,0.0,0.0075
6,82,21.33,80.45,1.3525,1.57584,0.53973,-0.50089,100,310.44451,0.88607,3.49448,0.195,0.0775,0.7125,0.015,0.0,0.0
6,83,21.33,80.47,1.81134,1.3826,0.32148,-0.45678,100,323.74854,2.26641,7.89768,0.2825,0.255,0.44,0.0,0.0025,0.02
6,84,21.33,80.49,1.82694,1.33358,0.28824,-0.4283,100,320.07152,1.30006,7.36258,0.1,0.1475,0.7375,0.0075,0.0,0.0075
6,85,21.33,80.51,1.77336,1.3587,0.34023,-0.44061,100,320.59205,0.85361,4.37952,0.0975,0.05,0.8425,0.0075,0.0,0.0025
6,86,21.33,80.53,1.83888,1.3231,0.29768,-0.42697,100,327.63406,1.05408,4.21003,0.0775,0.1475,0.765,0.0025,0.0,0.0075
6,87,21.33,80.55,1.93425,1.39305,0.32818,-0.46811,100,341.04211,2.4572,10.44474,0.635,0.0575,0.3,0.0025,0.0,0.005
6,88,21.33,80.57,1.90842,1.43835,0.35699,-0.49691,100,353.7365,5.48517,27.11168,0.8175,0.0925,0.0725,0.0,0.0,0.0175
6,89,21.33,80.59,1.73381,1.49818,0.42843,-0.51299,100,392.93265,7.30809,33.11205,0.9925,0.0075,0.0,0.0,0.0,0.0
7,0,21.35,78.81,1.62874,1.32161,0.26186,-0.36013,100,383.8278,1.20644,5.84196,0.0675,0.0775,0.845,0.01,0.0,0.0
7,1,21.35,78.83,1.67891,1.353,0.23484,-0.34629,100,385.32256,1.52347,7.81056,0.05,0.445,0.505,0.0,0.0,0.0
7,2,21.35,78.85,1.70296,1.33329,0.22727,-0.345,100,383.31027,2.45052,10.85132,0.12,0.5475,0.33,0.0025,0.0,0.0
7,3,21.35,78.87,1.55407,1.41295,0.38705,-0.43037,100,347.32606,2.22256,16.70017,0.085,0.1575,0.7275,0.03,0.0,0.0
7,4,21.35,78.89,1.61535,1.40037,0.3665,-0.42592,100,329.03508,0.60782,3.79451,0.0175,0.0125,0.9575,0.0125,0.0,0.0
7,5,21.35,78.91,1.64586,1.38434,0.34983,-0.41039,100,321.99512,0.67029,4.00299,0.065,0.0425,0.8825,0.01,0.0,0.0
7,6,21.35,78.93,1.59051,1.35735,0.32185,-0.38696,100,319.17148,1.01133,5.61603,0.1125,0.28,0.5825,0.0225,0.0025,0.0
7,7,21.35,78.95,1.57572,1.37412,0.35403,-0.4022,100,315.05448,1.15357,5.26085,0.0475,0.23,0.69,0.0075,0.025,0.0
7,8,21.35,78.97,1.54551,1.36341,0.35475,-0.39342,100,312.15789,1.20398,5.80707,0.0925,0.1275,0.7475,0.0275,0.0,0.005
7,9,21.35,78.99,1.54394,1.43466,0.41388,-0.43552,100,306.40309,0.75619,2.79191,0.115,0.025,0.795,0.0625,0.0025,0.0
7,10,21.35,79.01,1.44285,1.45471,0.42182,-0.43217,100,305.70038,0.61322,2.35398,0.085,0.035,0.8375,0.0425,0.0,0.0
7,11,21.35,79.03,1.40809,1.43716,0.39607,-0.4183,100,307.16303,0.43043,2.56024,0.02,0.0175,0.9625,0.0,0.0,0.0
7,12,21.35,79.05,1.50019,1.4024,0.40197,-0.42598,100,303.35025,0.6082,2.47211,0.125,0.005,0.86,0.01,0.0,0.0
7,13,21.35,79.07,1.55687,1.3593,0.37245,-0.41309,100,295.77239,1.46405,5.13293,0.175,0.12,0.595,0.0,0.0575,0.0525
7,14,21.35,79.09,1.49793,1.35288,0.40218,-0.43525,100,300.98988,0.46994,2.56324,0.025,0.05,0.9125,0.01,0.0025,0.0
7,15,21.35,79.11,1.49451,1.3487,0.3981,-0.43461,100,299.77187,0.33902,1.61638,0.02,0.0225,0.9575,0.0,0.0,0.0
7,16,21.35,79.13,1.52113,1.33536,0.37664,-0.42476,100,296.26266,0.46025,1.75817,0.0025,0.0075,0.9825,0.0075,0.0,0.0
7,17,21.35,79.15,1.58155,1.30201,0.34506,-0.39983,100,296.39156,0.61558,3.12504,0.04,0.01,0.9475,0.0025,0.0,0.0
7,18,21.35,79.17,1.54885,1.27141,0.35701,-0.41852,100,299.96394,0.30868,1.70004,0.005,0.0,0.995,0.0,0.0,0.0
7,19,21.35,79.19,1.56209,1.33635,0.36066,-0.41978,100,295.16877,1.45945,5.14644,0.2375,0.0825,0.585,0.015,0.055,0.025
7,20,21.35,79.21,1.62031,1.31528,0.29918,-0.38617,100,304.38388,0.59007,3.64856,0.0125,0.0125,0.975,0.0,0.0,0.0
7,21,21.35,79.23,1.57858,1.33099,0.33204,-0.40131,100,307.48793,0.55008,3.13232,0.0175,0.0425,0.9075,0.0325,0.0,0.0
7,22,21.35,79.25,1.61076,1.3236,0.32029,-0.38865,100,310.65343,0.66054,3.52825,0.0025,0.105,0.875,0.01,0.0,0.0075
7,23,21.35,79.27,1.66624,1.29012,0.26489,-0.36553,100,301.53745,0.62688,2.93818,0.0125,0.0325,0.955,0.0,0.0,0.0
7,24,21.35,79.29,1.61295,1.31474,0.30207,-0.38612,100,301.27647,0.70453,3.9952,0.02,0.0475,0.925,0.0075,0.0,0.0
7,25,21.35,79.31,1.58826,1.3086,0.30116,-0.38158,100,301.38177,0.64333,3.48147,0.0,0.0625,0.8375,0.095,0.0,0.005
7,26,21.35,79.33,1.59375,1.3096,0.29985,-0.38707,100,298.52921,0.60118,2.97214,0.03,0.015,0.94,0.0125,0.0,0.0025
7,27,21.35,79.35,1.60865,1.31293,0.29673,-0.39005,100,298.6734,0.57965,3.3734,0.01,0.0575,0.91,0.0225,0.0,0.0
7,28,21.35,79.37,1.59362,1.32026,0.30526,-0.39049,100,304.81763,0.72252,3.49623,0.02,0.055,0.9225,0.0025,0.0,0.0
7,29,21.35,79.39,1.50821,1.35312,0.3978,-0.43746,100,297.74481,0.6413,2.32061,0.095,0.0375,0.8575,0.005,0.0,0.005
7,30,21.35,79.41,1.5248,1.33889,0.37656,-0.42863,100,295.7793,0.47331,2.36294,0.0125,0.02,0.945,0.0225,0.0,0.0
7,31,21.35,79.43,1.61732,1.34228,0.3333,-0.40892,100,291.8888,0.65229,3.12204,0.0575,0.1025,0.835,0.005,0.0,0.0
7,32,21.35,79.45,1.59004,1.34947,0.34449,-0.41306,100,289.07693,0.76966,3.90463,0.105,0.1675,0.705,0.0125,0.005,0.005
7,33,21.35,79.47,1.66006,1.32904,0.31646,-0.40419,100,290.45777,0.8268,4.80403,0.145,0.3075,0.545,0.0,0.0,0.0025
7,34,21.35,79.49,1.66009,1.33291,0.30201,-0.39602,100,291.19706,0.77237,4.22273,0.0325,0.165,0.7825,0.02,0.0,0.0
7,35,21.35,79.51,1.6559,1.35058,0.30082,-0.39968,100,292.69552,0.62393,3.90757,0.02,0.0175,0.9575,0.005,0.0,0.0
7,36,21.35,79.53,1.63807,1.33231,0.30515,-0.39759,100,287.84693,0.59595,3.29366,0.0375,0.155,0.8,0.0075,0.0,0.0
7,37,21.35,79.55,1.58622,1.37715,0.34041,-0.4214,100,285.09776,0.59234,3.36166,0.005,0.01,0.955,0.03,0.0,0.0
7,38,21.35,79.57,1.55882,1.40769,0.38361,-0.43725,100,285.84419,0.69335,3.48801,0.0225,0.08,0.885,0.01,0.0,0.0025
7,39,21.35,79.59,1.56795,1.40861,0.38348,-0.43648,100,277.84849,0.73501,3.41088,0.0275,0.175,0.78,0.01,0.0025,0.005
7,40,21.35,79.61,1.50425,1.41031,0.41014,-0.45033,100,270.33595,0.5577,2.08118,0.115,0.0425,0.79,0.0525,0.0,0.0
7,41,21.35,79.63,1.37278,1.54409,0.59011,-0.56495,100,270.65161,0.46178,2.34323,0.02,0.045,0.9025,0.0325,0.0,0.0
7,42,21.35,79.65,1.49899,1.4379,0.44396,-0.47752,100,272.50017,0.62487,3.95834,0.0125,0.115,0.825,0.025,0.0,0.0225
7,43,21.35,79.67,1.61539,1.3584,0.35047,-0.4198,100,269.02151,0.51171,2.83568,0.0025,0.0525,0.9175,0.0225,0.0,0.005
7,44,21.35,79.69,1.44866,1.46213,0.49632,-0.49441,100,265.64062,0.4466,1.96752,0.0775,0.0625,0.8475,0.0075,0.0,0.005
7,45,21.35,79.71,1.3789,1.47452,0.50418,-0.4785,100,274.37383,0.61966,3.09076,0.005,0.145,0.8275,0.01,0.005,0.0075
7,46,21.35,79.73,1.67857,1.29543,0.26221,-0.35766,100,270.29997,0.62096,3.3231,0.0275,0.06,0.8425,0.06,0.0025,0.0075
7,47,21.35,79.75,1.60146,1.3223,0.29263,-0.38203,100,262.57642,0.42263,2.3271,0.065,0.095,0.6975,0.135,0.0025,0.005
7,48,21.35,79.77,1.54382,1.36922,0.34694,-0.41539,100,261.74746,0.4524,1.76791,0.2275,0.04,0.71,0.0225,0.0,0.0
7,49,21.35,79.79,1.52982,1.36715,0.39315,-0.45459,100,256.71142,1.0873,5.03269,0.0975,0.14,0.515,0.0475,0.035,0.165
7,50,21.35,79.81,1.66498,1.32854,0.30078,-0.40409,100,264.3136,1.09167,4.71801,0.0775,0.2375,0.635,0.035,0.0025,0.0125
7,51,21.35,79.83,1.75964,1.3063,0.26692,-0.38386,100,272.27027,0.92595,3.55003,0.005,0.1375,0.82,0.0175,0.0,0.02
7,52,21.35,79.85,1.71172,1.35094,0.31744,-0.40967,100,272.11357,0.92809,4.27242,0.025,0.1375,0.81,0.005,0.0025,0.02
7,53,21.35,79.87,1.70472,1.3432,0.3148,-0.41446,100,274.65448,0.83167,4.04845,0.0025,0.155,0.83,0.0125,0.0,0.0
7,54,21.35,79.89,1.71258,1.32889,0.31044,-0.40436,100,273.35136,0.69414,3.03644,0.065,0.09,0.8375,0.005,0.0,0.0025
7,55,21.35,79.91,1.6647,1.37337,0.3562,-0.43604,100,276.23272,0.6078,2.8244,0.0525,0.0275,0.885,0.0275,0.0,0.0075
7,56,21.35,79.93,1.69301,1.37589,0.36017,-0.44267,100,280.57143,0.62954,2.57972,0.0475,0.14,0.7875,0.025,0.0,0.0
7,57,21.35,79.95,1.65955,1.39002,0.37978,-0.44872,100,284.14617,0.57726,2.89672,0.0575,0.0525,0.865,0.025,0.0,0.0
7,58,21.35,79.97,1.7108,1.3725,0.34022,-0.43089,100,291.97301,0.8397,3.55911,0.0375,0.0825,0.855,0.01,0.0,0.015
7,59,21.35,79.99,1.74139,1.35008,0.32478,-0.42024,100,299.34621,1.11841,5.27714,0.1275,0.1775,0.64,0.025,0.0025,0.0275
7,60,21.35,80.01,1.74615,1.42552,0.40596,-0.5075,100,308.48231,2.34004,9.8658,0.545,0.0925,0.3125,0.0075,0.0,0.0425
7,61,21.35,80.03,1.6141,1.38114,0.30433,-0.40661,100,311.5596,2.2991,8.86132,0.445,0.255,0.1125,0.0,0.0,0.1875
7,62,21.35,80.05,1.7434,1.42074,0.35702,-0.47216,100,314.80916,1.23851,6.26762,0.5475,0.14,0.31,0.0025,0.0,0.0
7,63,21.35,80.07,1.80632,1.46173,0.38326,-0.48715,100,346.21484,4.38808,25.4698,0.99,0.01,0.0,0.0,0.0,0.0
7,64,21.35,80.09,1.88896,1.45231,0.37237,-0.49707,100,358.87371,2.93783,10.90263,0.96,0.0175,0.0175,0.0,0.0,0.005
7,65,21.35,80.11,1.69697,1.36332,0.35783,-0.45164,100,344.10112,1.35526,7.74678,0.2875,0.135,0.545,0.01,0.0,0.0225
7,66,21.35,80.13,1.69199,1.33973,0.33412,-0.42745,100,333.01037,0.70504,3.55655,0.0475,0.155,0.7875,0.0075,0.0,0.0025
7,67,21.35,80.15,1.66854,1.35728,0.3612,-0.44398,100,326.94526,0.7086,3.75775,0.105,0.0525,0.8275,0.0125,0.0,0.0025
7,68,21.35,80.17,1.55909,1.49813,0.47766,-0.48352,100,320.30142,0.58283,2.88083,0.03,0.0,0.9075,0.0625,0.0,0.0
7,69,21.35,80.19,1.56912,1.39862,0.38452,-0.44935,100,317.95625,0.65853,4.22586,0.125,0.1,0.74,0.0275,0.005,0.0025
7,70,21.35,80.21,1.70955,1.29761,0.27223,-0.38894,100,318.11042,0.82262,4.84532,0.015,0.08,0.7425,0.155,0.0,0.0075
7,71,21.35,80.23,1.72861,1.35156,0.32689,-0.43285,100,314.1089,0.52933,2.75405,0.11,0.02,0.855,0.0125,0.0,0.0025
7,72,21.35,80.25,1.74897,1.35694,0.34245,-0.44328,100,323.20317,0.83008,3.61163,0.0475,0.0725,0.85,0.03,0.0,0.0
7,73,21.35,80.27,1.76686,1.3433,0.30812,-0.42292,100,329.01677,0.78901,3.81216,0.0275,0.0725,0.845,0.0375,0.0,0.0175
7,74,21.35,80.29,1.8542,1.33665,0.2935,-0.42267,100,334.7396,1.33385,6.70653,0.1725,0.2725,0.54,0.0025,0.0,0.0125
7,75,21.35,80.31,1.76354,1.29141,0.28359,-0.40991,100,324.40841,0.85993,4.12226,0.08,0.245,0.5975,0.0625,0.0,0.015
7,76,21.35,80.33,1.76679,1.33014,0.29563,-0.41127,100,317.87658,0.81334,4.43807,0.0925,0.125,0.75,0.0175,0.0,0.015
7,77,21.35,80.35,1.68374,1.37902,0.3707,-0.45421,100,311.2666,0.67275,3.05936,0.0675,0.0575,0.8225,0.05,0.0,0.0025
7,78,21.35,80.37,1.77134,1.31551,0.30435,-0.43531,100,316.23683,1.02848,5.03308,0.0925,0.285,0.5575,0.0575,0.0,0.0075
7,79,21.35,80.39,1.72917,1.32662,0.3079,-0.4171,100,316.39126,2.29091,10.04874,0.155,0.5075,0.2875,0.045,0.0,0.005
7,80,21.35,80.41,1.65937,1.40319,0.35124,-0.43955,100,303.76376,0.99553,3.47828,0.3575,0.115,0.51,0.0125,0.0,0.005
7,81,21.35,80.43,1.18357,1.6815,0.63322,-0.5515,100,305.95231,0.50936,2.28065,0.0825,0.015,0.89,0.0125,0.0,0.0
7,82,21.35,80.45,1.2988,1.61823,0.58323,-0.52823,100,311.88209,0.62976,3.0148,0.04,0.025,0.92,0.015,0.0,0.0
7,83,21.35,80.47,1.57165,1.44157,0.48391,-0.50718,100,315.91964,0.88706,3.70261,0.1425,0.0275,0.7925,0.035,0.0,0.0025
7,84,21.35,80.49,1.39829,1.5264,0.55752,-0.53471,100,310.40176,0.68142,2.53401,0.1275,0.04,0.815,0.015,0.0025,0.0
7,85,21.35,80.51,1.84351,1.31352,0.26111,-0.40811,100,318.5151,1.0317,4.5692,0.055,0.3,0.6325,0.005,0.0,0.0075
7,86,21.35,80.53,1.82263,1.32741,0.30602,-0.42577,100,324.28561,0.93087,3.33089,0.055,0.045,0.8825,0.015,0.0,0.0025
7,87,21.35,80.55,1.85765,1.35198,0.31382,-0.43298,100,322.07385,0.93,4.97951,0.125,0.005,0.86,0.0,0.0,0.01
7,88,21.35,80.57,1.76358,1.48381,0.42641,-0.50138,100,326.05157,1.48491,6.35959,0.6775,0.0275,0.2925,0.0025,0.0,0.0
7,89,21.35,80.59,1.68912,1.39149,0.33492,-0.47021,100,386.03235,9.04394,43.73166,0.97,0.03,0.0,0.0,0.0,0.0
8,0,21.37,78.81,1.53422,1.37747,0.38471,-0.43349,100,379.97012,1.22113,8.14807,0.0825,0.0525,0.82,0.045,0.0,0.0
8,1,21.37,78.83,1.58638,1.32758,0.26725,-0.36895,100,370.65458,1.69468,8.05135,0.0975,0.2925,0.4825,0.0025,0.01,0.115
8,2,21.37,78.85,1.58985,1.38523,0.32921,-0.40917,100,356.30932,2.52107,12.59898,0.2075,0.1775,0.575,0.04,0.0,0.0
8,3,21.37,78.87,1.45022,1.45816,0.43895,-0.46438,100,340.46037,1.06254,7.59953,0.12,0.0325,0.8475,0.0,0.0,0.0
8,4,21.37,78.89,1.60984,1.34795,0.33268,-0.40521,100,337.93648,1.27184,7.1978,0.03,0.2325,0.725,0.0075,0.005,0.0
8,5,21.37,78.91,1.55364,1.37406,0.34901,-0.40647,100,330.61522,0.75658,4.68357,0.15,0.21,0.6175,0.0225,0.0,0.0
8,6,21.37,78.93,1.48338,1.41904,0.38844,-0.4244,100,322.0719,1.02332,3.44324,0.4175,0.145,0.295,0.1425,0.0,0.0
8,7,21.37,78.95,1.50456,1.36307,0.36671,-0.40373,100,316.06629,0.93253,3.69803,0.1825,0.0825,0.65,0.085,0.0,0.0
8,8,21.37,78.97,1.44886,1.43737,0.42413,-0.44253,100,314.30575,0.54785,2.2014,0.0375,0.01,0.895,0.055,0.0025,0.0
8,9,21.37,78.99,1.53114,1.44336,0.44214,-0.45774,100,310.42041,0.49951,2.17387,0.0275,0.005,0.9675,0.0,0.0,0.0
8,10,21.37,79.01,1.54918,1.43128,0.4341,-0.4471,100,308.96584,0.40668,1.46246,0.05,0.005,0.9375,0.0075,0.0,0.0
8,11,21.37,79.03,1.52102,1.40433,0.41168,-0.43505,100,306.07527,0.55781,2.06358,0.065,0.01,0.9,0.025,0.0,0.0
8,12,21.37,79.05,1.53704,1.38122,0.39114,-0.42202,100,301.47078,0.7835,3.01476,0.135,0.05,0.8125,0.0025,0.0,0.0
8,13,21.37,79.07,1.56952,1.3757,0.37778,-0.41738,100,298.3002,1.44403,4.62756,0.255,0.13,0.535,0.005,0.035,0.04
8,14,21.37,79.09,1.48543,1.37242,0.38711,-0.42588,100,303.30328,0.43846,2.10156,0.0375,0.0325,0.9,0.03,0.0,0.0
8,15,21.37,79.11,1.4607,1.38127,0.41634,-0.44563,100,300.57176,0.29136,1.31551,0.0075,0.015,0.9375,0.04,0.0,0.0
8,16,21.37,79.13,1.54173,1.34451,0.38877,-0.42656,100,299.73699,0.49763,2.66311,0.0075,0.0325,0.94,0.02,0.0,0.0
8,17,21.37,79.15,1.45945,1.31458,0.36849,-0.40854,100,305.26462,1.01642,5.77286,0.04,0.1225,0.585,0.1975,0.0,0.055
8,18,21.37,79.17,1.59051,1.27736,0.34987,-0.41479,100,299.90053,1.36006,6.51562,0.105,0.2125,0.5775,0.035,0.05,0.02
8,19,21.37,79.19,1.56667,1.34,0.38062,-0.42927,100,297.95621,1.45471,5.4123,0.255,0.1625,0.4975,0.035,0.0275,0.0225
8,20,21.37,79.21,1.54645,1.3389,0.35724,-0.41199,100,307.31321,0.65129,4.46468,0.045,0.03,0.915,0.01,0.0,0.0
8,21,21.37,79.23,1.57333,1.30429,0.33871,-0.39928,100,315.83883,0.59597,3.49,0.0125,0.0525,0.91,0.025,0.0,0.0
8,22,21.37,79.25,1.57963,1.29843,0.33671,-0.3991,100,310.84312,0.69324,3.18668,0.02,0.08,0.8375,0.06,0.0,0.0025
8,23,21.37,79.27,1.61082,1.29797,0.31702,-0.39165,100,307.7958,0.58389,3.25641,0.0175,0.04,0.935,0.0075,0.0,0.0
8,24,21.37,79.29,1.62939,1.28333,0.30117,-0.38177,100,308.16874,0.65323,2.95515,0.0125,0.0725,0.8975,0.0175,0.0,0.0
8,25,21.37,79.31,1.61003,1.28601,0.28357,-0.36727,100,309.08312,0.6806,4.23449,0.0025,0.115,0.87,0.0075,0.0,0.005
8,26,21.37,79.33,1.59836,1.3092,0.30297,-0.38599,100,305.01421,0.62351,3.21792,0.03,0.0625,0.8875,0.015,0.0025,0.0025
8,27,21.37,79.35,1.62691,1.28785,0.27729,-0.36886,100,308.82555,0.76131,4.35309,0.0125,0.11,0.8625,0.01,0.005,0.0
8,28,21.37,79.37,1.56162,1.35217,0.34378,-0.41303,100,305.40555,0.76925,3.7654,0.1,0.0775,0.8075,0.0125,0.0,0.0025
8,29,21.37,79.39,1.50528,1.34994,0.36604,-0.42226,100,308.8081,2.67408,14.49241,0.2175,0.095,0.65,0.005,0.0,0.0325
8,30,21.37,79.41,1.62571,1.33039,0.32244,-0.40008,100,305.22456,1.34747,6.52538,0.1025,0.0575,0.8025,0.0375,0.0,0.0
8,31,21.37,79.43,1.63381,1.37186,0.36741,-0.43716,100,298.77661,0.72204,2.96923,0.2525,0.115,0.63,0.0025,0.0,0.0
8,32,21.37,79.45,1.59609,1.38079,0.36476,-0.42539,100,297.71482,0.76084,3.18413,0.1675,0.1175,0.695,0.005,0.0,0.015
8,33,21.37,79.47,1.66985,1.32616,0.31154,-0.39743,100,300.30732,0.78504,4.30868,0.105,0.1325,0.7625,0.0,0.0,0.0
8,34,21.37,79.49,1.6584,1.33548,0.30926,-0.39446,100,297.81548,0.73528,3.93351,0.0825,0.24,0.63,0.0,0.0,0.0475
8,35,21.37,79.51,1.64696,1.34461,0.30116,-0.38836,100,299.69495,0.67344,4.06738,0.0225,0.21,0.705,0.0,0.0,0.0625
8,36,21.37,79.53,1.66172,1.38014,0.32798,-0.42127,100,294.95213,0.57179,3.06659,0.07,0.0425,0.8825,0.005,0.0,0.0
8,37,21.37,79.55,1.66769,1.38085,0.32757,-0.41719,100,292.05068,0.61717,3.20626,0.0225,0.0075,0.965,0.005,0.0,0.0
8,38,21.37,79.57,1.57559,1.38821,0.35821,-0.42514,100,286.04165,0.60685,3.4807,0.02,0.015,0.9525,0.0125,0.0,0.0
8,39,21.37,79.59,1.56435,1.40874,0.38782,-0.44243,100,279.83421,0.64047,3.26488,0.0425,0.09,0.8525,0.0125,0.0025,0.0
8,40,21.37,79.61,1.49402,1.4394,0.45854,-0.48034,100,274.34945,0.55631,2.26597,0.1225,0.0375,0.7925,0.0475,0.0,0.0
8,41,21.37,79.63,1.28447,1.69065,0.68665,-0.61456,100,275.51942,0.57335,2.49731,0.0525,0.0375,0.905,0.005,0.0,0.0
8,42,21.37,79.65,1.44631,1.49082,0.54056,-0.53508,100,280.91899,0.75312,3.34074,0.0025,0.1075,0.8825,0.005,0.0025,0.0
8,43,21.37,79.67,1.48905,1.45342,0.48495,-0.50354,100,272.8481,0.52426,3.61689,0.0325,0.0675,0.885,0.015,0.0,0.0
8,44,21.37,79.69,1.59746,1.3355,0.30673,-0.38763,100,271.63816,0.56478,2.64256,0.045,0.0775,0.83,0.02,0.0,0.0275
8,45,21.37,79.71,1.61838,1.327,0.28733,-0.37853,100,275.96354,0.64567,3.33004,0.0175,0.1275,0.78,0.0525,0.0,0.0225
8,46,21.37,79.73,1.66717,1.30989,0.29161,-0.38259,100,271.07728,0.60998,3.28824,0.035,0.1875,0.615,0.1625,0.0,0.0
8,47,21.37,79.75,1.62228,1.31988,0.30486,-0.38678,100,266.38226,0.39804,2.69178,0.06,0.1275,0.6275,0.1825,0.0,0.0025
8,48,21.37,79.77,1.60504,1.3504,0.32265,-0.3971,100,262.09443,0.24289,1.19095,0.0175,0.0175,0.96,0.005,0.0,0.0
8,49,21.37,79.79,1.58577,1.32547,0.38332,-0.4348,100,256.06436,0.89348,5.00458,0.1025,0.08,0.465,0.0325,0.1675,0.1525
8,50,21.37,79.81,1.53435,1.40243,0.46647,-0.49236,100,258.42091,0.90989,3.47364,0.1975,0.08,0.63,0.025,0.0425,0.025
8,51,21.37,79.83,1.65765,1.34655,0.32924,-0.4205,100,265.85675,1.03519,5.10769,0.1275,0.28,0.5625,0.0225,0.0,0.0075
8,52,21.37,79.85,1.67636,1.34157,0.3353,-0.4199,100,263.74641,0.80601,3.50194,0.055,0.1175,0.7775,0.0475,0.0025,0.0
8,53,21.37,79.87,1.67602,1.36268,0.35312,-0.42883,100,266.55802,0.6398,2.36301,0.105,0.125,0.7375,0.0325,0.0,0.0
8,54,21.37,79.89,1.66268,1.3577,0.34298,-0.42002,100,271.61145,0.59319,3.66691,0.04,0.1425,0.7975,0.0075,0.0125,0.0
8,55,21.37,79.91,1.63366,1.37371,0.35243,-0.43689,100,274.22401,0.5979,3.5275,0.0375,0.0675,0.855,0.04,0.0,0.0
8,56,21.37,79.93,1.68496,1.37844,0.37208,-0.4468,100,275.32869,0.59725,2.84693,0.0675,0.04,0.8825,0.01,0.0,0.0
8,57,21.37,79.95,1.73178,1.35888,0.33085,-0.42362,100,280.39465,0.57722,3.43806,0.0475,0.0375,0.895,0.015,0.0025,0.0025
8,58,21.37,79.97,1.70346,1.37787,0.34035,-0.42933,100,285.47852,0.62935,3.94663,0.03,0.05,0.8875,0.0275,0.0,0.005
8,59,21.37,79.99,1.68846,1.38633,0.36195,-0.44443,100,290.66494,0.89145,5.24477,0.03,0.0625,0.8725,0.035,0.0,0.0
8,60,21.37,80.01,1.65288,1.41498,0.40612,-0.47772,100,295.87815,1.50516,7.83035,0.265,0.07,0.655,0.0025,0.0,0.0075
8,61,21.37,80.03,1.76241,1.40554,0.36851,-0.48889,100,313.65688,3.48447,19.35561,0.6325,0.115,0.15,0.0,0.0,0.1025
8,62,21.37,80.05,1.79502,1.45887,0.37357,-0.48199,100,322.75847,1.86105,9.83742,0.845,0.0625,0.09,0.0025,0.0,0.0
8,63,21.37,80.07,1.82964,1.47728,0.38411,-0.4964,100,342.8861,3.0799,14.50667,0.9975,0.0025,0.0,0.0,0.0,0.0
8,64,21.37,80.09,1.90629,1.46594,0.3718,-0.50073,100,367.13795,3.26208,12.58462,0.8975,0.07,0.0,0.0,0.0,0.0325
8,65,21.37,80.11,1.81062,1.39739,0.36756,-0.47951,100,346.51821,1.19156,6.30581,0.4775,0.0825,0.4375,0.0,0.0,0.0025
8,66,21.37,80.13,1.65996,1.36706,0.36085,-0.44534,100,336.69256,0.84773,3.45532,0.035,0.055,0.8725,0.0375,0.0,0.0
8,67,21.37,80.15,1.66751,1.35839,0.35366,-0.45127,100,332.25151,0.72138,3.6347,0.0425,0.08,0.8575,0.0125,0.0,0.0075
8,68,21.37,80.17,1.72032,1.34737,0.32296,-0.4296,100,325.19665,0.64339,3.81852,0.03,0.04,0.8975,0.025,0.0,0.0075
8,69,21.37,80.19,1.68368,1.35231,0.324,-0.42325,100,314.51852,0.63787,3.48595,0.0675,0.145,0.7625,0.025,0.0,0.0
8,70,21.37,80.21,1.68155,1.32393,0.32305,-0.41383,100,313.33765,0.66591,3.33684,0.055,0.0825,0.8,0.0625,0.0,0.0
8,71,21.37,80.23,1.68462,1.3525,0.35595,-0.44719,100,312.6075,0.64657,3.67582,0.0475,0.0325,0.905,0.015,0.0,0.0
8,72,21.37,80.25,1.68542,1.3567,0.36296,-0.45401,100,322.82606,0.88162,4.06817,0.04,0.0925,0.815,0.035,0.0,0.0175
8,73,21.37,80.27,1.73004,1.35109,0.34444,-0.43905,100,334.45479,0.96219,4.17288,0.06,0.0575,0.8375,0.04,0.0,0.005
8,74,21.37,80.29,1.82272,1.35705,0.33673,-0.43511,100,334.15504,1.83779,8.73597,0.3125,0.28,0.3825,0.0125,0.0,0.0125
8,75,21.37,80.31,1.79717,1.3357,0.30251,-0.41803,100,319.75376,0.75629,3.31087,0.045,0.09,0.84,0.0125,0.0,0.0125
8,76,21.37,80.33,1.36046,1.53485,0.5693,-0.52924,100,312.39308,0.61361,3.40088,0.0525,0.0075,0.905,0.035,0.0,0.0
8,77,21.37,80.35,1.51471,1.46044,0.47115,-0.47821,100,307.42818,0.57749,2.20006,0.075,0.0425,0.8325,0.05,0.0,0.0
8,78,21.37,80.37,1.59742,1.30596,0.30192,-0.39372,100,306.73474,0.66939,3.54776,0.21,0.1025,0.4575,0.225,0.0025,0.0025
8,79,21.37,80.39,1.5964,1.37269,0.35102,-0.41376,100,305.61862,0.69277,3.96494,0.075,0.0775,0.645,0.1975,0.0,0.005
8,80,21.37,80.41,1.5311,1.41718,0.40386,-0.45397,100,300.29932,1.04457,2.62253,0.2425,0.12,0.585,0.025,0.0,0.0275
8,81,21.37,80.43,1.5999,1.39824,0.38609,-0.45411,100,308.02492,0.86324,4.52556,0.1,0.1575,0.7175,0.02,0.0,0.005
8,82,21.37,80.45,1.70217,1.36464,0.35513,-0.45185,100,314.24991,0.75966,3.3509,0.07,0.0525,0.855,0.015,0.0,0.0075
8,83,21.37,80.47,1.52923,1.45979,0.47854,-0.48841,100,309.36757,0.80892,4.51471,0.195,0.0075,0.7775,0.0175,0.0,0.0025
8,84,21.37,80.49,1.30375,1.6089,0.59638,-0.55247,100,305.84915,0.6309,2.35618,0.2275,0.0075,0.7625,0.0025,0.0,0.0
8,85,21.37,80.51,1.80223,1.35502,0.31163,-0.42511,100,314.50663,0.77261,3.39336,0.06,0.065,0.8475,0.0225,0.0,0.005
8,86,21.37,80.53,1.82412,1.34725,0.32834,-0.43692,100,319.78238,0.97026,4.13121,0.105,0.1025,0.7925,0.0,0.0,0.0
8,87,21.37,80.55,1.82667,1.35611,0.33867,-0.44389,100,315.29772,1.063,3.00379,0.3575,0.1025,0.5375,0.0025,0.0,0.0
8,88,21.37,80.57,1.78383,1.39766,0.37409,-0.4711,100,321.65708,0.87095,4.11902,0.3525,0.07,0.565,0.005,0.0,0.0075
8,89,21.37,80.59,1.82119,1.42573,0.37607,-0.49216,100,373.86565,5.58361,45.97969,0.8225,0.0175,0.16,0.0,0.0,0.0
9,0,21.39,78.81,1.574,1.38931,0.31437,-0.40848,100,385.03172,2.29444,14.15102,0.1775,0.1825,0.52,0.0,0.0,0.12
9,1,21.39,78.83,1.60651,1.35106,0.28684,-0.38877,100,369.7422,2.78721,11.72623,0.16,0.3,0.535,0.005,0.0,0.0
9,2,21.39,78.85,1.51614,1.35834,0.32318,-0.403,100,351.09938,2.59762,13.72167,0.155,0.2375,0.6075,0.0,0.0,0.0
9,3,21.39,78.87,1.49836,1.40716,0.39824,-0.43553,100,335.89769,1.31537,5.30743,0.21,0.215,0.56,0.0125,0.0025,0.0
9,4,21.39,78.89,1.52018,1.38223,0.35762,-0.41658,100,330.21469,1.06924,3.74021,0.1325,0.1225,0.74,0.0025,0.0025,0.0
9,5,21.39,78.91,1.49496,1.35553,0.35444,-0.40061,100,326.63107,0.95951,3.86665,0.1175,0.105,0.4975,0.28,0.0,0.0
9,6,21.39,78.93,1.44949,1.37971,0.38895,-0.42267,100,324.59781,0.50757,2.09959,0.0825,0.0375,0.595,0.285,0.0,0.0
9,7,21.39,78.95,1.41843,1.4677,0.4412,-0.459,100,320.30822,0.32173,1.89593,0.015,0.0175,0.95,0.0175,0.0,0.0
9,8,21.39,78.97,1.4826,1.42538,0.42179,-0.44778,100,314.59011,0.44075,2.40156,0.0225,0.0,0.97,0.0075,0.0,0.0
9,9,21.39,78.99,1.60404,1.36045,0.38183,-0.42788,100,310.35906,0.8045,3.14127,0.205,0.04,0.7525,0.0025,0.0,0.0
9,10,21.39,79.01,1.64811,1.32405,0.36926,-0.42071,100,305.59165,1.08751,4.73997,0.1075,0.0575,0.6725,0.04,0.055,0.0675
9,11,21.39,79.03,1.54768,1.40871,0.41436,-0.44854,100,305.86604,1.03699,4.33821,0.2175,0.03,0.7,0.0025,0.0075,0.0425
9,12,21.39,79.05,1.56894,1.35738,0.33938,-0.39584,100,305.2008,1.89525,7.30933,0.2525,0.2075,0.485,0.0025,0.015,0.0375
9,13,21.39,79.07,1.58565,1.38806,0.35702,-0.40846,100,301.51358,1.08922,4.10892,0.2175,0.215,0.535,0.0075,0.0025,0.0225
9,14,21.39,79.09,1.57998,1.37312,0.32818,-0.39132,100,306.57255,0.7379,4.02642,0.0175,0.1625,0.81,0.01,0.0,0.0
9,15,21.39,79.11,1.50283,1.40583,0.41825,-0.45722,100,304.63251,0.36978,2.45023,0.0625,0.0275,0.91,0.0,0.0,0.0
9,16,21.39,79.13,1.56892,1.36502,0.39317,-0.44017,100,308.17664,0.49791,3.16143,0.0175,0.005,0.9775,0.0,0.0,0.0
9,17,21.39,79.15,1.59442,1.32542,0.35334,-0.41278,100,307.07216,0.95945,4.65211,0.0025,0.0725,0.905,0.02,0.0,0.0
9,18,21.39,79.17,1.67548,1.26858,0.33177,-0.4116,100,300.42107,1.43255,5.49786,0.06,0.1825,0.6475,0.0,0.0775,0.0325
9,19,21.39,79.19,1.58955,1.34433,0.39293,-0.44174,100,303.18154,0.74984,2.66708,0.1325,0.04,0.8275,0.0,0.0,0.0
9,20,21.39,79.21,1.58756,1.3504,0.37601,-0.43332,100,307.36542,0.85652,3.32376,0.075,0.08,0.84,0.005,0.0,0.0
9,21,21.39,79.23,1.59787,1.29181,0.3556,-0.41584,100,318.24736,0.89224,4.74988,0.0475,0.0675,0.865,0.02,0.0,0.0
9,22,21.39,79.25,1.60782,1.29784,0.33429,-0.40453,100,320.59478,0.70161,4.44244,0.0725,0.095,0.7875,0.04,0.005,0.0
9,23,21.39,79.27,1.58333,1.28752,0.3113,-0.38022,100,321.6499,1.37487,7.63783,0.1,0.12,0.65,0.09,0.0,0.04
9,24,21.39,79.29,1.58391,1.28883,0.31984,-0.39035,100,321.52057,1.48175,11.00634,0.115,0.2025,0.58,0.09,0.01,0.0025
9,25,21.39,79.31,1.51933,1.29248,0.30399,-0.37263,100,317.64498,1.015,5.96062,0.125,0.2375,0.425,0.2125,0.0,0.0
9,26,21.39,79.33,1.54099,1.34573,0.35019,-0.41739,100,336.56502,4.6363,39.58255,0.2775,0.1525,0.335,0.2075,0.0025,0.025
9,27,21.39,79.35,1.62213,1.3883,0.36178,-0.44727,100,351.73834,8.47754,35.53775,0.5125,0.2675,0.1375,0.0375,0.0,0.045
9,28,21.39,79.37,0.76759,1.28871,-0.11766,0.3064,100,328.05318,5.65813,33.38716,0.255,0.1125,0.0275,0.0075,0.0,0.5975
9,29,21.39,79.39,0.75889,1.24754,-0.14186,0.31902,100,311.28448,0.29738,1.53735,0.0,0.0875,0.2075,0.0025,0.0,0.7025
9,30,21.39,79.41,1.62812,1.32131,0.34388,-0.40828,100,307.31752,0.65848,3.54244,0.015,0.0175,0.9525,0.0125,0.0,0.0025
9,31,21.39,79.43,1.6556,1.27867,0.31627,-0.38124,100,306.89204,0.57905,3.93286,0.02,0.0925,0.85,0.0375,0.0,0.0
9,32,21.39,79.45,1.67153,1.30817,0.31205,-0.38611,100,307.347,0.59576,4.27771,0.005,0.06,0.925,0.0075,0.0025,0.0
9,33,21.39,79.47,1.66583,1.27586,0.30322,-0.38421,100,308.02368,0.63436,4.25808,0.03,0.03,0.9,0.035,0.0,0.005
9,34,21.39,79.49,1.69796,1.30082,0.29158,-0.38154,100,306.14797,0.64059,3.70033,0.0175,0.1175,0.835,0.015,0.0,0.015
9,35,21.39,79.51,1.66174,1.32396,0.31358,-0.38936,100,307.09605,0.62738,3.25298,0.0,0.14,0.8425,0.0175,0.0,0.0
9,36,21.39,79.53,1.68608,1.35979,0.31374,-0.41047,100,302.21475,0.68085,2.7549,0.045,0.115,0.82,0.02,0.0,0.0
9,37,21.39,79.55,1.68477,1.36567,0.3217,-0.41428,100,295.62843,0.74049,4.16933,0.0425,0.035,0.8325,0.09,0.0,0.0
9,38,21.39,79.57,1.61152,1.36248,0.34822,-0.41752,100,286.98694,0.61738,2.68438,0.06,0.0225,0.8875,0.03,0.0,0.0
9,39,21.39,79.59,1.53234,1.36882,0.41065,-0.44934,100,282.62922,0.47897,3.40306,0.0425,0.015,0.8975,0.04,0.0,0.005
9,40,21.39,79.61,1.51466,1.42482,0.42874,-0.46487,100,280.99535,0.5844,3.37891,0.03,0.0075,0.9325,0.03,0.0,0.0
9,41,21.39,79.63,1.36565,1.4975,0.56132,-0.54354,100,280.59947,0.63403,3.35939,0.06,0.255,0.6475,0.0025,0.0,0.035
9,42,21.39,79.65,1.30241,1.63747,0.66666,-0.60766,100,285.62894,0.70791,3.35802,0.0,0.075,0.895,0.0225,0.0,0.0075
9,43,21.39,79.67,1.29646,1.61243,0.63255,-0.57994,100,277.9062,0.58996,2.76566,0.0075,0.055,0.9,0.03,0.0,0.0075
9,44,21.39,79.69,1.56156,1.36893,0.35908,-0.41481,100,278.07056,0.58644,3.47115,0.065,0.1025,0.77,0.0175,0.0,0.045
9,45,21.39,79.71,1.60151,1.33667,0.31212,-0.38954,100,277.53175,0.63769,4.07173,0.0325,0.1125,0.83,0.0025,0.0,0.0225
9,46,21.39,79.73,1.65297,1.33717,0.32617,-0.40365,100,271.30863,0.70653,4.91261,0.05,0.1325,0.74,0.075,0.0,0.0025
9,47,21.39,79.75,1.55227,1.32677,0.35164,-0.41655,100,267.55965,0.89267,5.00467,0.1175,0.1775,0.39,0.3,0.0,0.015
9,48,21.39,79.77,1.55946,1.3668,0.3849,-0.43221,100,261.98925,0.50999,1.95267,0.0875,0.07,0.835,0.0075,0.0,0.0
9,49,21.39,79.79,1.52798,1.4025,0.44716,-0.47369,100,259.62771,0.73453,3.75686,0.095,0.07,0.7275,0.0175,0.0425,0.0475
9,50,21.39,79.81,1.56204,1.3387,0.43776,-0.46364,100,256.42417,0.93834,4.17369,0.16,0.06,0.4175,0.0225,0.1725,0.1675
9,51,21.39,79.83,1.54175,1.40105,0.45812,-0.47873,100,258.6573,0.9198,4.35694,0.12,0.06,0.5375,0.0125,0.1475,0.1225
9,52,21.39,79.85,1.4548,1.50436,0.54646,-0.53823,100,263.48026,0.55951,2.85686,0.06,0.025,0.8925,0.0225,0.0,0.0
9,53,21.39,79.87,1.51562,1.48443,0.52689,-0.53121,100,264.12741,0.5452,1.96928,0.1325,0.0275,0.8225,0.0175,0.0,0.0
9,54,21.39,79.89,1.57816,1.42511,0.44827,-0.49116,100,267.17525,0.57875,2.20591,0.1325,0.08,0.7725,0.015,0.0,0.0
9,55,21.39,79.91,1.56564,1.43448,0.48252,-0.50419,100,269.96566,0.41667,1.90218,0.13,0.0425,0.815,0.0125,0.0,0.0
9,56,21.39,79.93,1.55663,1.43886,0.4625,-0.49972,100,273.06813,0.55528,1.92339,0.1675,0.0775,0.745,0.01,0.0,0.0
9,57,21.39,79.95,1.60201,1.39058,0.41676,-0.45915,100,277.34958,0.59135,2.05411,0.1325,0.085,0.6875,0.03,0.0025,0.0625
9,58,21.39,79.97,1.67529,1.36572,0.36872,-0.44343,100,281.53577,0.51011,2.21114,0.0775,0.105,0.7575,0.03,0.0,0.03
9,59,21.39,79.99,1.6984,1.37397,0.36709,-0.44036,100,286.18019,0.56236,2.44852,0.135,0.04,0.8,0.0225,0.0025,0.0
9,60,21.39,80.01,1.69114,1.382,0.37577,-0.44334,100,294.22501,0.8925,4.37067,0.155,0.045,0.765,0.035,0.0,0.0
9,61,21.39,80.03,1.74133,1.51161,0.44015,-0.52763,100,317.94108,4.03001,24.77098,0.885,0.0225,0.0925,0.0,0.0,0.0
9,62,21.39,80.05,1.84666,1.47967,0.37884,-0.48553,100,333.85394,3.69251,20.13161,0.9875,0.0,0.0125,0.0,0.0,0.0
9,63,21.39,80.07,1.81582,1.47739,0.36903,-0.49473,100,357.68963,4.18001,18.85258,0.9925,0.0025,0.005,0.0,0.0,0.0
9,64,21.39,80.09,1.77992,1.51444,0.40977,-0.50679,100,390.21265,6.81116,26.60752,1.0,0.0,0.0,0.0,0.0,0.0
9,65,21.39,80.11,1.81353,1.44033,0.38695,-0.49472,100,350.43137,1.91539,12.30454,0.615,0.135,0.2375,0.0,0.0,0.0125
9,66,21.39,80.13,1.6311,1.40384,0.38582,-0.46251,100,333.59105,0.70373,4.26293,0.045,0.0475,0.87,0.0175,0.0,0.02
9,67,21.39,80.15,1.62312,1.37772,0.37946,-0.4571,100,326.5338,0.75232,3.46022,0.065,0.0875,0.8,0.0475,0.0,0.0
9,68,21.39,80.17,1.65225,1.37227,0.356,-0.44292,100,320.1421,0.60141,3.47952,0.0525,0.0175,0.9025,0.0225,0.0,0.005
9,69,21.39,80.19,1.63924,1.31529,0.29129,-0.40597,100,316.19953,0.64203,3.26999,0.0325,0.0625,0.84,0.065,0.0,0.0
9,70,21.39,80.21,1.61696,1.33624,0.34389,-0.43159,100,309.90672,0.62261,2.99066,0.1075,0.17,0.6625,0.06,0.0,0.0
9,71,21.39,80.23,1.7115,1.33848,0.3419,-0.43743,100,312.2097,0.86077,4.65995,0.135,0.0875,0.7475,0.0275,0.0,0.0025
9,72,21.39,80.25,1.79551,1.35312,0.31847,-0.43745,100,323.14984,0.89684,4.37544,0.0375,0.16,0.7775,0.005,0.0,0.02
9,73,21.39,80.27,1.66207,1.38371,0.38054,-0.45788,100,325.56483,0.89033,4.76787,0.0825,0.0875,0.7875,0.0425,0.0,0.0
9,74,21.39,80.29,1.68203,1.38933,0.38247,-0.46619,100,322.61046,1.01423,5.18538,0.1225,0.115,0.745,0.0075,0.0,0.01
9,75,21.39,80.31,1.76711,1.32141,0.31137,-0.41952,100,320.99622,0.82119,3.73948,0.025,0.1175,0.8275,0.03,0.0,0.0
9,76,21.39,80.33,1.59586,1.39675,0.41677,-0.46027,100,314.67225,0.62645,3.49871,0.0475,0.0225,0.8825,0.0425,0.0,0.005
9,77,21.39,80.35,1.40136,1.5673,0.56875,-0.52519,100,306.88848,0.53541,3.52169,0.0925,0.01,0.8725,0.025,0.0,0.0
9,78,21.39,80.37,1.60275,1.42111,0.42112,-0.46855,100,302.08991,0.54546,2.2259,0.13,0.07,0.79,0.01,0.0,0.0
9,79,21.39,80.39,1.51479,1.44594,0.39872,-0.43201,100,301.13917,0.45727,2.08225,0.045,0.03,0.8725,0.0475,0.0,0.005
9,80,21.39,80.41,1.58912,1.39478,0.41777,-0.43831,100,301.88959,1.0354,4.31646,0.11,0.1275,0.7,0.0375,0.0,0.025
9,81,21.39,80.43,1.77496,1.34956,0.33464,-0.43889,100,310.278,0.75893,3.5104,0.0425,0.0575,0.87,0.025,0.0,0.005
9,82,21.39,80.45,1.70381,1.39686,0.37618,-0.46458,100,306.94558,0.89476,4.33523,0.155,0.0025,0.8325,0.01,0.0,0.0
9,83,21.39,80.47,1.61277,1.42131,0.42606,-0.47723,100,303.15018,0.86218,3.11479,0.305,0.0825,0.5975,0.015,0.0,0.0
9,84,21.39,80.49,1.34359,1.55092,0.53977,-0.50834,100,304.58722,0.83851,3.04187,0.25,0.05,0.6775,0.0225,0.0,0.0
9,85,21.39,80.51,1.64366,1.40418,0.40189,-0.47244,100,309.06851,1.0601,3.71459,0.3275,0.14,0.5125,0.0125,0.0025,0.005
9,86,21.39,80.53,1.62393,1.43551,0.44652,-0.49155,100,311.68739,0.8471,2.81525,0.265,0.05,0.65,0.0325,0.0025,0.0
9,87,21.39,80.55,1.37591,1.71613,0.66533,-0.587,100,315.85119,0.40381,1.41582,0.09,0.0075,0.8875,0.015,0.0,0.0
9,88,21.39,80.57,1.54476,1.48956,0.51127,-0.51839,100,319.66056,0.55344,2.987,0.1425,0.025,0.8175,0.015,0.0,0.0
9,89,21.39,80.59,1.89745,1.4613,0.39369,-0.50334,100,356.89693,5.41666,38.04031,0.7125,0.1075,0.17,0.0,0.0,0.01
10,0,21.41,78.81,1.42009,1.39239,0.33123,-0.39873,100,358.12767,0.73708,3.9111,0.07,0.1175,0.4575,0.0225,0.0,0.3325
10,1,21.41,78.83,1.50315,1.41097,0.37951,-0.43172,100,354.43791,1.45819,7.18729,0.135,0.16,0.67,0.035,0.0,0.0
10,2,21.41,78.85,1.4416,1.42099,0.41034,-0.44522,100,343.78266,1.32907,5.91605,0.24,0.14,0.5875,0.0325,0.0,0.0
10,3,21.41,78.87,1.40848,1.43605,0.43805,-0.46139,100,337.89421,0.81933,4.79771,0.18,0.09,0.6575,0.0725,0.0,0.0
10,4,21.41,78.89,1.4437,1.45501,0.44886,-0.47072,100,330.84776,0.53538,3.75857,0.1325,0.0125,0.84,0.015,0.0,0.0
10,5,21.41,78.91,1.48165,1.43533,0.43324,-0.46137,100,325.83216,0.52919,3.09762,0.0525,0.03,0.8675,0.05,0.0,0.0
10,6,21.41,78.93,1.47545,1.47042,0.47401,-0.48224,100,319.68209,0.51615,2.67504,0.0625,0.035,0.875,0.0275,0.0,0.0
10,7,21.41,78.95,1.44281,1.49096,0.48476,-0.49251,100,316.71213,0.57057,3.25015,0.0525,0.0025,0.935,0.01,0.0,0.0
10,8,21.41,78.97,1.51052,1.40179,0.41603,-0.44917,100,312.88037,0.94605,3.33869,0.09,0.0625,0.8225,0.02,0.0,0.005
10,9,21.41,78.99,1.60594,1.33467,0.35866,-0.41618,100,310.77509,1.76588,5.46953,0.19,0.0875,0.5775,0.115,0.01,0.02
10,10,21.41,79.01,1.61758,1.38559,0.3519,-0.41061,100,309.12132,2.86753,9.40938,0.45,0.18,0.2875,0.0025,0.0325,0.0475
10,11,21.41,79.03,1.54139,1.4225,0.39996,-0.44205,100,313.60851,2.27168,14.17713,0.1775,0.135,0.6225,0.0225,0.0125,0.03
10,12,21.41,79.05,1.49924,1.4134,0.38654,-0.42633,100,313.19355,0.79927,4.46715,0.02,0.055,0.925,0.0,0.0,0.0
10,13,21.41,79.07,1.55842,1.37853,0.35214,-0.40422,100,309.93892,0.68842,3.43556,0.0525,0.0775,0.865,0.005,0.0,0.0
10,14,21.41,79.09,1.64934,1.35405,0.32233,-0.39379,100,315.43235,1.16396,5.25845,0.035,0.1225,0.805,0.0325,0.005,0.0
10,15,21.41,79.11,1.69267,1.31351,0.31074,-0.39754,100,323.71617,2.29233,18.46355,0.2025,0.135,0.655,0.0075,0.0,0.0
10,16,21.41,79.13,1.59574,1.33818,0.3602,-0.41867,100,325.80905,3.04715,21.53212,0.2075,0.12,0.5925,0.02,0.0,0.06
10,17,21.41,79.15,1.58103,1.34824,0.38665,-0.43986,100,309.40567,0.84075,4.01909,0.0675,0.0675,0.835,0.03,0.0,0.0
10,18,21.41,79.17,1.6184,1.33043,0.37532,-0.44023,100,304.33846,1.01819,3.90157,0.22,0.085,0.5825,0.0125,0.085,0.015
10,19,21.41,79.19,1.57011,1.33517,0.39288,-0.43872,100,310.58951,1.43543,6.95379,0.1025,0.09,0.74,0.03,0.01,0.0275
10,20,21.41,79.21,1.60066,1.31742,0.36659,-0.43479,100,319.24516,1.58246,12.19795,0.12,0.1,0.7725,0.005,0.0,0.0025
10,21,21.41,79.23,1.62411,1.37904,0.39586,-0.46556,100,327.07593,1.90182,11.56469,0.3125,0.4975,0.19,0.0,0.0,0.0
10,22,21.41,79.25,1.62066,1.37567,0.40534,-0.4655,100,345.07088,3.52539,16.9196,0.645,0.2375,0.1,0.01,0.0,0.0075
10,23,21.41,79.27,1.53323,1.32502,0.34675,-0.42082,100,348.85179,4.29657,15.86954,0.305,0.365,0.1925,0.1275,0.005,0.005
10,24,21.41,79.29,1.60268,1.31651,0.33484,-0.4143,100,332.21596,1.82389,12.94427,0.05,0.3475,0.5875,0.0125,0.0025,0.0
10,25,21.41,79.31,1.60556,1.31644,0.33742,-0.40362,100,323.28259,0.56228,4.41061,0.005,0.0375,0.955,0.0025,0.0,0.0
10,26,21.41,79.33,1.54191,1.34478,0.35841,-0.41976,100,326.05887,2.07805,13.41575,0.16,0.15,0.63,0.06,0.0,0.0
10,27,21.41,79.35,0.95695,1.29503,-0.006,0.13433,100,314.15401,0.78092,3.99244,0.0225,0.195,0.5775,0.0025,0.0,0.2025
10,28,21.41,79.37,0.77284,1.28399,-0.13162,0.32145,100,311.92231,0.29569,1.98537,0.0,0.135,0.315,0.0,0.0,0.55
10,29,21.41,79.39,1.50609,1.32705,0.32643,-0.38741,100,317.12626,0.62856,4.12719,0.0,0.1075,0.81,0.02,0.0,0.0625
10,30,21.41,79.41,1.63734,1.349,0.36538,-0.42517,100,319.25728,1.05345,6.89143,0.135,0.13,0.7275,0.0025,0.0,0.005
10,31,21.41,79.43,1.64394,1.33606,0.35756,-0.43354,100,321.8049,1.19342,8.35547,0.175,0.1725,0.64,0.0025,0.0,0.01
10,32,21.41,79.45,1.71954,1.3308,0.3378,-0.41815,100,329.75072,1.6776,12.69604,0.2875,0.135,0.56,0.0175,0.0,0.0
10,33,21.41,79.47,1.738,1.32363,0.31566,-0.40205,100,328.31866,1.40761,10.63758,0.245,0.13,0.6175,0.0025,0.0,0.005
10,34,21.41,79.49,1.65499,1.37123,0.35863,-0.43688,100,330.72746,2.28171,17.32594,0.4525,0.08,0.4525,0.0,0.0,0.015
10,35,21.41,79.51,1.68879,1.34905,0.3291,-0.40974,100,325.01907,2.29297,19.95555,0.345,0.1875,0.4525,0.0,0.0,0.015
10,36,21.41,79.53,1.67841,1.36528,0.34103,-0.4188,100,308.28276,0.9909,8.15858,0.185,0.1625,0.6425,0.0,0.0,0.01
10,37,21.41,79.55,1.61993,1.37619,0.36403,-0.43457,100,297.21399,0.66976,5.30025,0.2075,0.085,0.7075,0.0,0.0,0.0
10,38,21.41,79.57,1.59616,1.36632,0.38111,-0.44279,100,292.29442,0.67303,2.71758,0.1075,0.0675,0.8175,0.0075,0.0,0.0
10,39,21.41,79.59,1.59955,1.37602,0.38478,-0.44056,100,290.04399,0.59555,2.89308,0.01,0.0425,0.9425,0.005,0.0,0.0
10,40,21.41,79.61,1.53107,1.40216,0.42184,-0.4598,100,286.43546,0.51725,2.40352,0.075,0.0175,0.89,0.0175,0.0,0.0
10,41,21.41,79.63,1.4754,1.48763,0.51897,-0.53098,100,285.55883,0.79065,3.73636,0.0525,0.2575,0.69,0.0,0.0,0.0
10,42,21.41,79.65,1.30102,1.65186,0.6875,-0.62897,100,290.46783,0.78307,4.1406,0.005,0.135,0.85,0.01,0.0,0.0
10,43,21.41,79.67,1.34035,1.57086,0.60746,-0.56769,100,284.00252,0.60145,3.24258,0.0675,0.0775,0.8425,0.0125,0.0,0.0
10,44,21.41,79.69,1.57432,1.36437,0.36534,-0.42323,100,282.49603,0.66237,3.03727,0.0225,0.13,0.8175,0.0275,0.0,0.0025
10,45,21.41,79.71,1.57424,1.37139,0.37802,-0.4205,100,276.75224,0.69654,4.0261,0.06,0.165,0.745,0.03,0.0,0.0
10,46,21.41,79.73,1.57115,1.39579,0.40165,-0.43555,100,272.03559,0.7659,3.59251,0.07,0.23,0.6775,0.0175,0.005,0.0
10,47,21.41,79.75,1.56445,1.40335,0.43777,-0.47247,100,267.09056,0.70922,2.7171,0.075,0.1225,0.7825,0.015,0.0,0.005
10,48,21.41,79.77,1.22089,1.69743,0.68157,-0.60306,100,268.08479,0.65164,3.65487,0.0175,0.0825,0.855,0.045,0.0,0.0
10,49,21.41,79.79,1.6758,1.33036,0.30962,-0.39792,100,263.73282,0.78818,3.41917,0.0075,0.225,0.76,0.005,0.0,0.0025
10,50,21.41,79.81,1.56618,1.39944,0.43245,-0.47247,100,262.13745,0.75255,3.47757,0.0425,0.105,0.83,0.02,0.0,0.0025
10,51,21.41,79.83,1.49793,1.46367,0.50534,-0.51198,100,260.46035,0.7963,3.60452,0.1375,0.0375,0.695,0.0175,0.0325,0.08
10,52,21.41,79.85,1.57513,1.38153,0.43162,-0.46975,100,260.67483,1.06915,5.75126,0.1625,0.095,0.425,0.01,0.19,0.1175
10,53,21.41,79.87,1.3347,1.61067,0.64043,-0.5883,100,266.50433,0.88743,5.39592,0.15,0.08,0.675,0.015,0.0,0.08
10,54,21.41,79.89,1.37245,1.55135,0.59413,-0.55086,100,270.82059,0.70228,2.91817,0.0625,0.0275,0.8825,0.0275,0.0,0.0
10,55,21.41,79.91,1.53831,1.37853,0.36456,-0.42423,100,274.50721,0.60301,3.49256,0.04,0.045,0.8375,0.0675,0.0,0.01
10,56,21.41,79.93,1.54853,1.27261,0.30295,-0.38371,100,279.45518,0.80694,4.05864,0.0675,0.0875,0.4725,0.3625,0.005,0.005
10,57,21.41,79.95,1.70947,1.29455,0.27599,-0.38468,100,282.71793,0.77505,3.64519,0.02,0.0775,0.6825,0.0625,0.03,0.1275
10,58,21.41,79.97,1.37748,1.19208,0.23609,-0.27152,100,286.05345,0.97581,4.72918,0.11,0.2375,0.175,0.2375,0.1075,0.1325
10,59,21.41,79.99,1.71529,1.37234,0.36336,-0.43521,100,290.08011,0.88507,4.42875,0.25,0.185,0.4825,0.0125,0.0275,0.0425
10,60,21.41,80.01,1.74824,1.44524,0.42039,-0.49621,100,299.94083,1.05316,5.34197,0.5625,0.055,0.3825,0.0,0.0,0.0
10,61,21.41,80.03,1.83558,1.51644,0.42578,-0.50968,100,316.49331,2.90171,13.56609,0.8025,0.075,0.0275,0.0,0.0,0.095
10,62,21.41,80.05,1.84472,1.45902,0.37602,-0.5042,100,329.45096,3.6634,13.92705,0.835,0.04,0.12,0.005,0.0,0.0
10,63,21.41,80.07,1.80839,1.48853,0.39553,-0.50713,100,350.85618,4.20778,22.46617,0.9525,0.02,0.025,0.0,0.0,0.0025
10,64,21.41,80.09,1.81623,1.4976,0.39141,-0.50904,100,375.55343,4.78544,17.65037,0.9,0.0125,0.0875,0.0,0.0,0.0
10,65,21.41,80.11,1.67766,1.44723,0.39876,-0.47891,100,348.50363,2.1482,10.40708,0.48,0.18,0.28,0.0025,0.0,0.0575
10,66,21.41,80.13,1.65298,1.4031,0.36789,-0.44974,100,332.82693,0.69798,3.31239,0.06,0.025,0.8475,0.0375,0.0,0.03
10,67,21.41,80.15,1.59748,1.38824,0.37396,-0.44451,100,325.17822,0.63175,3.97372,0.0425,0.0675,0.8625,0.0225,0.0,0.005
10,68,21.41,80.17,1.7124,1.33173,0.30149,-0.41903,100,318.92848,0.71978,2.59946,0.055,0.2475,0.6675,0.0275,0.0,0.0025
10,69,21.41,80.19,1.74604,1.32416,0.26015,-0.39212,100,312.1705,0.51981,3.31006,0.0325,0.11,0.835,0.0225,0.0,0.0
10,70,21.41,80.21,1.6505,1.35284,0.33835,-0.4292,100,306.18065,0.57297,2.09026,0.095,0.065,0.8175,0.0225,0.0,0.0
10,71,21.41,80.23,1.73083,1.33013,0.31574,-0.42648,100,311.00228,0.71934,3.59342,0.0875,0.1,0.7825,0.03,0.0,0.0
10,72,21.41,80.25,1.80435,1.29926,0.26345,-0.39412,100,319.91246,0.84972,3.99213,0.0825,0.2125,0.665,0.02,0.0,0.02
10,73,21.41,80.27,1.73207,1.3515,0.32401,-0.42904,100,319.19269,0.93633,5.48484,0.055,0.15,0.7575,0.0375,0.0,0.0
10,74,21.41,80.29,1.69994,1.36877,0.35529,-0.4395,100,313.68291,0.79305,3.6742,0.1725,0.165,0.6375,0.02,0.0,0.005
10,75,21.41,80.31,1.75129,1.33,0.30273,-0.41766,100,320.6992,0.88384,4.47187,0.06,0.1275,0.765,0.0325,0.005,0.01
10,76,21.41,80.33,1.70159,1.32617,0.30596,-0.41934,100,320.51796,1.25505,6.61715,0.075,0.1925,0.6725,0.0325,0.02,0.0075
10,77,21.41,80.35,1.37615,1.51944,0.55072,-0.53385,100,312.46202,0.67309,4.25722,0.0575,0.02,0.9125,0.01,0.0,0.0
10,78,21.41,80.37,1.63225,1.40178,0.39619,-0.45494,100,306.6028,0.79849,4.63492,0.0725,0.07,0.8025,0.0525,0.0,0.0025
10,79,21.41,80.39,1.47503,1.46525,0.4885,-0.50244,100,298.75517,0.77508,2.6523,0.1225,0.0825,0.7475,0.015,0.0,0.0325
10,80,21.41,80.41,1.50499,1.47743,0.50468,-0.52621,100,299.64101,0.61335,2.8897,0.07,0.03,0.85,0.0275,0.0,0.0225
10,81,21.41,80.43,1.75127,1.34978,0.31997,-0.42388,100,303.39492,0.58597,2.91738,0.0425,0.02,0.8725,0.06,0.0,0.005
10,82,21.41,80.45,1.63339,1.40997,0.41211,-0.47141,100,300.09435,0.8546,2.41197,0.3225,0.0225,0.6525,0.0025,0.0,0.0
10,83,21.41,80.47,1.68792,1.39014,0.37666,-0.45766,100,302.4996,0.49631,1.54618,0.1175,0.0125,0.845,0.025,0.0,0.0
10,84,21.41,80.49,1.61614,1.42013,0.43962,-0.48672,100,304.8784,0.4665,1.54526,0.16,0.0,0.83,0.01,0.0,0.0
10,85,21.41,80.51,1.70254,1.3834,0.38625,-0.46756,100,307.0553,0.49697,2.01105,0.1075,0.005,0.86,0.0225,0.0,0.005
10,86,21.41,80.53,1.32349,1.68692,0.65654,-0.59974,100,311.04958,0.31722,1.52514,0.0525,0.0,0.9425,0.005,0.0,0.0
10,87,21.41,80.55,1.59823,1.46525,0.4919,-0.52493,100,313.24163,0.50736,1.47891,0.3425,0.0325,0.6125,0.01,0.0,0.0025
10,88,21.41,80.57,1.62775,1.5194,0.51361,-0.53508,100,317.57335,0.91683,3.5961,0.205,0.0225,0.755,0.01,0.0,0.0075
10,89,21.41,80.59,1.86137,1.46103,0.39514,-0.50946,100,355.65734,6.54418,39.39656,0.83,0.0725,0.0475,0.0,0.0,0.05
11,0,21.43,78.81,1.51791,1.3898,0.31873,-0.40975,100,380.91249,2.63965,16.98544,0.165,0.2225,0.4775,0.0325,0.0,0.1025
11,1,21.43,78.83,1.58399,1.40805,0.38883,-0.44312,100,372.18273,2.59463,21.27803,0.255,0.2725,0.4525,0.02,0.0,0.0
11,2,21.43,78.85,1.48331,1.43668,0.42981,-0.45818,100,356.46663,2.31871,13.88061,0.325,0.1775,0.485,0.0125,0.0,0.0
11,3,21.43,78.87,1.47726,1.43847,0.42802,-0.46113,100,344.50801,1.96004,12.85326,0.13,0.0875,0.7825,0.0,0.0,0.0
11,4,21.43,78.89,1.4472,1.43695,0.43818,-0.46241,100,329.43784,0.43527,2.63843,0.0275,0.015,0.94,0.0175,0.0,0.0
11,5,21.43,78.91,1.51215,1.45024,0.46742,-0.47974,100,324.2559,0.479,2.45899,0.0125,0.0075,0.9725,0.0075,0.0,0.0
11,6,21.43,78.93,1.51067,1.48703,0.48511,-0.49341,100,319.36972,0.60631,3.41379,0.0425,0.015,0.9125,0.03,0.0,0.0
11,7,21.43,78.95,1.51001,1.43663,0.45684,-0.47636,100,316.30878,0.59575,2.57769,0.015,0.01,0.965,0.01,0.0,0.0
11,8,21.43,78.97,1.55189,1.41802,0.44187,-0.46863,100,313.16601,1.00201,4.80795,0.045,0.0925,0.79,0.035,0.0075,0.03
11,9,21.43,78.99,1.58682,1.36697,0.39972,-0.446,100,309.69532,1.33586,4.09231,0.115,0.075,0.6825,0.07,0.015,0.0425
11,10,21.43,79.01,1.60346,1.41106,0.39352,-0.44232,100,314.29032,2.40048,10.48536,0.1625,0.1225,0.6825,0.03,0.0025,0.0
11,11,21.43,79.03,1.56608,1.41348,0.42525,-0.46404,100,319.5663,1.18324,5.45856,0.055,0.0825,0.82,0.0425,0.0,0.0
11,12,21.43,79.05,1.56388,1.3906,0.38139,-0.42167,100,322.99484,0.52511,2.37928,0.02,0.0025,0.9725,0.005,0.0,0.0
11,13,21.43,79.07,1.67245,1.34176,0.31709,-0.39584,100,318.695,0.69997,4.01465,0.02,0.04,0.9375,0.0025,0.0,0.0
11,14,21.43,79.09,1.65099,1.39034,0.36186,-0.4371,100,325.3904,1.00248,8.20393,0.22,0.1825,0.5975,0.0,0.0,0.0
11,15,21.43,79.11,1.687,1.40167,0.33442,-0.43097,100,356.84531,5.08199,30.95952,0.615,0.34,0.045,0.0,0.0,0.0
11,16,21.43,79.13,1.67233,1.40335,0.35836,-0.45511,100,359.91472,5.99321,29.95421,0.7625,0.225,0.0025,0.0,0.0,0.01
11,17,21.43,79.15,1.61891,1.38035,0.36169,-0.44181,100,334.78367,5.7458,25.60426,0.53,0.17,0.3,0.0,0.0,0.0
11,18,21.43,79.17,1.58842,1.27772,0.34848,-0.4134,100,311.08081,1.05546,6.60346,0.17,0.0525,0.765,0.0125,0.0,0.0
11,19,21.43,79.19,1.63813,1.27886,0.33466,-0.40668,100,306.76881,1.60187,5.86769,0.205,0.07,0.61,0.015,0.075,0.025
11,20,21.43,79.21,1.62238,1.34112,0.36376,-0.44491,100,314.99384,1.86757,11.03683,0.3775,0.285,0.335,0.0,0.0025,0.0
11,21,21.43,79.23,1.53334,1.40435,0.45271,-0.47811,100,339.26908,3.00677,19.3096,0.925,0.06,0.015,0.0,0.0,0.0
11,22,21.43,79.25,1.62878,1.38146,0.41818,-0.47524,100,348.34548,2.68594,19.06956,0.6425,0.2725,0.085,0.0,0.0,0.0
11,23,21.43,79.27,1.65355,1.24105,0.27676,-0.35882,100,341.60148,0.80574,5.45801,0.03,0.115,0.8325,0.0225,0.0,0.0
11,24,21.43,79.29,1.60946,1.28266,0.32296,-0.39617,100,333.53174,0.73454,3.11998,0.0325,0.17,0.7325,0.0575,0.0075,0.0
11,25,21.43,79.31,1.6274,1.30228,0.3282,-0.40496,100,328.92448,1.13781,4.58817,0.075,0.185,0.7325,0.0075,0.0,0.0
11,26,21.43,79.33,1.55545,1.35279,0.35672,-0.41684,100,322.92922,0.73713,2.88253,0.0425,0.1075,0.84,0.005,0.005,0.0
11,27,21.43,79.35,1.57709,1.31689,0.3199,-0.38,100,320.28606,0.55899,3.2527,0.0075,0.0775,0.905,0.01,0.0,0.0
11,28,21.43,79.37,1.61718,1.27447,0.29924,-0.37,100,319.73301,0.5527,3.11672,0.0125,0.075,0.9025,0.01,0.0,0.0
11,29,21.43,79.39,1.63504,1.33523,0.35233,-0.41358,100,322.09767,0.7591,3.91034,0.025,0.125,0.8375,0.0075,0.005,0.0
11,30,21.43,79.41,1.64779,1.38688,0.39373,-0.4437,100,345.17819,4.00221,23.4955,0.5025,0.19,0.295,0.0,0.0,0.0125
11,31,21.43,79.43,1.67809,1.35137,0.36754,-0.44311,100,350.60342,3.49858,26.55679,0.375,0.185,0.4225,0.015,0.0,0.0025
11,32,21.43,79.45,1.61412,1.46347,0.44878,-0.4834,100,391.69236,7.02069,33.06997,0.885,0.06,0.05,0.0,0.0,0.005
11,33,21.43,79.47,1.58939,1.45852,0.44223,-0.47973,100,390.3903,4.39929,21.30886,1.0,0.0,0.0,0.0,0.0,0.0
11,34,21.43,79.49,1.57745,1.45011,0.442,-0.4715,100,376.01627,3.69618,13.97284,1.0,0.0,0.0,0.0,0.0,0.0
11,35,21.43,79.51,1.58678,1.43192,0.4105,-0.46319,100,373.295,4.1302,17.46328,0.9975,0.0025,0.0,0.0,0.0,0.0
11,36,21.43,79.53,1.62114,1.42328,0.40033,-0.46438,100,342.84944,3.76462,15.02873,0.945,0.035,0.0125,0.005,0.0,0.0025
11,37,21.43,79.55,1.5934,1.38365,0.39276,-0.44891,100,315.16065,1.8367,8.93276,0.5425,0.12,0.2425,0.005,0.0,0.09
11,38,21.43,79.57,1.66274,1.38259,0.37163,-0.45448,100,304.77425,1.4495,7.49094,0.3125,0.2825,0.405,0.0,0.0,0.0
11,39,21.43,79.59,1.5782,1.3643,0.39551,-0.44579,100,296.04999,0.72846,4.1172,0.085,0.13,0.72,0.0175,0.0,0.0475
11,40,21.43,79.61,1.62549,1.3707,0.38776,-0.44232,100,293.32846,0.67447,4.33743,0.0725,0.08,0.8325,0.015,0.0,0.0
11,41,21.43,79.63,1.51415,1.47435,0.50841,-0.53097,100,291.63486,0.67912,3.36445,0.195,0.12,0.685,0.0,0.0,0.0
11,42,21.43,79.65,1.27616,1.70704,0.68645,-0.60947,100,294.77001,0.70621,3.06294,0.0125,0.08,0.9025,0.005,0.0,0.0
11,43,21.43,79.67,1.53291,1.41102,0.42259,-0.46569,100,290.72282,0.66292,3.51798,0.0975,0.13,0.7425,0.0275,0.0,0.0025
11,44,21.43,79.69,1.6343,1.35851,0.38386,-0.44399,100,288.30522,0.97226,3.37675,0.0725,0.25,0.665,0.005,0.0025,0.005
11,45,21.43,79.71,1.36162,1.50928,0.56226,-0.50614,100,280.50976,1.03897,6.17146,0.03,0.09,0.84,0.035,0.0,0.005
11,46,21.43,79.73,1.46081,1.45997,0.54231,-0.54086,100,272.61686,0.67481,2.44497,0.1325,0.1125,0.735,0.02,0.0,0.0
11,47,21.43,79.75,1.66076,1.37777,0.37172,-0.45317,100,277.22091,1.31793,7.35062,0.1375,0.245,0.5825,0.015,0.0,0.02
11,48,21.43,79.77,1.32055,1.57349,0.60367,-0.55385,100,274.45324,0.68717,3.82695,0.015,0.1,0.8525,0.005,0.0,0.0275
11,49,21.43,79.79,1.45196,1.43643,0.49949,-0.48788,100,272.81286,0.75485,3.98549,0.015,0.135,0.815,0.0175,0.0,0.0175
11,50,21.43,79.81,1.49694,1.4684,0.5085,-0.50185,100,270.03087,0.65196,4.08383,0.0175,0.1125,0.8475,0.02,0.0025,0.0
11,51,21.43,79.83,1.47675,1.48499,0.53767,-0.51882,100,265.31815,0.43716,2.44846,0.06,0.005,0.935,0.0,0.0,0.0
11,52,21.43,79.85,1.51458,1.42499,0.46741,-0.49651,100,264.12905,0.45985,1.54422,0.26,0.0175,0.7125,0.01,0.0,0.0
11,53,21.43,79.87,1.49328,1.48187,0.54539,-0.54161,100,263.17069,0.95008,5.14503,0.075,0.095,0.6775,0.01,0.01,0.1325
11,54,21.43,79.89,1.5967,1.40186,0.42858,-0.47724,100,264.56936,1.0242,5.16663,0.29,0.16,0.4575,0.0075,0.025,0.06
11,55,21.43,79.91,1.27758,1.64013,0.64741,-0.56716,100,274.81901,0.87234,4.31502,0.11,0.135,0.7175,0.0325,0.0,0.005
11,56,21.43,79.93,1.34884,1.61956,0.65264,-0.5778,100,281.96899,0.81292,3.49382,0.05,0.025,0.8825,0.04,0.0,0.0025
11,57,21.43,79.95,1.72472,1.33844,0.31123,-0.41229,100,283.9079,0.86601,4.67733,0.0475,0.0825,0.8675,0.0025,0.0,0.0
11,58,21.43,79.97,1.72281,1.33943,0.32384,-0.41985,100,291.64219,1.0474,5.51305,0.0975,0.3425,0.495,0.04,0.0175,0.0075
11,59,21.43,79.99,1.66101,1.33848,0.31284,-0.4055,100,295.98899,0.81925,4.00127,0.0775,0.1775,0.6825,0.06,0.0025,0.0
11,60,21.43,80.01,1.69413,1.3836,0.34921,-0.42768,100,297.7367,0.63527,3.31696,0.0275,0.0475,0.9075,0.0075,0.0075,0.0025
11,61,21.43,80.03,1.81457,1.41384,0.38531,-0.46097,100,311.94332,1.70974,9.56905,0.42,0.19,0.365,0.0075,0.0025,0.015
11,62,21.43,80.05,1.79854,1.48633,0.41073,-0.50577,100,324.55266,2.81745,16.00852,0.725,0.04,0.235,0.0,0.0,0.0
11,63,21.43,80.07,1.78751,1.50836,0.40601,-0.50899,100,347.78506,6.15185,26.79683,0.7625,0.035,0.1775,0.0,0.0,0.025
11,64,21.43,80.09,1.82284,1.53597,0.41225,-0.51745,100,420.83482,13.73036,66.3048,0.995,0.005,0.0,0.0,0.0,0.0
11,65,21.43,80.11,1.81795,1.53529,0.40403,-0.50773,100,377.83013,9.82808,58.47249,0.905,0.0375,0.045,0.0,0.0,0.0125
11,66,21.43,80.13,1.82184,1.40716,0.35122,-0.46308,100,332.75909,1.44121,5.76724,0.4175,0.235,0.3425,0.005,0.0,0.0
11,67,21.43,80.15,1.6225,1.40314,0.38914,-0.45744,100,325.94527,0.78752,3.9783,0.05,0.0325,0.8625,0.055,0.0,0.0
11,68,21.43,80.17,1.68091,1.33775,0.301,-0.42144,100,315.18639,0.66854,3.40083,0.05,0.1875,0.755,0.0075,0.0,0.0
11,69,21.43,80.19,1.68498,1.28619,0.25559,-0.3782,100,314.17651,0.67635,3.42387,0.0575,0.1575,0.5875,0.1825,0.0,0.015
11,70,21.43,80.21,1.62035,1.31915,0.25849,-0.38129,100,306.07207,0.63008,2.9432,0.105,0.04,0.705,0.15,0.0,0.0
11,71,21.43,80.23,1.65834,1.32396,0.30815,-0.4116,100,305.67951,0.5921,2.94015,0.0525,0.06,0.7675,0.12,0.0,0.0
11,72,21.43,80.25,1.7603,1.33808,0.30788,-0.42385,100,314.41857,0.66878,4.11901,0.0225,0.1925,0.7275,0.015,0.0,0.0425
11,73,21.43,80.27,1.66819,1.35577,0.36202,-0.44522,100,311.23583,0.8046,4.60721,0.065,0.1525,0.7575,0.02,0.0,0.005
11,74,21.43,80.29,1.67815,1.38048,0.38444,-0.45848,100,307.93857,0.6935,4.23429,0.05,0.0875,0.84,0.0225,0.0,0.0
11,75,21.43,80.31,1.68175,1.36766,0.36462,-0.4562,100,312.25901,0.8067,3.85276,0.075,0.02,0.83,0.0675,0.0,0.0075
11,76,21.43,80.33,1.7143,1.33192,0.29701,-0.41786,100,322.39544,1.49145,7.67391,0.0525,0.3425,0.575,0.0125,0.0125,0.005
11,77,21.43,80.35,1.51219,1.44235,0.44874,-0.48946,100,312.90679,0.83141,4.74578,0.065,0.0475,0.8625,0.015,0.0,0.01
11,78,21.43,80.37,1.71737,1.39594,0.34659,-0.43656,100,306.72812,0.6889,3.67817,0.065,0.0175,0.8675,0.05,0.0,0.0
11,79,21.43,80.39,1.70657,1.42341,0.32831,-0.43521,100,300.745,0.84131,4.17187,0.1025,0.0575,0.8175,0.0225,0.0,0.0
11,80,21.43,80.41,1.35444,1.58262,0.57036,-0.54904,100,298.05143,1.12589,3.26815,0.28,0.0125,0.6375,0.03,0.0,0.04
11,81,21.43,80.43,1.47173,1.51359,0.50953,-0.52031,100,297.78838,0.74848,2.35067,0.2175,0.0125,0.745,0.0175,0.0,0.0075
11,82,21.43,80.45,1.61458,1.44484,0.41915,-0.48198,100,298.7789,0.65189,2.08246,0.23,0.035,0.71,0.025,0.0,0.0
11,83,21.43,80.47,1.81144,1.36637,0.33182,-0.44286,100,301.69606,0.81859,2.52749,0.2975,0.1375,0.56,0.005,0.0,0.0
11,84,21.43,80.49,1.81429,1.35662,0.31151,-0.43301,100,306.58918,0.79817,3.09331,0.2225,0.16,0.605,0.0025,0.0,0.01
11,85,21.43,80.51,1.7749,1.35899,0.30891,-0.42419,100,308.37673,0.76604,3.74727,0.14,0.085,0.755,0.02,0.0,0.0
11,86,21.43,80.53,1.72574,1.40882,0.38217,-0.47045,100,311.44369,0.8775,3.46212,0.22,0.045,0.73,0.0025,0.0025,0.0
11,87,21.43,80.55,1.85465,1.39087,0.32925,-0.43919,100,316.34503,1.07174,6.35446,0.1,0.095,0.7875,0.01,0.0,0.0075
11,88,21.43,80.57,1.93334,1.37473,0.28584,-0.42342,100,321.78111,1.02746,7.688,0.1375,0.0825,0.745,0.03,0.0,0.005
11,89,21.43,80.59,1.38844,1.39072,0.29382,-0.30637,100,327.01717,2.94324,13.09466,0.2925,0.265,0.095,0.0,0.0,0.3475
12,0,21.45,78.81,1.66159,1.3728,0.22858,-0.36362,100,411.68128,3.22617,14.25746,0.3025,0.3325,0.335,0.0,0.0,0.03
12,1,21.45,78.83,1.66972,1.39387,0.30815,-0.42006,100,385.57407,4.78622,20.5443,0.2125,0.3375,0.4275,0.015,0.0,0.0075
12,2,21.45,78.85,1.75842,1.39131,0.27886,-0.39906,100,392.56191,5.64799,23.93333,0.1425,0.415,0.4425,0.0,0.0,0.0
12,3,21.45,78.87,1.48756,1.3992,0.41368,-0.45401,100,347.34213,1.57706,12.15072,0.06,0.055,0.8525,0.0325,0.0,0.0
12,4,21.45,78.89,1.50227,1.43392,0.44439,-0.46784,100,333.19137,0.71499,2.96513,0.1275,0.0125,0.84,0.02,0.0,0.0
12,5,21.45,78.91,1.55457,1.42638,0.4421,-0.46722,100,324.7783,0.70853,3.73452,0.0275,0.035,0.9275,0.01,0.0,0.0
12,6,21.45,78.93,1.55545,1.43599,0.45436,-0.47764,100,317.00612,0.79784,3.26575,0.0125,0.005,0.97,0.0125,0.0,0.0
12,7,21.45,78.95,1.65064,1.37075,0.37428,-0.427,100,312.23039,1.35126,4.46624,0.1225,0.1475,0.6175,0.0325,0.02,0.06
12,8,21.45,78.97,1.64863,1.3645,0.39593,-0.44884,100,312.86234,1.11428,4.30971,0.105,0.035,0.8,0.0025,0.015,0.0425
12,9,21.45,78.99,1.59079,1.4285,0.45343,-0.48204,100,313.7712,0.65621,2.20662,0.0825,0.02,0.895,0.0025,0.0,0.0
12,10,21.45,79.01,1.63256,1.39632,0.38658,-0.4306,100,318.5723,1.11027,6.6979,0.1475,0.1175,0.735,0.0,0.0,0.0
12,11,21.45,79.03,1.6665,1.43761,0.339,-0.40678,100,331.20471,2.2506,9.60769,0.445,0.1475,0.405,0.0025,0.0,0.0
12,12,21.45,79.05,1.5903,1.40411,0.3831,-0.42367,100,331.91102,0.85838,4.45643,0.0975,0.0225,0.87,0.01,0.0,0.0
12,13,21.45,79.07,1.74423,1.34265,0.30324,-0.39455,100,332.67332,1.09484,6.05609,0.115,0.255,0.6125,0.015,0.0,0.0025
12,14,21.45,79.09,1.64178,1.39422,0.34941,-0.42757,100,335.49777,2.09983,12.75117,0.31,0.2075,0.4125,0.005,0.0,0.065
12,15,21.45,79.11,1.64212,1.42818,0.3452,-0.42804,100,377.33733,6.26017,44.67775,0.6975,0.1925,0.11,0.0,0.0,0.0
12,16,21.45,79.13,1.65127,1.27477,0.31622,-0.41671,100,349.38125,4.53282,43.25944,0.31,0.1275,0.56,0.0025,0.0,0.0
12,17,21.45,79.15,1.60812,1.26438,0.33203,-0.40614,100,317.33133,0.41698,2.80221,0.0375,0.0475,0.9025,0.0125,0.0,0.0
12,18,21.45,79.17,1.57249,1.28704,0.35141,-0.4037,100,316.26767,0.82564,5.11965,0.0675,0.03,0.8875,0.015,0.0,0.0
12,19,21.45,79.19,1.61684,1.29258,0.32417,-0.40213,100,313.34787,3.12929,10.46038,0.325,0.1825,0.4225,0.015,0.0225,0.0325
12,20,21.45,79.21,1.58283,1.38059,0.39373,-0.4462,100,332.18897,2.69931,18.90358,0.63,0.265,0.1025,0.0,0.0025,0.0
12,21,21.45,79.23,1.56607,1.40167,0.41175,-0.46158,100,342.73807,3.51427,22.32196,0.6175,0.2825,0.0975,0.0025,0.0,0.0
12,22,21.45,79.25,1.66982,1.32738,0.34079,-0.43662,100,338.20302,1.3394,8.50224,0.12,0.4125,0.4625,0.0025,0.0025,0.0
12,23,21.45,79.27,1.61947,1.31081,0.33895,-0.40563,100,344.05828,0.75235,4.06502,0.0725,0.0725,0.83,0.0225,0.0025,0.0
12,24,21.45,79.29,1.60733,1.32491,0.35823,-0.41964,100,340.48612,0.87066,4.75886,0.105,0.1325,0.7425,0.02,0.0,0.0
12,25,21.45,79.31,1.65143,1.28281,0.31625,-0.3893,100,335.94056,1.33728,6.60193,0.295,0.265,0.415,0.0175,0.0075,0.0
12,26,21.45,79.33,1.59322,1.33228,0.34904,-0.42193,100,331.79553,1.10859,5.91256,0.11,0.1475,0.72,0.01,0.0,0.0125
12,27,21.45,79.35,1.60566,1.31092,0.33075,-0.40654,100,331.70485,1.17709,5.84138,0.0975,0.1525,0.73,0.0125,0.0,0.0075
12,28,21.45,79.37,1.65196,1.29897,0.31761,-0.3964,100,330.4839,0.78727,4.79875,0.13,0.245,0.615,0.01,0.0,0.0
12,29,21.45,79.39,1.66449,1.28159,0.32542,-0.4045,100,331.5301,1.50373,6.52272,0.175,0.205,0.595,0.0225,0.0025,0.0
12,30,21.45,79.41,1.71712,1.3254,0.33608,-0.42723,100,351.75753,3.59236,22.4653,0.4925,0.265,0.215,0.0025,0.0,0.025
12,31,21.45,79.43,1.61577,1.40464,0.43308,-0.47498,100,399.38826,6.00178,25.03789,0.9625,0.0275,0.01,0.0,0.0,0.0
12,32,21.45,79.45,1.62641,1.46377,0.45213,-0.49208,100,418.59664,3.04738,10.93322,0.995,0.005,0.0,0.0,0.0,0.0
12,33,21.45,79.47,1.60342,1.46491,0.43277,-0.48266,100,409.30977,2.69404,11.54958,0.9925,0.0075,0.0,0.0,0.0,0.0
12,34,21.45,79.49,1.62223,1.4475,0.42276,-0.47576,100,394.83004,3.3045,15.07159,1.0,0.0,0.0,0.0,0.0,0.0
12,35,21.45,79.51,1.59701,1.43764,0.42168,-0.46869,100,361.85035,2.7872,19.10956,0.9975,0.0025,0.0,0.0,0.0,0.0
12,36,21.45,79.53,1.63078,1.4203,0.40788,-0.4667,100,346.97248,3.34701,23.58769,0.8775,0.065,0.0575,0.0,0.0,0.0
12,37,21.45,79.55,1.62483,1.38888,0.40412,-0.46093,100,327.39421,2.48756,13.922,0.6775,0.1225,0.1725,0.015,0.0,0.0125
12,38,21.45,79.57,1.60944,1.38557,0.40086,-0.45539,100,314.01982,1.51709,9.12655,0.575,0.215,0.21,0.0,0.0,0.0
12,39,21.45,79.59,1.64552,1.38482,0.38854,-0.45822,100,314.33491,2.02704,13.90489,0.7025,0.235,0.02,0.0,0.0,0.0425
12,40,21.45,79.61,1.76599,1.39472,0.37871,-0.46972,100,354.99717,7.28042,47.9407,0.805,0.06,0.1325,0.0,0.0,0.0025
12,41,21.45,79.63,1.72106,1.44781,0.42149,-0.4876,100,382.37125,9.08885,67.81369,0.835,0.08,0.0775,0.0,0.0,0.0075
12,42,21.45,79.65,1.65262,1.45394,0.4528,-0.4925,100,322.82972,4.36973,38.50638,0.4225,0.115,0.45,0.0,0.0,0.0125
12,43,21.45,79.67,1.62448,1.44283,0.43975,-0.48128,100,309.15536,3.80929,30.82245,0.4,0.2275,0.35,0.0,0.0,0.0225
12,44,21.45,79.69,1.24136,1.589,0.61161,-0.54908,100,285.36863,0.87186,4.61154,0.275,0.0575,0.655,0.0125,0.0,0.0
12,45,21.45,79.71,1.63962,1.4341,0.43213,-0.49166,100,297.72568,5.22686,29.42268,0.4775,0.2125,0.31,0.0,0.0,0.0
12,46,21.45,79.73,1.74129,1.42311,0.40701,-0.48587,100,287.99625,2.17121,16.38049,0.6775,0.145,0.1775,0.0,0.0,0.0
12,47,21.45,79.75,1.76708,1.44582,0.3898,-0.48966,100,306.29979,4.15057,17.95792,0.7875,0.11,0.1,0.0,0.0,0.0025
12,48,21.45,79.77,1.75465,1.38458,0.35324,-0.44745,100,293.77808,2.62438,15.98417,0.4775,0.3125,0.185,0.005,0.0,0.02
12,49,21.45,79.79,1.55235,1.42301,0.47535,-0.48371,100,281.53939,0.95565,5.66268,0.09,0.2075,0.6925,0.0,0.0025,0.0075
12,50,21.45,79.81,1.3183,1.63337,0.64875,-0.59525,100,275.77253,0.58791,2.83727,0.0075,0.1075,0.8575,0.0175,0.0025,0.0075
12,51,21.45,79.83,1.66215,1.35156,0.35091,-0.42166,100,270.98987,0.56491,3.16386,0.0375,0.025,0.875,0.0575,0.0025,0.0025
12,52,21.45,79.85,1.65578,1.36392,0.36936,-0.43485,100,268.24264,0.49785,2.76319,0.065,0.015,0.88,0.04,0.0,0.0
12,53,21.45,79.87,1.41777,1.57022,0.60952,-0.57332,100,266.50233,0.29328,1.34335,0.015,0.005,0.965,0.01,0.0,0.005
12,54,21.45,79.89,1.20527,1.50091,0.44782,-0.41899,100,261.97976,1.07755,6.14947,0.155,0.0675,0.3675,0.02,0.0,0.39
12,55,21.45,79.91,1.30918,1.64011,0.63288,-0.56897,100,269.25098,0.82733,4.84571,0.16,0.075,0.7325,0.025,0.0,0.0075
12,56,21.45,79.93,1.47539,1.50758,0.56223,-0.52266,100,271.17446,0.88502,3.69949,0.285,0.0375,0.6675,0.0075,0.0,0.0025
12,57,21.45,79.95,1.69432,1.36882,0.33013,-0.42259,100,276.22836,0.86202,3.44619,0.075,0.125,0.7125,0.0275,0.0,0.06
12,58,21.45,79.97,1.71191,1.36521,0.3372,-0.43108,100,285.79551,0.92343,4.59651,0.07,0.1025,0.7825,0.0225,0.0,0.0225
12,59,21.45,79.99,1.70039,1.35494,0.32857,-0.42551,100,291.80646,0.68398,3.81689,0.0075,0.0225,0.885,0.0775,0.0,0.0075
12,60,21.45,80.01,1.68779,1.38299,0.35127,-0.4341,100,293.85927,0.74363,4.64887,0.0125,0.04,0.9175,0.03,0.0,0.0
12,61,21.45,80.03,1.73236,1.34325,0.32115,-0.419,100,301.29423,0.88749,5.43344,0.0525,0.0425,0.8175,0.0825,0.0,0.005
12,62,21.45,80.05,1.74141,1.35583,0.33152,-0.43176,100,305.73307,1.205,5.57874,0.2,0.21,0.5375,0.05,0.0025,0.0
12,63,21.45,80.07,1.75202,1.38768,0.3285,-0.43005,100,310.06833,1.2223,7.0271,0.34,0.055,0.5875,0.0075,0.0,0.01
12,64,21.45,80.09,1.80025,1.43928,0.38493,-0.48284,100,317.10568,1.76568,12.08778,0.65,0.0625,0.2725,0.0025,0.0,0.0125
12,65,21.45,80.11,1.72643,1.38328,0.36513,-0.44507,100,314.73528,1.19725,8.32746,0.325,0.0825,0.585,0.0075,0.0,0.0
12,66,21.45,80.13,1.82465,1.41643,0.36528,-0.47412,100,331.63426,4.28475,17.93019,0.6925,0.2375,0.0675,0.0,0.0,0.0025
12,67,21.45,80.15,1.58172,1.40573,0.38992,-0.45851,100,323.31448,0.76002,4.13017,0.0775,0.0625,0.8175,0.0375,0.0,0.005
12,68,21.45,80.17,1.63457,1.27344,0.24412,-0.36646,100,318.27866,0.8735,4.04893,0.015,0.105,0.6075,0.255,0.0,0.0175
12,69,21.45,80.19,1.52876,1.19707,0.24451,-0.34578,100,312.99649,0.76015,4.47266,0.1,0.1025,0.24,0.5575,0.0,0.0
12,70,21.45,80.21,1.54493,1.22248,0.25544,-0.34938,100,306.82274,0.63132,3.64941,0.1075,0.0475,0.3475,0.4975,0.0,0.0
12,71,21.45,80.23,1.61214,1.3736,0.36324,-0.43699,100,302.7543,0.6336,2.3625,0.165,0.1425,0.6825,0.01,0.0,0.0
12,72,21.45,80.25,1.71702,1.31643,0.31046,-0.41993,100,312.38863,0.68956,3.07393,0.0525,0.1875,0.7125,0.04,0.0,0.0075
12,73,21.45,80.27,1.61013,1.3867,0.39763,-0.46841,100,304.64012,0.77225,4.10824,0.095,0.1275,0.745,0.0325,0.0,0.0
12,74,21.45,80.29,1.56004,1.44798,0.4257,-0.48316,100,303.38295,0.55517,3.54423,0.1125,0.0475,0.8225,0.0125,0.0,0.005
12,75,21.45,80.31,1.59699,1.45086,0.45213,-0.49483,100,310.25202,0.71368,3.8661,0.075,0.0325,0.865,0.0225,0.0,0.005
12,76,21.45,80.33,1.52252,1.47299,0.48545,-0.50827,100,307.12596,0.80111,3.46641,0.145,0.07,0.7825,0.0025,0.0,0.0
12,77,21.45,80.35,1.42414,1.50931,0.51567,-0.50516,100,304.22462,0.7043,3.73343,0.1525,0.015,0.8,0.0325,0.0,0.0
12,78,21.45,80.37,1.7316,1.38007,0.33233,-0.43663,100,305.17246,0.71161,3.32315,0.035,0.0075,0.9275,0.03,0.0,0.0
12,79,21.45,80.39,1.68825,1.41733,0.3661,-0.46458,100,301.12378,0.70091,3.37693,0.04,0.0175,0.92,0.02,0.0,0.0025
12,80,21.45,80.41,1.65736,1.41996,0.3776,-0.45218,100,297.11553,1.07301,4.09343,0.245,0.155,0.57,0.005,0.0125,0.0125
12,81,21.45,80.43,1.60697,1.43315,0.42753,-0.48328,100,297.53725,0.6019,2.1881,0.1,0.05,0.8175,0.0275,0.0,0.005
12,82,21.45,80.45,1.68216,1.39766,0.37388,-0.458,100,300.36576,0.56161,2.07082,0.115,0.025,0.83,0.0275,0.0,0.0025
12,83,21.45,80.47,1.60548,1.41212,0.4248,-0.49192,100,303.05873,0.47872,1.86059,0.0725,0.0025,0.905,0.02,0.0,0.0
12,84,21.45,80.49,1.67494,1.40839,0.39292,-0.46626,100,306.56241,0.5369,1.56046,0.1675,0.045,0.78,0.0075,0.0,0.0
12,85,21.45,80.51,1.74407,1.37627,0.34143,-0.43284,100,310.71182,0.56713,3.14023,0.07,0.055,0.85,0.01,0.0,0.015
12,86,21.45,80.53,1.82889,1.35973,0.31899,-0.43323,100,320.34618,1.01398,5.81568,0.1375,0.0375,0.8075,0.01,0.0,0.0075
12,87,21.45,80.55,1.89427,1.45089,0.39108,-0.49424,100,334.08452,2.06996,10.71674,0.6475,0.07,0.28,0.0,0.0,0.0025
12,88,21.45,80.57,2.03893,1.51555,0.42031,-0.53212,100,362.95453,6.85018,23.84159,0.97,0.0275,0.0025,0.0,0.0,0.0
12,89,21.45,80.59,1.85833,1.54355,0.44703,-0.53977,100,353.75206,6.12562,25.55475,0.93,0.055,0.015,0.0,0.0,0.0
13,0,21.47,78.81,1.63415,1.3347,0.30105,-0.40516,100,432.35518,2.12233,9.82858,0.2175,0.175,0.6,0.0075,0.0,0.0
13,1,21.47,78.83,1.5795,1.38271,0.31476,-0.41074,100,410.2548,4.78959,19.84743,0.3675,0.1775,0.42,0.01,0.0,0.025
13,2,21.47,78.85,1.54999,1.35796,0.35458,-0.42043,100,375.70743,3.9735,25.13189,0.205,0.13,0.645,0.0025,0.0,0.0175
13,3,21.47,78.87,1.55868,1.31768,0.35029,-0.41383,100,350.35582,1.01124,6.53359,0.0225,0.05,0.8575,0.07,0.0,0.0
13,4,21.47,78.89,1.6816,1.34696,0.3341,-0.41974,100,349.32793,2.30931,14.60291,0.055,0.1975,0.725,0.0225,0.0,0.0
13,5,21.47,78.91,1.66784,1.34423,0.33948,-0.41157,100,329.88766,1.20055,6.62833,0.0175,0.1175,0.85,0.015,0.0,0.0
13,6,21.47,78.93,1.57638,1.38514,0.39715,-0.44362,100,318.38865,1.16802,5.78355,0.0425,0.02,0.88,0.015,0.0,0.0425
13,7,21.47,78.95,1.53458,1.44586,0.45011,-0.4706,100,318.25423,0.8744,4.46608,0.135,0.045,0.78,0.0,0.0,0.04
13,8,21.47,78.97,1.6334,1.41383,0.43988,-0.47366,100,317.48129,0.54113,2.02024,0.0225,0.0075,0.9675,0.0025,0.0,0.0
13,9,21.47,78.99,1.54023,1.47816,0.47831,-0.4839,100,320.38614,0.465,2.72935,0.0475,0.06,0.8625,0.03,0.0,0.0
13,10,21.47,79.01,1.67251,1.48753,0.3507,-0.415,100,360.77158,5.8382,36.76498,0.6825,0.1425,0.175,0.0,0.0,0.0
13,11,21.47,79.03,1.52953,1.5335,0.38649,-0.42623,100,365.80223,4.84083,23.64125,0.9825,0.0175,0.0,0.0,0.0,0.0
13,12,21.47,79.05,1.64535,1.51582,0.36505,-0.42163,100,357.4806,3.95706,24.30887,0.6775,0.13,0.1925,0.0,0.0,0.0
13,13,21.47,79.07,1.60437,1.51065,0.37877,-0.43386,100,372.0736,5.27637,30.74462,0.8875,0.11,0.0025,0.0,0.0,0.0
13,14,21.47,79.09,1.6757,1.47093,0.36727,-0.43881,100,370.02597,4.38437,27.07396,0.6825,0.07,0.2475,0.0,0.0,0.0
13,15,21.47,79.11,1.66518,1.4243,0.33763,-0.41914,100,351.37303,2.1482,12.19986,0.5375,0.24,0.2225,0.0,0.0,0.0
13,16,21.47,79.13,1.70498,1.26906,0.30262,-0.40193,100,333.64771,1.06592,5.0043,0.11,0.07,0.8,0.02,0.0,0.0
13,17,21.47,79.15,1.63011,1.37219,0.36007,-0.43753,100,338.54052,3.38565,14.84908,0.53,0.2175,0.2475,0.0025,0.0,0.0025
13,18,21.47,79.17,1.29553,1.33627,0.26606,-0.2765,100,332.00351,3.09862,18.94921,0.355,0.0725,0.1225,0.0175,0.0,0.4325
13,19,21.47,79.19,0.77427,1.23489,-0.14344,0.3368,100,323.80312,1.46666,7.81357,0.165,0.0375,0.005,0.0025,0.0025,0.7875
13,20,21.47,79.21,1.54345,1.36779,0.39562,-0.44108,100,369.17918,6.80386,35.98334,0.89,0.0625,0.015,0.0,0.0,0.0325
13,21,21.47,79.23,1.53507,1.37611,0.38381,-0.4496,100,375.86412,4.39402,19.54612,0.9975,0.0025,0.0,0.0,0.0,0.0
13,22,21.47,79.25,1.57886,1.40494,0.40854,-0.46563,100,377.52514,4.89754,20.64818,0.8725,0.06,0.0625,0.0,0.0,0.005
13,23,21.47,79.27,1.62693,1.3734,0.38554,-0.44762,100,361.11157,2.51505,11.48249,0.475,0.2125,0.26,0.0,0.0,0.0525
13,24,21.47,79.29,1.58538,1.38421,0.41438,-0.46461,100,360.00225,2.40427,11.99672,0.6875,0.1225,0.19,0.0,0.0,0.0
13,25,21.47,79.31,1.55838,1.35979,0.38867,-0.44244,100,354.17371,2.39756,11.38644,0.845,0.09,0.0575,0.0075,0.0,0.0
13,26,21.47,79.33,1.55457,1.36813,0.3916,-0.45119,100,356.76327,2.90006,9.23881,0.7325,0.1225,0.0475,0.0175,0.0,0.08
13,27,21.47,79.35,1.6416,1.32745,0.35289,-0.43328,100,355.46329,2.21517,13.17372,0.7575,0.1875,0.04,0.0025,0.0,0.0125
13,28,21.47,79.37,1.67634,1.33211,0.37426,-0.44714,100,347.23533,1.5182,9.36232,0.5575,0.1875,0.25,0.005,0.0,0.0
13,29,21.47,79.39,1.648,1.28891,0.32999,-0.41781,100,343.46921,1.84971,9.03544,0.455,0.2075,0.32,0.0025,0.01,0.005
13,30,21.47,79.41,1.64105,1.34307,0.34789,-0.42935,100,365.64863,3.46113,12.72063,0.86,0.0775,0.055,0.0,0.0,0.0075
13,31,21.47,79.43,1.65395,1.38953,0.37943,-0.46285,100,389.77882,2.58822,11.78463,1.0,0.0,0.0,0.0,0.0,0.0
13,32,21.47,79.45,1.63617,1.44216,0.42839,-0.48497,100,400.18434,1.38093,5.69138,1.0,0.0,0.0,0.0,0.0,0.0
13,33,21.47,79.47,1.65033,1.44864,0.42143,-0.48421,100,396.08052,1.2823,4.51327,1.0,0.0,0.0,0.0,0.0,0.0
13,34,21.47,79.49,1.66041,1.41523,0.39013,-0.46474,100,383.19779,1.48904,6.58149,0.71,0.0875,0.2,0.0025,0.0,0.0
13,35,21.47,79.51,1.6444,1.44832,0.42478,-0.47652,100,387.52,1.70717,9.05988,1.0,0.0,0.0,0.0,0.0,0.0
13,36,21.47,79.53,1.68707,1.41316,0.39206,-0.46019,100,380.7274,1.75503,9.77423,0.615,0.1175,0.2625,0.0025,0.0,0.0025
13,37,21.47,79.55,1.67692,1.39969,0.38743,-0.46578,100,369.01702,2.04507,8.48435,0.7975,0.04,0.1625,0.0,0.0,0.0
13,38,21.47,79.57,1.64998,1.4162,0.40795,-0.47078,100,366.16949,2.39766,7.9127,0.96,0.0375,0.0025,0.0,0.0,0.0
13,39,21.47,79.59,1.61701,1.40599,0.41131,-0.46969,100,359.35074,3.18932,12.53194,0.9775,0.0225,0.0,0.0,0.0,0.0
13,40,21.47,79.61,1.58237,1.428,0.43556,-0.48192,100,346.8058,4.44296,18.33079,0.9575,0.015,0.0175,0.0,0.0,0.01
13,41,21.47,79.63,1.6003,1.43789,0.43997,-0.49649,100,351.92453,5.7608,38.63211,0.9525,0.0325,0.015,0.0,0.0,0.0
13,42,21.47,79.65,1.57205,1.44761,0.43156,-0.48696,100,336.90751,5.87579,52.85935,0.5625,0.1475,0.1325,0.0,0.0,0.1575
13,43,21.47,79.67,1.38595,1.56765,0.62035,-0.57548,100,312.05234,3.91518,38.67039,0.295,0.0625,0.59,0.0525,0.0,0.0
13,44,21.47,79.69,1.23961,1.66873,0.68523,-0.59858,100,289.14278,1.19491,7.627,0.2525,0.025,0.7225,0.0,0.0,0.0
13,45,21.47,79.71,1.6093,1.37938,0.40494,-0.45181,100,288.98738,1.51726,6.68662,0.2225,0.1325,0.6,0.0175,0.0,0.0275
13,46,21.47,79.73,1.66897,1.47535,0.45467,-0.50609,100,316.61614,5.19539,30.50046,0.9425,0.055,0.0025,0.0,0.0,0.0
13,47,21.47,79.75,1.76085,1.45939,0.42571,-0.50398,100,339.92656,6.77885,38.477,0.9075,0.0825,0.005,0.0,0.005,0.0
13,48,21.47,79.77,1.75092,1.46885,0.4248,-0.50557,100,317.86238,3.76959,28.42152,0.9025,0.085,0.0,0.0,0.0025,0.01
13,49,21.47,79.79,1.70905,1.43695,0.42237,-0.48666,100,290.08574,0.91722,5.75232,0.395,0.1425,0.4125,0.02,0.0,0.03
13,50,21.47,79.81,1.57177,1.43184,0.45316,-0.48321,100,281.47244,0.67125,4.03365,0.0225,0.115,0.8625,0.0,0.0,0.0
13,51,21.47,79.83,1.70171,1.33613,0.33098,-0.41715,100,277.79952,0.52555,2.93086,0.0025,0.0125,0.92,0.065,0.0,0.0
13,52,21.47,79.85,1.59318,1.38041,0.41399,-0.45411,100,271.44976,0.36134,1.66431,0.055,0.0025,0.9125,0.03,0.0,0.0
13,53,21.47,79.87,1.57118,1.36865,0.33284,-0.40148,100,270.96942,0.38639,2.79193,0.0175,0.015,0.935,0.0325,0.0,0.0
13,54,21.47,79.89,1.44296,1.43013,0.44107,-0.45272,100,265.83252,0.61774,4.45467,0.08,0.0275,0.74,0.02,0.0,0.1325
13,55,21.47,79.91,1.23422,1.54694,0.51917,-0.48447,100,261.57986,0.96372,4.41393,0.0975,0.0425,0.46,0.0075,0.0,0.3925
13,56,21.47,79.93,1.57673,1.41393,0.46242,-0.48088,100,270.01454,0.5753,2.50951,0.0225,0.0075,0.96,0.005,0.0,0.005
13,57,21.47,79.95,1.73931,1.34773,0.31195,-0.41335,100,278.29381,0.66936,3.58924,0.0025,0.0025,0.94,0.0475,0.0,0.0075
13,58,21.47,79.97,1.74406,1.36049,0.32045,-0.42061,100,286.96789,0.78131,2.9384,0.025,0.185,0.7725,0.01,0.005,0.0025
13,59,21.47,79.99,1.73553,1.37812,0.33656,-0.43435,100,284.76992,0.6265,3.28217,0.07,0.015,0.91,0.005,0.0,0.0
13,60,21.47,80.01,1.75106,1.3641,0.32608,-0.42926,100,292.53836,0.74256,3.51277,0.0175,0.0375,0.94,0.005,0.0,0.0
13,61,21.47,80.03,1.70721,1.36439,0.33726,-0.42646,100,291.79884,0.61991,2.8215,0.0175,0.0375,0.895,0.0375,0.0,0.0125
13,62,21.47,80.05,1.75973,1.3871,0.3423,-0.44681,100,300.4378,3.35205,15.66885,0.22,0.2425,0.5275,0.0075,0.0,0.0025
13,63,21.47,80.07,1.78164,1.42713,0.35442,-0.46028,100,301.73616,2.07799,9.39316,0.5475,0.2475,0.075,0.0,0.0025,0.1275
13,64,21.47,80.09,1.68096,1.38857,0.37004,-0.45002,100,301.82127,1.89942,9.39745,0.2225,0.19,0.5525,0.03,0.0,0.005
13,65,21.47,80.11,1.60037,1.36162,0.37719,-0.44371,100,306.04083,0.79151,3.64579,0.095,0.09,0.7825,0.0325,0.0,0.0
13,66,21.47,80.13,1.65088,1.25635,0.28506,-0.38711,100,314.37714,1.87561,7.66345,0.225,0.3625,0.265,0.125,0.005,0.0175
13,67,21.47,80.15,1.61881,1.36075,0.34361,-0.42512,100,311.09937,0.71506,3.82788,0.0975,0.0875,0.7775,0.0375,0.0,0.0
13,68,21.47,80.17,1.56386,1.3345,0.29715,-0.40112,100,312.87011,0.62812,2.75012,0.04,0.0875,0.725,0.115,0.0,0.0325
13,69,21.47,80.19,1.47465,1.18905,0.24353,-0.3338,100,308.54524,0.74065,3.22697,0.085,0.0325,0.155,0.7275,0.0,0.0
13,70,21.47,80.21,1.58125,1.32318,0.28716,-0.39421,100,302.36134,0.43266,2.65328,0.085,0.0575,0.675,0.18,0.0025,0.0
13,71,21.47,80.23,1.56738,1.3871,0.38588,-0.45211,100,303.4839,0.77634,4.15146,0.0975,0.145,0.73,0.0275,0.0,0.0
13,72,21.47,80.25,1.65878,1.3763,0.36828,-0.45128,100,309.08519,0.62545,3.52279,0.0725,0.1575,0.7625,0.0,0.0,0.0075
13,73,21.47,80.27,1.67613,1.35698,0.32367,-0.42898,100,301.50747,0.64306,4.47737,0.1425,0.15,0.6425,0.0625,0.0,0.0025
13,74,21.47,80.29,1.65906,1.37462,0.33753,-0.42372,100,302.48656,0.58959,3.68685,0.0475,0.0775,0.8175,0.0475,0.0,0.01
13,75,21.47,80.31,1.63359,1.42965,0.39608,-0.45722,100,301.87376,0.74701,4.13733,0.115,0.0525,0.825,0.0075,0.0,0.0
13,76,21.47,80.33,1.59747,1.48573,0.4175,-0.46449,100,299.35801,0.69944,4.23806,0.125,0.0725,0.78,0.0225,0.0,0.0
13,77,21.47,80.35,1.62585,1.43657,0.37928,-0.43811,100,298.48132,0.70027,3.73182,0.14,0.015,0.8425,0.0025,0.0,0.0
13,78,21.47,80.37,1.75786,1.35645,0.33369,-0.43523,100,303.52495,0.83241,3.57846,0.0225,0.075,0.855,0.0475,0.0,0.0
13,79,21.47,80.39,1.74899,1.3851,0.35794,-0.45571,100,294.99127,1.04162,3.41623,0.2975,0.235,0.435,0.0125,0.0025,0.0175
13,80,21.47,80.41,1.63541,1.41648,0.41057,-0.48328,100,294.9575,0.92099,3.1819,0.2375,0.1025,0.615,0.02,0.0025,0.0225
13,81,21.47,80.43,1.51154,1.51765,0.53097,-0.54456,100,297.25804,0.73305,2.43323,0.1775,0.02,0.785,0.0175,0.0,0.0
13,82,21.47,80.45,1.51327,1.50612,0.54408,-0.56502,100,301.88441,0.43391,1.95056,0.0525,0.01,0.9175,0.0125,0.0,0.0075
13,83,21.47,80.47,1.5354,1.47452,0.50328,-0.52937,100,305.57165,0.35416,1.22368,0.11,0.005,0.8675,0.0175,0.0,0.0
13,84,21.47,80.49,1.51196,1.49658,0.53978,-0.54732,100,309.32877,0.49518,1.95868,0.1375,0.01,0.815,0.0375,0.0,0.0
13,85,21.47,80.51,1.79139,1.38049,0.36535,-0.46243,100,314.02836,0.79741,3.52842,0.25,0.085,0.6475,0.015,0.0,0.0025
13,86,21.47,80.53,1.8867,1.32869,0.27585,-0.4052,100,317.23295,0.7974,3.6656,0.0875,0.03,0.865,0.0175,0.0,0.0
13,87,21.47,80.55,1.93828,1.33807,0.30485,-0.42766,100,323.16529,0.73028,4.21121,0.21,0.035,0.7275,0.015,0.0,0.0125
13,88,21.47,80.57,1.88314,1.40878,0.37588,-0.48914,100,335.92963,2.31938,13.23792,0.4825,0.0275,0.4575,0.02,0.0,0.0125
13,89,21.47,80.59,1.82685,1.52824,0.42862,-0.52402,100,381.21654,8.25152,57.04987,0.7675,0.05,0.1825,0.0,0.0,0.0
14,0,21.49,78.81,1.59507,1.34173,0.32164,-0.40865,100,428.99442,4.42409,22.10468,0.3425,0.16,0.4975,0.0,0.0,0.0
14,1,21.49,78.83,1.57407,1.32245,0.29492,-0.38936,100,432.60647,4.91901,21.32948,0.3425,0.265,0.3925,0.0,0.0,0.0
14,2,21.49,78.85,1.56055,1.37059,0.36908,-0.42063,100,399.35165,5.94956,29.79822,0.32,0.4775,0.19,0.005,0.0,0.0075
14,3,21.49,78.87,1.60416,1.35582,0.32807,-0.40815,100,388.47274,6.98529,28.50532,0.21,0.4675,0.3175,0.0025,0.0,0.0025
14,4,21.49,78.89,1.66065,1.33857,0.32892,-0.41016,100,354.99715,2.91496,17.06454,0.095,0.3,0.605,0.0,0.0,0.0
14,5,21.49,78.91,1.73003,1.33894,0.31029,-0.39156,100,338.27524,2.60102,16.28258,0.195,0.4675,0.3375,0.0,0.0,0.0
14,6,21.49,78.93,1.66594,1.34174,0.31611,-0.39419,100,320.89803,2.72258,13.63858,0.1575,0.3425,0.4325,0.0,0.0,0.0675
14,7,21.49,78.95,1.55668,1.4595,0.47515,-0.4887,100,322.7807,0.62127,2.35191,0.0625,0.075,0.8525,0.01,0.0,0.0
14,8,21.49,78.97,1.66121,1.373,0.35587,-0.41347,100,327.22207,2.03279,8.15255,0.075,0.2025,0.6575,0.0575,0.0,0.0075
14,9,21.49,78.99,1.77041,1.38965,0.32375,-0.40337,100,336.135,2.1455,10.56567,0.33,0.305,0.365,0.0,0.0,0.0
14,10,21.49,79.01,1.55004,1.48768,0.3856,-0.41998,100,348.36082,2.12734,11.49239,0.82,0.1275,0.0525,0.0,0.0,0.0
14,11,21.49,79.03,1.5477,1.54579,0.42024,-0.44359,100,382.15935,5.70609,27.00472,0.985,0.015,0.0,0.0,0.0,0.0
14,12,21.49,79.05,1.5027,1.53627,0.4303,-0.44398,100,377.94304,3.81462,17.05142,0.9925,0.0075,0.0,0.0,0.0,0.0
14,13,21.49,79.07,1.57097,1.52284,0.4021,-0.44248,100,397.23641,6.26696,29.68273,0.9675,0.0325,0.0,0.0,0.0,0.0
14,14,21.49,79.09,1.65563,1.52625,0.38286,-0.44398,100,430.56227,7.3789,31.34811,0.9475,0.0525,0.0,0.0,0.0,0.0
14,15,21.49,79.11,1.56987,1.52483,0.39288,-0.4384,100,374.88056,4.85245,19.74971,0.8425,0.11,0.0425,0.0,0.0,0.005
14,16,21.49,79.13,1.61173,1.40507,0.36023,-0.44174,100,377.12316,4.70392,31.93928,0.7325,0.13,0.1175,0.0025,0.0,0.0175
14,17,21.49,79.15,1.58335,1.41696,0.40603,-0.46462,100,378.4246,4.90274,25.9858,0.9225,0.0775,0.0,0.0,0.0,0.0
14,18,21.49,79.17,1.48855,1.37519,0.34053,-0.41202,100,343.21016,3.41084,22.83489,0.5225,0.1175,0.005,0.0,0.0,0.355
14,19,21.49,79.19,1.40509,1.34435,0.33261,-0.3857,100,331.75612,1.76334,10.82103,0.4575,0.135,0.055,0.0,0.0,0.3525
14,20,21.49,79.21,1.56206,1.36132,0.36926,-0.43949,100,344.47675,3.09135,15.37552,0.8425,0.08,0.0275,0.0,0.0,0.05
14,21,21.49,79.23,1.53834,1.37429,0.38437,-0.44521,100,369.69663,5.69975,23.53016,0.995,0.005,0.0,0.0,0.0,0.0
14,22,21.49,79.25,1.54899,1.37663,0.37684,-0.44792,100,385.33555,2.9353,13.74311,0.985,0.015,0.0,0.0,0.0,0.0
14,23,21.49,79.27,1.55821,1.39964,0.40558,-0.45906,100,389.74194,2.25283,8.01561,0.98,0.02,0.0,0.0,0.0,0.0
14,24,21.49,79.29,1.53698,1.39607,0.41886,-0.45791,100,382.9261,2.13341,8.38326,0.915,0.0575,0.0,0.0,0.0,0.0275
14,25,21.49,79.31,1.5591,1.38751,0.39884,-0.4556,100,387.33071,1.94741,8.22543,0.9775,0.0225,0.0,0.0,0.0,0.0
14,26,21.49,79.33,1.59043,1.34269,0.36072,-0.43749,100,380.73871,1.93381,8.90712,0.9475,0.0275,0.0,0.025,0.0,0.0
14,27,21.49,79.35,1.60277,1.37799,0.38701,-0.45657,100,382.63454,1.71241,9.041,0.9725,0.0275,0.0,0.0,0.0,0.0
14,28,21.49,79.37,1.6338,1.37284,0.38314,-0.45457,100,377.58677,2.15895,11.98241,0.9825,0.0175,0.0,0.0,0.0,0.0
14,29,21.49,79.39,1.56788,1.36886,0.39932,-0.44843,100,359.52051,1.75661,8.8443,0.955,0.0375,0.0075,0.0,0.0,0.0
14,30,21.49,79.41,1.65686,1.32476,0.34647,-0.42769,100,373.65194,1.7989,7.66059,0.88,0.0275,0.0925,0.0,0.0,0.0
14,31,21.49,79.43,1.67231,1.3776,0.37064,-0.4557,100,385.04101,1.35968,4.66741,0.615,0.1175,0.2625,0.0025,0.0,0.0025
14,32,21.49,79.45,1.64512,1.3982,0.38694,-0.46783,100,385.45301,1.28891,4.32292,0.9975,0.0025,0.0,0.0,0.0,0.0
14,33,21.49,79.47,1.67984,1.46489,0.4159,-0.48814,100,389.03457,1.53655,6.5418,0.9775,0.02,0.0025,0.0,0.0,0.0
14,34,21.49,79.49,1.66972,1.44736,0.399,-0.47973,100,376.92514,1.62827,6.13302,0.85,0.0425,0.105,0.0,0.0,0.0025
14,35,21.49,79.51,1.64845,1.44333,0.42256,-0.47899,100,366.9418,1.46889,7.69152,0.965,0.03,0.0025,0.0,0.0,0.0025
14,36,21.49,79.53,1.62953,1.41486,0.41656,-0.46938,100,364.85008,1.43662,6.14784,0.7275,0.025,0.2475,0.0,0.0,0.0
14,37,21.49,79.55,1.66479,1.37387,0.37961,-0.45218,100,364.58127,1.53411,5.46919,0.5975,0.0575,0.345,0.0,0.0,0.0
14,38,21.49,79.57,1.62726,1.37836,0.39514,-0.4593,100,355.45465,1.64371,5.90602,0.79,0.0525,0.15,0.005,0.0,0.0025
14,39,21.49,79.59,1.63086,1.38598,0.39432,-0.46699,100,354.52574,1.63796,6.07479,0.925,0.015,0.06,0.0,0.0,0.0
14,40,21.49,79.61,1.57821,1.40373,0.42535,-0.47304,100,348.00909,1.77231,7.81215,0.945,0.055,0.0,0.0,0.0,0.0
14,41,21.49,79.63,1.58758,1.43576,0.4521,-0.48973,100,342.82813,3.23076,17.10638,0.9775,0.01,0.0125,0.0,0.0,0.0
14,42,21.49,79.65,1.57902,1.42191,0.44038,-0.49137,100,315.41386,2.08954,9.20804,0.4175,0.2425,0.325,0.0075,0.0,0.0075
14,43,21.49,79.67,1.37036,1.57812,0.61554,-0.56475,100,299.2569,1.24081,6.21207,0.225,0.075,0.68,0.0075,0.0,0.0125
14,44,21.49,79.69,1.62525,1.45817,0.46422,-0.50366,100,304.45195,1.74195,8.46051,0.7175,0.0575,0.225,0.0,0.0,0.0
14,45,21.49,79.71,1.66195,1.44867,0.44215,-0.49536,100,313.35907,1.92814,9.10575,0.8975,0.075,0.0175,0.0,0.0,0.01
14,46,21.49,79.73,1.67468,1.46447,0.45184,-0.50313,100,313.86151,1.77044,8.67122,0.985,0.0025,0.0,0.0,0.0,0.0125
14,47,21.49,79.75,1.67754,1.44866,0.43735,-0.50223,100,326.01945,2.54545,9.46699,0.96,0.0325,0.005,0.0,0.0,0.0025
14,48,21.49,79.77,1.72229,1.45892,0.41375,-0.49843,100,346.47115,7.10225,45.84547,0.8925,0.0425,0.065,0.0,0.0,0.0
14,49,21.49,79.79,1.79719,1.45501,0.4224,-0.50495,100,347.36918,7.86229,45.99233,0.9075,0.07,0.0125,0.0,0.0075,0.0025
14,50,21.49,79.81,1.65938,1.40056,0.38446,-0.4543,100,294.08127,1.85348,16.88282,0.11,0.1875,0.675,0.015,0.005,0.0075
14,51,21.49,79.83,1.59272,1.37796,0.3834,-0.44665,100,279.20682,0.34718,2.04767,0.0075,0.0025,0.9775,0.0125,0.0,0.0
14,52,21.49,79.85,1.5872,1.36454,0.40179,-0.44904,100,275.61802,0.44032,1.79293,0.095,0.03,0.8525,0.02,0.0,0.0025
14,53,21.49,79.87,1.60083,1.3544,0.34142,-0.41232,100,275.87292,0.54248,2.88101,0.1025,0.02,0.8075,0.0675,0.0,0.0025
14,54,21.49,79.89,1.56832,1.37652,0.35813,-0.42002,100,270.48976,0.62137,2.87118,0.1275,0.0225,0.85,0.0,0.0,0.0
14,55,21.49,79.91,1.45722,1.47985,0.53912,-0.53806,100,266.66695,0.90414,3.52861,0.1925,0.0775,0.6375,0.0325,0.0,0.06
14,56,21.49,79.93,1.31002,1.54322,0.5937,-0.55403,100,266.8177,1.0179,5.32791,0.2075,0.0175,0.555,0.005,0.0,0.215
14,57,21.49,79.95,1.68773,1.36907,0.35608,-0.44105,100,279.34489,0.92838,4.24595,0.115,0.155,0.6825,0.04,0.0,0.0075
14,58,21.49,79.97,1.66529,1.40686,0.41768,-0.47464,100,285.38679,0.71921,3.36569,0.045,0.1725,0.725,0.0325,0.0,0.025
14,59,21.49,79.99,1.61456,1.41299,0.45008,-0.49496,100,279.79684,0.59363,2.98717,0.095,0.01,0.8675,0.0275,0.0,0.0
14,60,21.49,80.01,1.73472,1.36269,0.3362,-0.42659,100,287.85048,0.75578,3.50952,0.0175,0.0475,0.9175,0.005,0.0025,0.01
14,61,21.49,80.03,1.72996,1.36691,0.32592,-0.42693,100,285.22963,0.59669,2.6624,0.0175,0.0525,0.9175,0.0125,0.0,0.0
14,62,21.49,80.05,1.617,1.42977,0.4063,-0.45932,100,283.73407,0.59098,2.23926,0.19,0.065,0.735,0.01,0.0,0.0
14,63,21.49,80.07,1.58426,1.33802,0.29233,-0.39936,100,293.1373,0.76739,3.71746,0.035,0.195,0.4825,0.0175,0.0175,0.2525
14,64,21.49,80.09,1.70974,1.42216,0.39529,-0.47449,100,300.80215,1.64247,7.07882,0.465,0.2125,0.315,0.0,0.0,0.0075
14,65,21.49,80.11,1.67376,1.35096,0.35703,-0.43366,100,299.19631,0.97072,5.3667,0.0675,0.1225,0.76,0.035,0.0,0.015
14,66,21.49,80.13,1.72334,1.3647,0.35023,-0.44345,100,300.92151,0.98473,4.97076,0.1125,0.185,0.6725,0.015,0.0,0.015
14,67,21.49,80.15,1.6988,1.36442,0.35871,-0.4527,100,305.14593,0.7432,3.57505,0.07,0.1925,0.725,0.0075,0.0,0.005
14,68,21.49,80.17,1.59434,1.37933,0.36577,-0.45152,100,306.01212,0.95507,4.26191,0.2075,0.18,0.5475,0.0625,0.0025,0.0
14,69,21.49,80.19,1.6613,1.32468,0.31662,-0.41764,100,310.6679,0.62736,2.79775,0.045,0.035,0.8275,0.0825,0.0,0.01
14,70,21.49,80.21,1.58109,1.35539,0.33533,-0.43094,100,303.42784,0.59572,3.61888,0.0775,0.05,0.7225,0.14,0.0,0.01
14,71,21.49,80.23,1.39582,1.50639,0.53649,-0.52445,100,299.18643,0.60774,2.24307,0.1925,0.045,0.73,0.03,0.0,0.0025
14,72,21.49,80.25,1.59861,1.39917,0.39713,-0.45666,100,303.77985,0.70304,3.73397,0.03,0.125,0.8,0.0375,0.005,0.0025
14,73,21.49,80.27,1.40063,1.5097,0.53165,-0.5252,100,297.65008,0.46358,2.34379,0.0725,0.0075,0.8875,0.0325,0.0,0.0
14,74,21.49,80.29,1.56786,1.43136,0.43879,-0.48017,100,296.20985,0.74893,3.54271,0.14,0.13,0.7,0.0225,0.0,0.0075
14,75,21.49,80.31,1.59425,1.44532,0.42149,-0.48489,100,293.81581,0.66615,2.34606,0.165,0.0975,0.7325,0.005,0.0,0.0
14,76,21.49,80.33,1.66301,1.41639,0.38601,-0.46635,100,291.43444,0.64517,2.41461,0.1725,0.0575,0.75,0.02,0.0,0.0
14,77,21.49,80.35,1.74638,1.38872,0.31717,-0.43054,100,298.5339,0.59231,4.39314,0.01,0.005,0.945,0.04,0.0,0.0
14,78,21.49,80.37,1.75053,1.39123,0.37918,-0.46831,100,300.95617,0.86052,3.71599,0.095,0.19,0.705,0.01,0.0,0.0
14,79,21.49,80.39,1.75947,1.39108,0.35861,-0.44569,100,292.87229,1.29681,3.74313,0.3525,0.2275,0.365,0.0125,0.0125,0.03
14,80,21.49,80.41,1.44259,1.54274,0.54757,-0.55003,100,298.07312,0.25931,1.228,0.0325,0.0,0.95,0.0175,0.0,0.0
14,81,21.49,80.43,1.38997,1.62204,0.60654,-0.59809,100,301.14821,0.2926,1.24694,0.045,0.0,0.94,0.015,0.0,0.0
14,82,21.49,80.45,1.65517,1.46088,0.43727,-0.48547,100,302.91589,0.55636,2.0518,0.125,0.02,0.8325,0.015,0.0,0.0075
14,83,21.49,80.47,1.66148,1.42958,0.42089,-0.48351,100,306.35265,0.6144,2.34986,0.135,0.0725,0.775,0.0175,0.0,0.0
14,84,21.49,80.49,1.70914,1.41387,0.39356,-0.46516,100,308.76423,0.59985,2.6032,0.215,0.0325,0.74,0.0125,0.0,0.0
14,85,21.49,80.51,1.74397,1.37946,0.36992,-0.45272,100,312.05858,0.46376,1.84435,0.11,0.015,0.865,0.01,0.0,0.0
14,86,21.49,80.53,1.80985,1.33238,0.30672,-0.41771,100,314.95584,0.39416,1.29919,0.0475,0.0125,0.85,0.09,0.0,0.0
14,87,21.49,80.55,1.94036,1.31478,0.28741,-0.40325,100,318.68829,0.56728,2.45564,0.1025,0.0175,0.815,0.0575,0.0,0.0075
14,88,21.49,80.57,1.94496,1.31429,0.28239,-0.41558,100,327.21305,1.14075,5.40149,0.1475,0.1175,0.7175,0.0025,0.0025,0.0125
14,89,21.49,80.59,1.89343,1.45122,0.40126,-0.48165,100,354.39834,6.36022,31.86351,0.6975,0.1475,0.155,0.0,0.0,0.0
15,0,21.51,78.81,1.51645,1.36357,0.35092,-0.42504,100,380.6763,4.78745,24.38042,0.1875,0.2475,0.4825,0.0025,0.0,0.08
15,1,21.51,78.83,1.54164,1.32206,0.33159,-0.4049,100,381.63779,4.88995,33.05185,0.235,0.3175,0.43,0.0,0.0,0.0175
15,2,21.51,78.85,1.46618,1.35345,0.40241,-0.44279,100,359.02732,2.63801,18.45074,0.285,0.3075,0.3625,0.0425,0.0025,0.0
15,3,21.51,78.87,1.62037,1.33853,0.34892,-0.41493,100,355.71407,3.5209,21.9071,0.1175,0.4175,0.465,0.0,0.0,0.0
15,4,21.51,78.89,1.51027,1.38122,0.40489,-0.45078,100,343.00823,3.20084,23.11037,0.165,0.2175,0.61,0.0075,0.0,0.0
15,5,21.51,78.91,1.61964,1.37587,0.33531,-0.40252,100,342.84958,4.61861,21.80505,0.3825,0.3925,0.2,0.0,0.0175,0.0075
15,6,21.51,78.93,1.65931,1.34696,0.32633,-0.40151,100,326.78928,2.84998,13.63308,0.2625,0.21,0.47,0.0025,0.02,0.035
15,7,21.51,78.95,1.57418,1.42848,0.42738,-0.45546,100,323.66413,2.09373,11.93372,0.28,0.0475,0.58,0.005,0.0225,0.065
15,8,21.51,78.97,1.54453,1.48252,0.42623,-0.4518,100,358.29227,4.1677,29.51948,0.57,0.045,0.385,0.0,0.0,0.0
15,9,21.51,78.99,1.59146,1.49029,0.39169,-0.43007,100,372.1771,4.38048,23.24698,0.7775,0.185,0.0375,0.0,0.0,0.0
15,10,21.51,79.01,1.49376,1.57127,0.44744,-0.45997,100,406.50063,6.8075,30.5706,0.99,0.01,0.0,0.0,0.0,0.0
15,11,21.51,79.03,1.54524,1.61517,0.46651,-0.47983,100,444.92714,8.01453,30.88519,0.93,0.035,0.035,0.0,0.0,0.0
15,12,21.51,79.05,1.61302,1.58526,0.43903,-0.466,100,423.70811,6.18617,37.32663,0.9075,0.025,0.0675,0.0,0.0,0.0
15,13,21.51,79.07,1.6287,1.55612,0.39918,-0.45365,100,467.18496,7.92122,34.75483,0.905,0.055,0.04,0.0,0.0,0.0
15,14,21.51,79.09,1.66772,1.51848,0.37176,-0.44251,100,450.21439,5.0756,28.46446,0.875,0.1125,0.0125,0.0,0.0,0.0
15,15,21.51,79.11,1.63451,1.52215,0.38101,-0.44293,100,412.80894,3.06437,13.28614,0.89,0.08,0.03,0.0,0.0,0.0
15,16,21.51,79.13,1.6279,1.44678,0.36225,-0.44371,100,403.04001,2.4319,13.17024,0.8975,0.0525,0.05,0.0,0.0,0.0
15,17,21.51,79.15,1.59057,1.36579,0.35434,-0.44593,100,382.85165,3.23549,17.88374,0.9075,0.0925,0.0,0.0,0.0,0.0
15,18,21.51,79.17,1.49572,1.35858,0.32946,-0.39921,100,343.50742,3.37825,23.42282,0.5425,0.1225,0.0675,0.0,0.0,0.2675
15,19,21.51,79.19,1.56691,1.32696,0.31126,-0.40333,100,337.377,2.51711,11.90297,0.6675,0.0875,0.0025,0.0,0.0,0.2425
15,20,21.51,79.21,1.59606,1.3492,0.34329,-0.42869,100,359.55978,2.46629,9.00184,1.0,0.0,0.0,0.0,0.0,0.0
15,21,21.51,79.23,1.59943,1.33807,0.33339,-0.42071,100,378.43409,2.47819,10.54125,0.9875,0.0125,0.0,0.0,0.0,0.0
15,22,21.51,79.25,1.55982,1.355,0.37385,-0.44252,100,387.57834,2.41405,11.23657,0.9675,0.0325,0.0,0.0,0.0,0.0
15,23,21.51,79.27,1.64362,1.34375,0.35978,-0.44419,100,400.36376,1.54799,8.53191,0.7225,0.1575,0.12,0.0,0.0,0.0
15,24,21.51,79.29,1.62719,1.3071,0.32263,-0.40885,100,402.2701,1.00148,5.09169,0.4275,0.08,0.4925,0.0,0.0,0.0
15,25,21.51,79.31,1.58834,1.36977,0.3811,-0.44385,100,399.80745,1.30661,5.3091,0.835,0.0575,0.1075,0.0,0.0,0.0
15,26,21.51,79.33,1.55847,1.37148,0.37361,-0.44157,100,401.02627,1.64075,5.74173,0.95,0.03,0.005,0.015,0.0,0.0
15,27,21.51,79.35,1.59243,1.36861,0.37124,-0.44721,100,394.78575,1.1549,4.23824,0.955,0.0375,0.0075,0.0,0.0,0.0
15,28,21.51,79.37,1.55278,1.40672,0.41514,-0.46454,100,392.54754,1.46526,6.47328,0.8975,0.0175,0.085,0.0,0.0,0.0
15,29,21.51,79.39,1.57932,1.41666,0.42301,-0.47181,100,383.65216,1.55809,7.80152,0.8975,0.02,0.08,0.0,0.0,0.0025
15,30,21.51,79.41,1.66189,1.34782,0.35162,-0.44381,100,382.39117,1.46775,6.86899,0.8925,0.0675,0.04,0.0,0.0,0.0
15,31,21.51,79.43,1.65498,1.34382,0.34885,-0.43468,100,373.02193,1.39902,5.94301,0.515,0.1325,0.3525,0.0,0.0,0.0
15,32,21.51,79.45,1.66185,1.3767,0.37385,-0.45887,100,376.8197,1.48403,5.65253,0.9325,0.035,0.03,0.0,0.0,0.0025
15,33,21.51,79.47,1.67805,1.3741,0.33707,-0.43521,100,371.74268,1.42461,6.72662,0.9,0.0875,0.0125,0.0,0.0,0.0
15,34,21.51,79.49,1.65046,1.38974,0.35419,-0.44878,100,368.48826,1.58004,5.80932,1.0,0.0,0.0,0.0,0.0,0.0
15,35,21.51,79.51,1.56704,1.41283,0.37529,-0.4529,100,354.55225,2.01727,8.03233,0.735,0.15,0.055,0.0,0.0,0.06
15,36,21.51,79.53,1.30077,1.36567,0.34098,-0.35409,100,347.83866,1.91341,8.65143,0.4175,0.2025,0.0175,0.0,0.0,0.3625
15,37,21.51,79.55,1.65625,1.36139,0.36004,-0.44511,100,357.02914,1.73274,7.08647,0.66,0.155,0.1525,0.0,0.0,0.0325
15,38,21.51,79.57,1.67954,1.37315,0.37555,-0.4595,100,353.36969,1.66575,6.85307,0.8225,0.065,0.1075,0.0025,0.0,0.0025
15,39,21.51,79.59,1.66594,1.31373,0.32415,-0.41174,100,343.56638,1.6524,6.38296,0.3975,0.0925,0.5,0.01,0.0,0.0
15,40,21.51,79.61,1.65064,1.37391,0.37499,-0.45112,100,341.68182,1.87024,8.85995,0.6925,0.165,0.1325,0.005,0.0,0.005
15,41,21.51,79.63,1.64825,1.44311,0.45556,-0.49592,100,353.87167,2.69231,12.62619,0.9775,0.0225,0.0,0.0,0.0,0.0
15,42,21.51,79.65,1.61083,1.41926,0.43455,-0.48343,100,330.84508,2.41722,16.30587,0.7775,0.115,0.0875,0.0025,0.0,0.0175
15,43,21.51,79.67,1.62024,1.42279,0.43231,-0.48327,100,326.04661,3.23463,20.18816,0.775,0.0725,0.11,0.0025,0.0,0.04
15,44,21.51,79.69,1.70293,1.40176,0.40385,-0.4786,100,327.03232,2.66646,16.81563,0.785,0.0625,0.145,0.0025,0.0,0.005
15,45,21.51,79.71,1.67878,1.44128,0.44066,-0.49259,100,341.03473,4.64653,24.35521,0.9725,0.0125,0.015,0.0,0.0,0.0
15,46,21.51,79.73,1.69869,1.37942,0.38074,-0.45166,100,320.39345,1.73921,8.71458,0.495,0.1225,0.3625,0.02,0.0,0.0
15,47,21.51,79.75,1.70945,1.44506,0.44019,-0.50197,100,317.97414,1.53743,10.13119,0.8375,0.01,0.1525,0.0,0.0,0.0
15,48,21.51,79.77,1.68305,1.44551,0.44319,-0.49771,100,309.62279,1.81329,9.68023,0.555,0.155,0.2875,0.0025,0.0,0.0
15,49,21.51,79.79,1.26184,1.4534,0.43374,-0.45526,100,300.50745,1.77435,10.48546,0.205,0.41,0.2025,0.0,0.0,0.1825
15,50,21.51,79.81,1.71655,1.45178,0.39051,-0.49798,100,336.38746,9.73146,50.81753,0.6775,0.08,0.145,0.0,0.0,0.0975
15,51,21.51,79.83,1.5701,1.45336,0.46775,-0.49963,100,289.93091,1.84562,14.85061,0.4275,0.04,0.4925,0.0325,0.0025,0.005
15,52,21.51,79.85,1.67098,1.37561,0.34879,-0.41973,100,283.79732,0.80472,5.03847,0.1275,0.2025,0.6575,0.01,0.0,0.0025
15,53,21.51,79.87,1.58807,1.38064,0.35932,-0.41716,100,278.02053,0.66393,3.32387,0.1175,0.04,0.82,0.015,0.0,0.0075
15,54,21.51,79.89,1.45796,1.49077,0.51922,-0.52333,100,273.25006,0.58225,3.35869,0.1325,0.01,0.8275,0.03,0.0,0.0
15,55,21.51,79.91,1.38704,1.582,0.63098,-0.59038,100,271.08437,0.52622,2.66528,0.075,0.02,0.865,0.0325,0.0,0.0075
15,56,21.51,79.93,1.34169,1.48536,0.53116,-0.53901,100,266.10159,1.07641,4.61539,0.275,0.0325,0.4225,0.02,0.0,0.25
15,57,21.51,79.95,1.6543,1.36748,0.39252,-0.45846,100,275.7867,1.06943,4.60526,0.1325,0.1775,0.66,0.02,0.0,0.01
15,58,21.51,79.97,1.61138,1.41196,0.4554,-0.49278,100,280.89007,0.68178,3.84216,0.05,0.045,0.8525,0.045,0.0,0.0075
15,59,21.51,79.99,1.58722,1.42858,0.47963,-0.50579,100,276.23243,0.6015,2.77152,0.135,0.05,0.78,0.025,0.0025,0.0075
15,60,21.51,80.01,1.6315,1.40397,0.43698,-0.47789,100,277.46803,0.75327,3.94433,0.1025,0.12,0.7525,0.015,0.0,0.01
15,61,21.51,80.03,1.65306,1.37805,0.38165,-0.44645,100,278.41168,0.61354,2.67205,0.0925,0.0575,0.795,0.055,0.0,0.0
15,62,21.51,80.05,1.62766,1.38901,0.35577,-0.432,100,283.4567,0.41385,3.15337,0.015,0.0225,0.8975,0.065,0.0,0.0
15,63,21.51,80.07,1.67154,1.36529,0.34505,-0.43061,100,287.04458,0.57755,3.84258,0.05,0.08,0.8175,0.0425,0.0,0.01
15,64,21.51,80.09,1.69673,1.41597,0.39077,-0.47461,100,288.18064,1.14986,6.1902,0.5475,0.1375,0.31,0.005,0.0,0.0
15,65,21.51,80.11,1.68979,1.39635,0.38627,-0.47019,100,290.49319,0.77307,3.13281,0.2175,0.125,0.65,0.0025,0.0,0.005
15,66,21.51,80.13,1.74451,1.38409,0.36927,-0.46591,100,297.86686,0.95799,4.16086,0.19,0.19,0.5975,0.0125,0.0025,0.0075
15,67,21.51,80.15,1.7175,1.35784,0.34046,-0.43889,100,300.44574,0.79994,4.6349,0.085,0.04,0.8275,0.035,0.0,0.0125
15,68,21.51,80.17,1.63363,1.35748,0.36737,-0.44993,100,298.96762,0.68577,3.69513,0.0925,0.03,0.81,0.0675,0.0,0.0
15,69,21.51,80.19,1.48712,1.44422,0.47109,-0.51032,100,302.44351,0.70169,4.29598,0.095,0.0125,0.875,0.0175,0.0,0.0
15,70,21.51,80.21,1.67866,1.34018,0.33589,-0.43547,100,308.42872,0.7005,2.69476,0.09,0.1125,0.7375,0.0575,0.0,0.0025
15,71,21.51,80.23,1.67916,1.37819,0.34297,-0.43639,100,301.43004,0.48415,2.89023,0.04,0.0625,0.86,0.0375,0.0,0.0
15,72,21.51,80.25,1.337,1.562,0.55184,-0.52902,100,296.89111,0.53933,1.83684,0.12,0.025,0.85,0.005,0.0,0.0
15,73,21.51,80.27,1.43063,1.52114,0.5048,-0.51405,100,296.24278,0.55838,2.67425,0.1525,0.1025,0.735,0.01,0.0,0.0
15,74,21.51,80.29,1.40411,1.51688,0.53644,-0.52583,100,296.16121,0.48705,2.81152,0.0625,0.085,0.8175,0.03,0.0,0.005
15,75,21.51,80.31,1.62247,1.3871,0.3732,-0.44155,100,297.075,0.57791,4.06011,0.02,0.0375,0.8225,0.1075,0.0,0.0125
15,76,21.51,80.33,1.56494,1.45389,0.42785,-0.49006,100,291.8328,0.60007,2.37589,0.1375,0.0225,0.8125,0.0225,0.0025,0.0025
15,77,21.51,80.35,1.72219,1.41629,0.34937,-0.44948,100,292.26307,0.73883,3.3498,0.1925,0.04,0.76,0.0075,0.0,0.0
15,78,21.51,80.37,1.75679,1.40322,0.30588,-0.42736,100,295.06285,0.8532,4.09671,0.085,0.1,0.77,0.0275,0.0,0.0175
15,79,21.51,80.39,1.62186,1.41415,0.42549,-0.48614,100,293.06533,0.82556,3.17936,0.1625,0.0475,0.745,0.03,0.0,0.015
15,80,21.51,80.41,1.66726,1.43597,0.40371,-0.47748,100,296.32138,0.6052,2.41584,0.0775,0.0025,0.905,0.015,0.0,0.0
15,81,21.51,80.43,1.52219,1.54142,0.53212,-0.54999,100,299.78316,0.48058,2.19974,0.13,0.015,0.8375,0.0125,0.0025,0.0025
15,82,21.51,80.45,1.51214,1.49854,0.51047,-0.53443,100,304.01106,0.51903,1.88687,0.1675,0.05,0.7575,0.025,0.0,0.0
15,83,21.51,80.47,1.63929,1.42686,0.42321,-0.47528,100,307.87495,0.43121,1.72767,0.0975,0.0375,0.8575,0.005,0.0,0.0025
15,84,21.51,80.49,1.76177,1.37428,0.35445,-0.43957,100,312.13364,0.48594,1.8677,0.0525,0.015,0.9,0.03,0.0,0.0025
15,85,21.51,80.51,1.74695,1.37651,0.36366,-0.45901,100,313.18651,0.40263,1.13018,0.0575,0.0025,0.925,0.0125,0.0,0.0025
15,86,21.51,80.53,1.92145,1.34152,0.30025,-0.42494,100,314.5178,0.61429,2.55337,0.11,0.1175,0.715,0.055,0.0,0.0025
15,87,21.51,80.55,1.91905,1.36555,0.32618,-0.43553,100,315.90522,0.91227,3.34324,0.305,0.115,0.4625,0.115,0.0,0.0025
15,88,21.51,80.57,1.90025,1.4434,0.40062,-0.4852,100,321.98718,1.19781,3.83616,0.6775,0.0575,0.265,0.0,0.0,0.0
15,89,21.51,80.59,1.83733,1.43993,0.41027,-0.49473,100,336.81918,3.86382,26.34169,0.5925,0.0675,0.34,0.0,0.0,0.0
16,0,21.53,78.81,1.49847,1.3433,0.35094,-0.4217,100,361.32588,1.68358,11.42735,0.0875,0.1075,0.74,0.045,0.02,0.0
16,1,21.53,78.83,1.47436,1.30939,0.36965,-0.42164,100,343.27777,1.07526,4.17249,0.115,0.105,0.695,0.075,0.01,0.0
16,2,21.53,78.85,1.42544,1.339,0.41944,-0.45619,100,336.80489,0.8727,5.19208,0.045,0.01,0.9175,0.0275,0.0,0.0
16,3,21.53,78.87,1.49298,1.37302,0.43539,-0.46132,100,328.93192,0.96448,5.085,0.075,0.005,0.92,0.0,0.0,0.0
16,4,21.53,78.89,1.51164,1.38179,0.42196,-0.46468,100,323.46265,1.30461,5.18602,0.065,0.07,0.715,0.03,0.045,0.075
16,5,21.53,78.91,1.59678,1.36499,0.37446,-0.43414,100,326.75712,2.61023,12.40002,0.295,0.0575,0.5675,0.0,0.0175,0.0625
16,6,21.53,78.93,1.68331,1.38202,0.38222,-0.44537,100,340.84889,4.80739,31.30399,0.46,0.0375,0.4325,0.0025,0.0375,0.03
16,7,21.53,78.95,1.63864,1.44637,0.37749,-0.43131,100,334.66223,4.10708,21.00804,0.6325,0.1225,0.1925,0.005,0.0025,0.045
16,8,21.53,78.97,1.61908,1.39644,0.33553,-0.39899,100,358.32517,4.53913,14.8637,0.67,0.2475,0.0825,0.0,0.0,0.0
16,9,21.53,78.99,1.63013,1.41427,0.36761,-0.41407,100,368.45675,3.54627,19.07604,0.5975,0.1175,0.27,0.0025,0.0,0.0125
16,10,21.53,79.01,1.46983,1.61577,0.47562,-0.47296,100,393.11947,5.18865,22.84464,0.955,0.035,0.0,0.0,0.0,0.01
16,11,21.53,79.03,1.51344,1.63729,0.47993,-0.47062,100,427.66456,7.11868,38.23081,0.935,0.015,0.05,0.0,0.0,0.0
16,12,21.53,79.05,1.66069,1.60194,0.4528,-0.46563,100,460.55252,7.17419,32.75308,0.865,0.085,0.0475,0.0025,0.0,0.0
16,13,21.53,79.07,1.63853,1.55644,0.39538,-0.44223,100,483.08382,4.64055,18.95577,0.9325,0.0675,0.0,0.0,0.0,0.0
16,14,21.53,79.09,1.66595,1.44056,0.35544,-0.43571,100,443.19232,3.79393,22.51556,0.6125,0.1525,0.225,0.01,0.0,0.0
16,15,21.53,79.11,1.6493,1.48096,0.36233,-0.43222,100,422.29433,4.07191,29.21787,0.74,0.13,0.13,0.0,0.0,0.0
16,16,21.53,79.13,1.60901,1.44934,0.35545,-0.42087,100,400.03693,6.46496,44.86852,0.8575,0.0275,0.1075,0.0075,0.0,0.0
16,17,21.53,79.15,1.58699,1.33165,0.32894,-0.41736,100,360.48848,4.53976,34.08837,0.725,0.0525,0.195,0.0,0.0,0.0275
16,18,21.53,79.17,1.15386,1.31691,0.18231,-0.14575,100,329.19436,2.23858,11.30614,0.3725,0.0625,0.0525,0.0,0.0,0.5125
16,19,21.53,79.19,1.5882,1.35628,0.35206,-0.43296,100,351.3484,3.10624,10.24838,1.0,0.0,0.0,0.0,0.0,0.0
16,20,21.53,79.21,1.61768,1.36964,0.34805,-0.43832,100,364.24267,1.95382,9.70747,1.0,0.0,0.0,0.0,0.0,0.0
16,21,21.53,79.23,1.64062,1.36263,0.32831,-0.43009,100,382.55758,2.29629,8.46776,0.995,0.005,0.0,0.0,0.0,0.0
16,22,21.53,79.25,1.64625,1.34815,0.32916,-0.43482,100,404.31817,1.79727,7.70399,0.8625,0.0625,0.075,0.0,0.0,0.0
16,23,21.53,79.27,1.71277,1.30771,0.31139,-0.40489,100,406.02271,1.16355,4.55652,0.225,0.1625,0.61,0.0025,0.0,0.0
16,24,21.53,79.29,1.64392,1.28754,0.29643,-0.37792,100,401.07796,0.87606,4.39629,0.045,0.0525,0.8675,0.035,0.0,0.0
16,25,21.53,79.31,1.63922,1.31174,0.31223,-0.39876,100,393.34027,0.90507,4.01052,0.095,0.1225,0.77,0.0125,0.0,0.0
16,26,21.53,79.33,1.62332,1.3569,0.33259,-0.41879,100,389.51802,1.11222,4.14412,0.235,0.285,0.4575,0.0225,0.0,0.0
16,27,21.53,79.35,1.606,1.35854,0.32726,-0.41402,100,384.99174,1.12818,5.75635,0.3575,0.2,0.39,0.05,0.0,0.0025
16,28,21.53,79.37,1.56271,1.39106,0.37853,-0.44789,100,384.03404,1.29255,6.22629,0.56,0.1375,0.2825,0.01,0.0,0.01
16,29,21.53,79.39,1.6358,1.37964,0.3604,-0.4386,100,382.58769,1.0692,5.09633,0.285,0.175,0.5325,0.0025,0.0,0.005
16,30,21.53,79.41,1.69666,1.36549,0.36006,-0.44588,100,383.39585,1.23483,4.39815,0.515,0.22,0.255,0.0,0.0,0.01
16,31,21.53,79.43,1.69367,1.34813,0.33483,-0.43505,100,374.04003,1.63057,6.00554,0.42,0.2125,0.355,0.0125,0.0,0.0
16,32,21.53,79.45,1.68455,1.35829,0.36962,-0.45061,100,366.18513,1.22546,3.91544,0.875,0.0675,0.0575,0.0,0.0,0.0
16,33,21.53,79.47,1.67707,1.34026,0.33325,-0.42587,100,359.96791,1.41177,5.07556,0.855,0.09,0.055,0.0,0.0,0.0
16,34,21.53,79.49,1.66796,1.35047,0.3345,-0.43684,100,357.30835,1.49095,6.26015,0.595,0.12,0.2625,0.015,0.0,0.0075
16,35,21.53,79.51,1.57263,1.40618,0.38104,-0.44929,100,351.55304,1.73718,7.45551,0.66,0.1975,0.0125,0.0,0.0,0.13
16,36,21.53,79.53,0.80384,1.22617,-0.18748,0.36959,100,336.16424,0.80714,3.92423,0.0425,0.0675,0.0125,0.0,0.0,0.8775
16,37,21.53,79.55,1.65187,1.27668,0.28608,-0.39209,100,342.94967,1.62003,5.6361,0.34,0.5,0.0525,0.0,0.0,0.1075
16,38,21.53,79.57,1.64233,1.3405,0.36222,-0.44032,100,335.94806,1.47056,6.77815,0.53,0.3525,0.1175,0.0,0.0,0.0
16,39,21.53,79.59,1.62625,1.34338,0.35541,-0.44299,100,339.61749,1.52815,7.99675,0.925,0.0525,0.0225,0.0,0.0,0.0
16,40,21.53,79.61,1.6505,1.33853,0.34517,-0.43688,100,336.39951,1.59247,6.98815,0.76,0.0975,0.14,0.0,0.0,0.0025
16,41,21.53,79.63,1.6438,1.36138,0.37925,-0.45378,100,328.23352,1.30792,5.67491,0.7525,0.1575,0.0875,0.0,0.0,0.0025
16,42,21.53,79.65,1.66407,1.4006,0.41771,-0.47802,100,345.496,2.46113,11.97959,0.89,0.11,0.0,0.0,0.0,0.0
16,43,21.53,79.67,1.62475,1.41981,0.43748,-0.48305,100,342.82278,2.74884,13.20891,0.775,0.0975,0.1025,0.0,0.0,0.025
16,44,21.53,79.69,1.67947,1.33117,0.34919,-0.437,100,347.24598,2.86494,11.28387,0.4975,0.2025,0.29,0.0075,0.0,0.0025
16,45,21.53,79.71,1.67958,1.31986,0.32363,-0.42059,100,330.44061,1.639,5.87726,0.325,0.17,0.455,0.025,0.0,0.025
16,46,21.53,79.73,1.69251,1.32626,0.32345,-0.42467,100,321.80448,1.39109,5.99312,0.2275,0.2475,0.465,0.06,0.0,0.0
16,47,21.53,79.75,1.67395,1.35693,0.3554,-0.44137,100,323.62688,2.33763,13.3105,0.4525,0.2325,0.2275,0.0725,0.0,0.015
16,48,21.53,79.77,1.74537,1.441,0.42593,-0.49316,100,327.42067,2.95332,16.03661,0.8775,0.0375,0.085,0.0,0.0,0.0
16,49,21.53,79.79,1.65736,1.47991,0.46737,-0.50562,100,313.09482,1.95535,12.25685,0.7425,0.1125,0.0725,0.0,0.0,0.0725
16,50,21.53,79.81,1.56282,1.50622,0.48851,-0.5067,100,312.54407,3.77209,30.697,0.63,0.11,0.0,0.0,0.0,0.26
16,51,21.53,79.83,1.73718,1.50108,0.46729,-0.50805,100,353.79544,10.86522,64.50515,0.905,0.0725,0.0225,0.0,0.0,0.0
16,52,21.53,79.85,1.77191,1.3722,0.38309,-0.46057,100,303.313,5.8128,45.59008,0.5,0.18,0.235,0.005,0.05,0.03
16,53,21.53,79.87,1.62259,1.34489,0.41721,-0.46102,100,272.58394,0.85597,3.69722,0.155,0.0925,0.6375,0.015,0.0675,0.0325
16,54,21.53,79.89,1.61969,1.3715,0.43837,-0.47678,100,271.95542,1.082,5.51816,0.2475,0.115,0.5725,0.0075,0.0075,0.05
16,55,21.53,79.91,1.46073,1.4259,0.47802,-0.48456,100,266.05821,0.91687,4.00609,0.2,0.0575,0.6025,0.015,0.04,0.085
16,56,21.53,79.93,1.25517,1.73483,0.70458,-0.62611,100,269.69469,0.71505,4.85819,0.0825,0.0275,0.6825,0.0025,0.025,0.18
16,57,21.53,79.95,1.63422,1.38244,0.38959,-0.44683,100,277.61222,0.54092,2.63399,0.0175,0.01,0.935,0.035,0.0,0.0025
16,58,21.53,79.97,1.67742,1.35885,0.3583,-0.42751,100,275.77223,0.93455,4.34776,0.185,0.2275,0.555,0.0275,0.0025,0.0025
16,59,21.53,79.99,1.57519,1.43157,0.47727,-0.50946,100,271.53461,0.90493,2.99869,0.3175,0.095,0.4275,0.01,0.045,0.105
16,60,21.53,80.01,1.47598,1.51406,0.58273,-0.57253,100,273.37907,0.77712,3.41919,0.21,0.0125,0.615,0.0275,0.0425,0.0925
16,61,21.53,80.03,1.48784,1.5163,0.56739,-0.55351,100,278.20231,0.35053,2.03057,0.0175,0.0,0.9825,0.0,0.0,0.0
16,62,21.53,80.05,1.57169,1.43725,0.3931,-0.44763,100,280.83575,0.16081,1.06117,0.0025,0.0,0.9975,0.0,0.0,0.0
16,63,21.53,80.07,1.64875,1.4176,0.39148,-0.45964,100,279.83636,0.66664,2.61683,0.2875,0.105,0.605,0.0025,0.0,0.0
16,64,21.53,80.09,1.71169,1.36137,0.34041,-0.43444,100,289.61816,0.92587,4.71464,0.075,0.1025,0.77,0.0425,0.0025,0.0075
16,65,21.53,80.11,1.78478,1.36365,0.32483,-0.43544,100,304.45092,3.32316,14.96501,0.255,0.3,0.4275,0.01,0.0025,0.005
16,66,21.53,80.13,1.83196,1.37611,0.32215,-0.43002,100,306.51376,2.75378,14.17507,0.325,0.1625,0.4975,0.005,0.005,0.005
16,67,21.53,80.15,1.75419,1.38261,0.32875,-0.43382,100,291.97546,1.01786,4.859,0.105,0.0625,0.8125,0.0175,0.0,0.0025
16,68,21.53,80.17,1.65758,1.36065,0.34543,-0.44405,100,294.72058,0.74526,3.13972,0.06,0.1,0.805,0.035,0.0,0.0
16,69,21.53,80.19,1.61609,1.38382,0.37556,-0.45499,100,297.03739,0.65774,3.31286,0.0975,0.0675,0.7975,0.0325,0.0,0.005
16,70,21.53,80.21,1.55726,1.41211,0.43304,-0.49319,100,306.49285,0.73238,4.09928,0.1475,0.035,0.755,0.05,0.0,0.0125
16,71,21.53,80.23,1.64332,1.35885,0.38948,-0.45615,100,307.7241,0.57833,3.36177,0.02,0.075,0.8725,0.03,0.0,0.0025
16,72,21.53,80.25,1.63255,1.36206,0.37448,-0.45637,100,303.60819,0.51059,2.37765,0.02,0.105,0.8,0.0675,0.0,0.0075
16,73,21.53,80.27,1.56874,1.46785,0.42251,-0.46626,100,296.92769,0.58588,2.99836,0.0975,0.0675,0.805,0.03,0.0,0.0
16,74,21.53,80.29,1.71097,1.31848,0.25994,-0.39295,100,299.07067,0.47202,3.2176,0.0175,0.21,0.64,0.125,0.0075,0.0
16,75,21.53,80.31,1.68545,1.36772,0.37421,-0.45935,100,299.8444,0.61696,2.9838,0.045,0.1525,0.7325,0.03,0.0025,0.0375
16,76,21.53,80.33,1.60977,1.45845,0.42574,-0.48658,100,291.23809,0.89831,3.2352,0.3175,0.11,0.56,0.0125,0.0,0.0
16,77,21.53,80.35,1.65125,1.43257,0.39603,-0.47512,100,291.65569,0.72763,2.80925,0.225,0.0625,0.6825,0.005,0.0025,0.0225
16,78,21.53,80.37,1.63609,1.43129,0.38367,-0.46909,100,291.51509,1.14263,3.69933,0.3025,0.1925,0.4525,0.025,0.0,0.0275
16,79,21.53,80.39,1.4306,1.54092,0.56487,-0.54551,100,293.33315,0.76544,2.91424,0.2275,0.0225,0.71,0.04,0.0,0.0
16,80,21.53,80.41,1.76214,1.38729,0.31427,-0.42581,100,297.77082,0.50926,2.24247,0.04,0.0225,0.8825,0.0525,0.0,0.0025
16,81,21.53,80.43,1.61577,1.47854,0.42655,-0.49436,100,301.16269,0.33564,1.42111,0.035,0.0,0.9625,0.0025,0.0,0.0
16,82,21.53,80.45,1.231,1.73721,0.70951,-0.64474,100,303.84749,0.33322,1.35699,0.0625,0.005,0.91,0.02,0.0,0.0025
16,83,21.53,80.47,1.33295,1.63351,0.63563,-0.61187,100,306.57975,0.35702,1.43851,0.085,0.0075,0.885,0.0225,0.0,0.0
16,84,21.53,80.49,1.62945,1.41867,0.44965,-0.48912,100,309.45317,0.3942,1.39691,0.035,0.0,0.9275,0.0275,0.0,0.01
16,85,21.53,80.51,1.67686,1.41385,0.44023,-0.49283,100,309.65148,0.78336,3.59665,0.1625,0.015,0.795,0.0225,0.005,0.0
16,86,21.53,80.53,1.82416,1.36338,0.40446,-0.47899,100,306.17024,0.94507,3.7962,0.21,0.105,0.6375,0.025,0.0225,0.0
16,87,21.53,80.55,1.81501,1.53347,0.46918,-0.53283,100,313.52101,1.10695,4.97297,0.6425,0.065,0.285,0.0,0.0075,0.0
16,88,21.53,80.57,1.91808,1.48582,0.42291,-0.50198,100,320.70567,1.40193,5.14765,0.81,0.045,0.1375,0.0025,0.0025,0.0025
16,89,21.53,80.59,1.89846,1.35493,0.36529,-0.46657,100,319.4795,1.22898,5.29663,0.19,0.135,0.65,0.0125,0.0125,0.0
17,0,21.55,78.81,1.44064,1.22366,0.27151,-0.33361,100,368.37245,2.09691,12.64976,0.13,0.1875,0.4575,0.2075,0.0175,0.0
17,1,21.55,78.83,1.43769,1.30191,0.35449,-0.40967,100,347.21577,0.94819,6.45523,0.06,0.0275,0.78,0.1325,0.0,0.0
17,2,21.55,78.85,1.4858,1.36147,0.41345,-0.4542,100,336.76134,0.9237,5.41989,0.0475,0.0375,0.915,0.0,0.0,0.0
17,3,21.55,78.87,1.46041,1.4151,0.46622,-0.48036,100,329.48597,1.77075,11.16296,0.0375,0.095,0.8325,0.025,0.01,0.0
17,4,21.55,78.89,1.54969,1.35915,0.37352,-0.42753,100,323.55394,1.94994,5.58548,0.1375,0.22,0.4825,0.0025,0.06,0.0975
17,5,21.55,78.91,1.51773,1.4588,0.4045,-0.44781,100,348.66051,4.59615,19.79565,0.7575,0.115,0.1,0.0,0.01,0.0175
17,6,21.55,78.93,1.47012,1.50634,0.40362,-0.43505,100,357.03963,4.24538,17.09803,0.86,0.08,0.0,0.0,0.0,0.06
17,7,21.55,78.95,1.28089,1.44946,0.35196,-0.34858,100,339.38482,2.15158,16.80966,0.3,0.0825,0.185,0.0,0.0025,0.43
17,8,21.55,78.97,1.56633,1.47671,0.47728,-0.48073,100,337.57801,1.16029,4.55375,0.3275,0.085,0.4875,0.0175,0.0,0.0825
17,9,21.55,78.99,1.6639,1.42099,0.42582,-0.45401,100,350.46073,1.56066,6.49369,0.3275,0.1325,0.5375,0.0025,0.0,0.0
17,10,21.55,79.01,1.54503,1.56033,0.45209,-0.45769,100,377.23864,3.31756,26.40037,0.83,0.04,0.13,0.0,0.0,0.0
17,11,21.55,79.03,1.489,1.66287,0.50167,-0.47921,100,416.14308,7.47393,32.9253,0.9975,0.0025,0.0,0.0,0.0,0.0
17,12,21.55,79.05,1.54141,1.65663,0.48263,-0.47571,100,443.76131,7.26259,36.75245,0.9925,0.0075,0.0,0.0,0.0,0.0
17,13,21.55,79.07,1.60625,1.57026,0.40211,-0.44466,100,452.75873,6.58432,26.70649,0.945,0.055,0.0,0.0,0.0,0.0
17,14,21.55,79.09,1.60401,1.52793,0.37641,-0.43438,100,413.09843,5.15233,25.50007,1.0,0.0,0.0,0.0,0.0,0.0
17,15,21.55,79.11,1.64311,1.40862,0.36061,-0.42642,100,370.3511,2.79791,13.58386,0.5625,0.0825,0.3475,0.0025,0.0,0.005
17,16,21.55,79.13,1.61198,1.41026,0.36838,-0.42779,100,353.79098,3.43029,14.7814,0.6075,0.0925,0.2975,0.0025,0.0,0.0
17,17,21.55,79.15,1.61467,1.34908,0.33726,-0.42979,100,352.62076,2.83182,16.50251,0.6925,0.0425,0.2625,0.0025,0.0,0.0
17,18,21.55,79.17,1.57865,1.34684,0.32797,-0.41594,100,342.01971,3.09479,13.67649,0.565,0.0825,0.29,0.01,0.0,0.0525
17,19,21.55,79.19,1.5698,1.35903,0.35233,-0.40863,100,337.04052,2.40238,13.51941,0.5275,0.045,0.225,0.0,0.0,0.2025
17,20,21.55,79.21,1.61817,1.40049,0.36228,-0.45087,100,396.29953,5.28535,23.66366,1.0,0.0,0.0,0.0,0.0,0.0
17,21,21.55,79.23,1.65028,1.3828,0.36067,-0.45307,100,408.00356,2.07427,11.96842,0.9825,0.0175,0.0,0.0,0.0,0.0
17,22,21.55,79.25,1.68441,1.3709,0.36288,-0.45379,100,414.44251,1.43503,6.66122,0.5975,0.1125,0.2825,0.0025,0.0,0.005
17,23,21.55,79.27,1.70182,1.34646,0.30506,-0.39263,100,411.98257,0.8767,3.72453,0.0525,0.155,0.7775,0.015,0.0,0.0
17,24,21.55,79.29,1.68073,1.36259,0.3221,-0.40497,100,404.25674,0.86695,4.19391,0.09,0.1525,0.755,0.0,0.0,0.0025
17,25,21.55,79.31,1.6511,1.35978,0.35961,-0.43348,100,401.96516,1.09912,4.90135,0.55,0.215,0.225,0.0,0.0,0.01
17,26,21.55,79.33,1.61481,1.3642,0.36099,-0.43163,100,396.09785,1.1444,4.91337,0.5525,0.145,0.2875,0.01,0.0,0.005
17,27,21.55,79.35,1.60081,1.36138,0.36489,-0.43678,100,387.72473,1.06683,4.05742,0.545,0.14,0.28,0.035,0.0,0.0
17,28,21.55,79.37,1.60548,1.36281,0.34627,-0.42935,100,377.53617,0.90376,3.63224,0.4,0.145,0.45,0.005,0.0,0.0
17,29,21.55,79.39,1.62297,1.36549,0.34121,-0.42586,100,371.35818,0.88601,3.77042,0.155,0.1625,0.675,0.0075,0.0,0.0
17,30,21.55,79.41,1.67158,1.36567,0.32256,-0.4162,100,374.40028,1.21646,4.49499,0.115,0.17,0.69,0.015,0.0,0.01
17,31,21.55,79.43,1.70526,1.33524,0.31333,-0.414,100,376.30554,1.41261,4.79403,0.1975,0.385,0.3975,0.02,0.0,0.0
17,32,21.55,79.45,1.70135,1.3143,0.33133,-0.42389,100,374.80672,2.11149,7.61654,0.6475,0.1925,0.16,0.0,0.0,0.0
17,33,21.55,79.47,1.66325,1.33834,0.36172,-0.44439,100,364.61009,1.52818,6.30791,0.8075,0.1925,0.0,0.0,0.0,0.0
17,34,21.55,79.49,1.54789,1.35806,0.36052,-0.42985,100,350.11148,1.67033,6.26703,0.3125,0.45,0.1275,0.0,0.0,0.11
17,35,21.55,79.51,1.04899,1.32152,0.15769,-0.08659,100,342.70705,1.67224,6.48616,0.0975,0.27,0.1025,0.0,0.0,0.53
17,36,21.55,79.53,0.80067,1.23998,-0.15975,0.31813,100,335.6975,0.49853,4.47681,0.0125,0.0725,0.045,0.0,0.0,0.87
17,37,21.55,79.55,1.56999,1.33328,0.32264,-0.39728,100,333.97387,1.49824,5.79856,0.49,0.14,0.0,0.0,0.0225,0.3475
17,38,21.55,79.57,1.61654,1.34372,0.36193,-0.43968,100,331.34936,1.72932,7.00767,0.8125,0.0975,0.0575,0.0,0.03,0.0025
17,39,21.55,79.59,1.5922,1.33784,0.37031,-0.44603,100,323.59516,1.52416,5.41557,0.5175,0.16,0.295,0.0,0.0275,0.0
17,40,21.55,79.61,1.57004,1.35773,0.41745,-0.45552,100,320.42515,1.3156,6.71281,0.3075,0.1175,0.5525,0.0075,0.015,0.0
17,41,21.55,79.63,1.58709,1.34204,0.40398,-0.44539,100,314.7175,1.23701,5.80209,0.2325,0.1075,0.6025,0.015,0.0425,0.0
17,42,21.55,79.65,1.59205,1.37586,0.41066,-0.46255,100,315.68373,1.58037,8.24655,0.42,0.15,0.385,0.0,0.04,0.005
17,43,21.55,79.67,1.48424,1.41096,0.44747,-0.47478,100,325.10129,2.32672,14.43876,0.2525,0.2025,0.46,0.0425,0.035,0.0075
17,44,21.55,79.69,1.5679,1.33767,0.36859,-0.4424,100,348.86412,4.16839,15.06011,0.62,0.19,0.0075,0.0625,0.12,0.0
17,45,21.55,79.71,1.71006,1.36237,0.37044,-0.46371,100,358.06146,4.52709,18.68254,0.85,0.07,0.0775,0.0025,0.0,0.0
17,46,21.55,79.73,1.71421,1.35642,0.35422,-0.45109,100,339.65639,2.89626,12.40447,0.555,0.1575,0.2575,0.025,0.0025,0.0025
17,47,21.55,79.75,1.62411,1.37907,0.37409,-0.4503,100,335.39165,4.74587,28.36068,0.5075,0.25,0.2,0.0325,0.0,0.01
17,48,21.55,79.77,1.62161,1.45263,0.43217,-0.48675,100,327.49415,4.37022,29.06976,0.5625,0.12,0.28,0.03,0.0,0.0075
17,49,21.55,79.79,1.702,1.4754,0.45233,-0.50601,100,319.76037,3.84111,22.40151,0.73,0.0625,0.1975,0.005,0.0,0.005
17,50,21.55,79.81,1.71071,1.4462,0.43052,-0.49796,100,298.50926,3.30617,11.74513,0.74,0.075,0.18,0.0,0.0,0.005
17,51,21.55,79.83,1.6469,1.32178,0.34846,-0.42292,100,281.01867,1.82471,8.56895,0.375,0.0775,0.435,0.0025,0.045,0.065
17,52,21.55,79.85,1.68359,1.36001,0.37999,-0.44872,100,284.11349,1.70385,9.66861,0.18,0.285,0.4675,0.0125,0.0425,0.0125
17,53,21.55,79.87,1.68726,1.33095,0.34747,-0.42202,100,282.68055,0.90104,5.68533,0.0425,0.075,0.8775,0.0,0.0,0.005
17,54,21.55,79.89,1.66677,1.36017,0.36097,-0.43767,100,281.13743,1.57101,7.55285,0.0975,0.1225,0.77,0.0,0.0025,0.0075
17,55,21.55,79.91,1.5973,1.3846,0.41263,-0.45748,100,270.90833,0.71139,2.76277,0.0775,0.01,0.8775,0.0325,0.0,0.0025
17,56,21.55,79.93,1.38254,1.46414,0.52325,-0.49491,100,267.82693,0.76665,4.41415,0.1625,0.0725,0.4825,0.025,0.035,0.2225
17,57,21.55,79.95,1.48866,1.4313,0.4814,-0.48729,100,269.95866,0.70868,4.77874,0.1525,0.045,0.6025,0.0025,0.045,0.1525
17,58,21.55,79.97,1.55694,1.40218,0.44733,-0.47974,100,270.43564,1.08971,4.44656,0.265,0.055,0.4525,0.0025,0.0375,0.1875
17,59,21.55,79.99,1.54906,1.44977,0.50569,-0.52312,100,271.40453,0.84621,3.04168,0.36,0.04,0.4825,0.0,0.0175,0.1
17,60,21.55,80.01,1.59845,1.40911,0.45514,-0.4917,100,273.69221,0.72052,3.21299,0.2025,0.04,0.6025,0.01,0.0775,0.0675
17,61,21.55,80.03,1.55466,1.40098,0.46182,-0.49913,100,273.53212,0.72133,3.45269,0.14,0.065,0.5075,0.0425,0.0675,0.1775
17,62,21.55,80.05,1.55612,1.41666,0.44152,-0.48399,100,275.02801,0.68378,4.01892,0.15,0.045,0.5325,0.0525,0.085,0.135
17,63,21.55,80.07,1.54125,1.41465,0.44759,-0.48299,100,275.15205,0.84135,3.4953,0.325,0.0525,0.435,0.0275,0.0675,0.0925
17,64,21.55,80.09,1.73259,1.38132,0.37591,-0.46502,100,282.38022,0.88845,4.28647,0.2925,0.1525,0.5525,0.0025,0.0,0.0
17,65,21.55,80.11,1.6649,1.41484,0.38389,-0.46706,100,291.07007,1.01337,5.13881,0.1925,0.155,0.635,0.0175,0.0,0.0
17,66,21.55,80.13,1.81597,1.33111,0.27413,-0.40494,100,291.21294,1.2752,6.81402,0.025,0.1325,0.805,0.03,0.0,0.0075
17,67,21.55,80.15,1.74368,1.36553,0.2983,-0.42715,100,287.12538,0.97003,5.33809,0.1375,0.085,0.7625,0.0125,0.0,0.0025
17,68,21.55,80.17,1.76702,1.34103,0.29524,-0.42127,100,291.76897,0.93416,4.74855,0.1075,0.07,0.785,0.0225,0.0,0.015
17,69,21.55,80.19,1.77099,1.31625,0.27746,-0.41205,100,295.82983,0.66652,3.09899,0.0475,0.09,0.8175,0.0375,0.0,0.0075
17,70,21.55,80.21,1.627,1.35878,0.36269,-0.44542,100,299.21326,0.70941,3.3116,0.1525,0.0275,0.77,0.0475,0.0025,0.0
17,71,21.55,80.23,1.65739,1.35919,0.35095,-0.4449,100,307.87209,0.81878,4.43823,0.065,0.0875,0.805,0.0425,0.0,0.0
17,72,21.55,80.25,1.61063,1.40293,0.40263,-0.48181,100,304.3535,0.54611,2.76994,0.0475,0.0975,0.82,0.03,0.0,0.005
17,73,21.55,80.27,1.57189,1.44265,0.40797,-0.46082,100,297.18969,0.60301,4.27512,0.0225,0.095,0.8425,0.0375,0.0,0.0025
17,74,21.55,80.29,1.5734,1.44451,0.40935,-0.47344,100,291.34686,0.50344,3.2778,0.03,0.0225,0.9125,0.0325,0.0,0.0025
17,75,21.55,80.31,1.6077,1.4312,0.424,-0.48504,100,294.74411,0.50231,2.89259,0.045,0.0225,0.89,0.0325,0.0,0.01
17,76,21.55,80.33,1.69351,1.41477,0.3744,-0.4724,100,290.05912,1.27021,3.93569,0.4025,0.205,0.3375,0.01,0.0025,0.0425
17,77,21.55,80.35,1.73354,1.37432,0.34989,-0.44708,100,292.25433,0.60112,2.89235,0.1625,0.0675,0.7525,0.0,0.0,0.0175
17,78,21.55,80.37,1.69389,1.39847,0.35996,-0.45114,100,294.72833,0.58477,2.35933,0.13,0.04,0.7825,0.045,0.0,0.0025
17,79,21.55,80.39,1.48096,1.54746,0.52181,-0.51617,100,296.37188,0.50679,2.03598,0.115,0.035,0.8175,0.0275,0.0,0.005
17,80,21.55,80.41,1.52757,1.49214,0.48515,-0.49729,100,297.57478,0.59952,2.07014,0.1775,0.0025,0.765,0.0525,0.0,0.0025
17,81,21.55,80.43,1.60282,1.47063,0.4671,-0.47393,100,300.3187,0.43999,1.6771,0.07,0.01,0.9025,0.0175,0.0,0.0
17,82,21.55,80.45,1.39553,1.73354,0.65193,-0.58458,100,302.94771,0.32043,1.28691,0.0275,0.0,0.9575,0.015,0.0,0.0
17,83,21.55,80.47,1.69878,1.37403,0.3971,-0.46896,100,304.61613,0.76746,3.23175,0.0875,0.0825,0.795,0.0225,0.01,0.0025
17,84,21.55,80.49,1.7821,1.35801,0.36441,-0.4584,100,303.13847,1.10546,3.5318,0.2825,0.1225,0.545,0.02,0.0275,0.0025
17,85,21.55,80.51,1.82807,1.39768,0.38686,-0.47125,100,306.87729,1.05711,3.84512,0.535,0.1625,0.28,0.0,0.0225,0.0
17,86,21.55,80.53,1.891,1.33075,0.34218,-0.43646,100,312.4644,1.03557,4.00748,0.325,0.0625,0.5975,0.01,0.005,0.0
17,87,21.55,80.55,1.90965,1.47117,0.43192,-0.50745,100,320.73428,1.64651,8.36699,0.6425,0.0525,0.305,0.0,0.0,0.0
17,88,21.55,80.57,1.7998,1.5697,0.4811,-0.53294,100,336.80146,3.18439,21.263,0.985,0.0075,0.005,0.0,0.0025,0.0
17,89,21.55,80.59,1.96914,1.39892,0.37061,-0.48032,100,336.09039,3.50327,21.1034,0.6075,0.185,0.205,0.0,0.0,0.0025
18,0,21.57,78.81,1.54551,1.34653,0.32082,-0.39598,100,382.61936,4.64303,23.76202,0.1575,0.165,0.595,0.065,0.0,0.0175
18,1,21.57,78.83,1.60999,1.36153,0.33365,-0.4148,100,370.05922,3.02537,19.43815,0.0825,0.1675,0.75,0.0,0.0,0.0
18,2,21.57,78.85,1.60163,1.34384,0.34306,-0.42123,100,352.00119,2.03084,14.13635,0.0875,0.1775,0.6975,0.0375,0.0,0.0
18,3,21.57,78.87,1.54807,1.39976,0.41667,-0.45522,100,334.4117,2.83311,13.48415,0.295,0.11,0.59,0.005,0.0,0.0
18,4,21.57,78.89,1.54875,1.40442,0.41958,-0.46395,100,328.26633,2.18909,5.78169,0.13,0.1,0.69,0.0125,0.035,0.0325
18,5,21.57,78.91,1.51481,1.43972,0.46882,-0.48894,100,334.85766,1.70246,12.79639,0.0925,0.145,0.7575,0.0025,0.0025,0.0
18,6,21.57,78.93,1.52741,1.47846,0.45012,-0.47027,100,355.97105,2.9404,20.22001,0.5225,0.165,0.31,0.0025,0.0,0.0
18,7,21.57,78.95,1.61406,1.44894,0.41604,-0.44303,100,351.23487,2.30657,10.47594,0.29,0.2375,0.455,0.0125,0.005,0.0
18,8,21.57,78.97,1.67094,1.45915,0.46947,-0.48599,100,348.26482,0.93664,6.07147,0.195,0.14,0.6575,0.0075,0.0,0.0
18,9,21.57,78.99,1.69432,1.42585,0.42638,-0.46303,100,355.20882,1.43123,6.95757,0.3075,0.1275,0.565,0.0,0.0,0.0
18,10,21.57,79.01,1.63433,1.47737,0.46353,-0.47066,100,373.10897,2.44357,14.72409,0.565,0.1025,0.3175,0.015,0.0,0.0
18,11,21.57,79.03,1.59113,1.58018,0.46428,-0.46186,100,417.11214,7.69093,42.91773,0.855,0.045,0.0575,0.0,0.0,0.0425
18,12,21.57,79.05,1.54972,1.63999,0.48012,-0.46855,100,451.15746,8.51804,42.67969,0.97,0.0275,0.0025,0.0,0.0,0.0
18,13,21.57,79.07,1.59731,1.59338,0.43123,-0.45915,100,476.68623,8.10875,32.39173,0.975,0.025,0.0,0.0,0.0,0.0
18,14,21.57,79.09,1.63226,1.54735,0.38796,-0.44434,100,437.02956,5.47546,35.93767,0.9825,0.0175,0.0,0.0,0.0,0.0
18,15,21.57,79.11,1.54863,1.52809,0.3902,-0.43737,100,389.44834,3.31291,13.78841,1.0,0.0,0.0,0.0,0.0,0.0
18,16,21.57,79.13,1.54726,1.51956,0.39809,-0.44333,100,384.03617,3.18999,24.54271,0.99,0.01,0.0,0.0,0.0,0.0
18,17,21.57,79.15,1.63872,1.41272,0.34409,-0.43614,100,394.84377,4.07388,14.9104,0.9975,0.0025,0.0,0.0,0.0,0.0
18,18,21.57,79.17,1.59806,1.36695,0.36608,-0.44712,100,359.2938,4.4865,20.62511,0.87,0.04,0.09,0.0,0.0,0.0
18,19,21.57,79.19,1.5279,1.37455,0.35101,-0.42807,100,338.3738,3.55744,15.20812,0.6775,0.0075,0.09,0.0,0.0,0.225
18,20,21.57,79.21,1.66751,1.39734,0.34922,-0.4548,100,386.39753,5.16765,23.07078,1.0,0.0,0.0,0.0,0.0,0.0
18,21,21.57,79.23,1.65805,1.39599,0.35434,-0.45622,100,418.07851,2.72194,12.91933,0.99,0.01,0.0,0.0,0.0,0.0
18,22,21.57,79.25,1.6939,1.39751,0.36962,-0.46384,100,424.70531,1.36644,4.54735,0.7575,0.135,0.1075,0.0,0.0,0.0
18,23,21.57,79.27,1.63756,1.41485,0.40525,-0.46918,100,419.88678,1.15887,4.77444,0.735,0.185,0.08,0.0,0.0,0.0
18,24,21.57,79.29,1.64282,1.42415,0.38601,-0.46062,100,415.9042,1.89449,8.65733,0.4825,0.1775,0.3025,0.015,0.0,0.0225
18,25,21.57,79.31,1.67725,1.38192,0.3602,-0.45047,100,415.62234,2.65544,11.1952,0.76,0.1425,0.0925,0.005,0.0,0.0
18,26,21.57,79.33,1.61882,1.3951,0.39899,-0.46319,100,409.77421,2.67933,12.4205,0.855,0.055,0.09,0.0,0.0,0.0
18,27,21.57,79.35,1.56203,1.38893,0.40797,-0.45957,100,392.88484,1.28713,4.95355,0.615,0.1125,0.2625,0.0075,0.0025,0.0
18,28,21.57,79.37,1.66048,1.32658,0.32914,-0.41754,100,384.05299,1.19243,5.23593,0.14,0.36,0.4475,0.025,0.0025,0.025
18,29,21.57,79.39,1.63798,1.35071,0.36117,-0.42978,100,375.14645,1.06209,5.13475,0.24,0.26,0.4625,0.0025,0.0,0.035
18,30,21.57,79.41,1.64475,1.36433,0.36774,-0.44266,100,368.00316,1.16735,5.04614,0.4175,0.2675,0.3025,0.005,0.0,0.0075
18,31,21.57,79.43,1.65446,1.34136,0.33528,-0.42901,100,364.1496,1.14183,5.24746,0.235,0.24,0.52,0.005,0.0,0.0
18,32,21.57,79.45,1.67329,1.33155,0.36338,-0.44261,100,371.12968,1.70701,8.01718,0.83,0.0675,0.0825,0.0,0.0,0.02
18,33,21.57,79.47,1.62466,1.36475,0.38618,-0.45353,100,368.622,1.74942,5.59129,0.99,0.01,0.0,0.0,0.0,0.0
18,34,21.57,79.49,1.62127,1.38334,0.37381,-0.44899,100,359.80224,1.44401,6.78017,0.955,0.03,0.015,0.0,0.0,0.0
18,35,21.57,79.51,1.61419,1.358,0.3532,-0.43763,100,353.32015,1.54354,6.66946,0.6925,0.1775,0.03,0.0,0.0,0.1
18,36,21.57,79.53,0.97659,1.3412,-0.00613,0.1023,100,342.26161,1.6156,6.92146,0.205,0.2025,0.0425,0.0,0.0,0.55
18,37,21.57,79.55,1.08641,1.28833,0.11407,-0.06597,100,341.17684,1.39324,7.93027,0.3325,0.13,0.03,0.0,0.0025,0.505
18,38,21.57,79.57,1.645,1.39094,0.39497,-0.47103,100,341.77514,1.81664,9.06118,0.66,0.1375,0.2025,0.0,0.0,0.0
18,39,21.57,79.59,1.48188,1.4459,0.51558,-0.52067,100,330.92291,0.96898,4.69655,0.1275,0.0725,0.7675,0.0275,0.0,0.005
18,40,21.57,79.61,1.67224,1.40517,0.40592,-0.47496,100,329.41371,1.24986,6.74117,0.8175,0.065,0.11,0.0075,0.0,0.0
18,41,21.57,79.63,1.63559,1.41627,0.42998,-0.47905,100,326.04158,1.26644,5.81298,0.8525,0.0775,0.065,0.0,0.0,0.005
18,42,21.57,79.65,1.59212,1.35835,0.39959,-0.45044,100,311.66584,1.1069,6.08536,0.3375,0.075,0.51,0.035,0.0375,0.005
18,43,21.57,79.67,1.40258,1.49284,0.56211,-0.5274,100,308.32668,0.93921,5.58721,0.1025,0.085,0.7225,0.02,0.065,0.005
18,44,21.57,79.69,1.63571,1.31478,0.35376,-0.43132,100,318.29391,1.64614,10.77596,0.2775,0.36,0.33,0.0,0.0075,0.025
18,45,21.57,79.71,1.65545,1.31108,0.31957,-0.41655,100,326.20831,1.9405,12.39768,0.4625,0.2375,0.21,0.04,0.0,0.05
18,46,21.57,79.73,1.70372,1.33866,0.31352,-0.42157,100,331.83375,2.18631,11.37873,0.255,0.435,0.2625,0.0075,0.0,0.04
18,47,21.57,79.75,1.48022,1.42323,0.48906,-0.48884,100,310.41705,1.00801,6.54919,0.1225,0.1,0.71,0.05,0.0,0.0175
18,48,21.57,79.77,1.46705,1.40524,0.41072,-0.44386,100,300.07384,1.03843,4.44477,0.2275,0.26,0.425,0.0,0.0,0.0875
18,49,21.57,79.79,1.65266,1.37588,0.37626,-0.4533,100,301.61866,3.34968,18.39477,0.5875,0.135,0.2775,0.0,0.0,0.0
18,50,21.57,79.81,1.62239,1.28815,0.36591,-0.42012,100,282.09674,1.13508,3.8355,0.14,0.035,0.6775,0.05,0.0125,0.085
18,51,21.57,79.83,1.65829,1.32856,0.3661,-0.42587,100,288.05665,1.74233,8.09897,0.2375,0.115,0.595,0.0125,0.0,0.04
18,52,21.57,79.85,1.71412,1.53554,0.4744,-0.53668,100,310.92347,3.56571,14.85569,0.8675,0.075,0.0575,0.0,0.0,0.0
18,53,21.57,79.87,1.72846,1.48011,0.44611,-0.50359,100,304.92991,2.2731,13.01535,0.59,0.165,0.22,0.01,0.0,0.015
18,54,21.57,79.89,1.65102,1.37625,0.36989,-0.43934,100,281.82372,0.70748,3.44362,0.06,0.0575,0.85,0.0275,0.0,0.005
18,55,21.57,79.91,1.64882,1.38566,0.37805,-0.44835,100,275.32539,0.52637,2.21224,0.04,0.035,0.9025,0.01,0.005,0.0075
18,56,21.57,79.93,1.60094,1.38322,0.4191,-0.46317,100,270.96908,0.72183,2.70363,0.145,0.1,0.71,0.045,0.0,0.0
18,57,21.57,79.95,1.40435,1.57388,0.62415,-0.5791,100,269.78915,0.65027,2.6137,0.255,0.0225,0.71,0.0125,0.0,0.0
18,58,21.57,79.97,1.46596,1.55826,0.61188,-0.56972,100,270.87249,0.81017,2.45448,0.225,0.0325,0.7075,0.0175,0.0025,0.015
18,59,21.57,79.99,1.62459,1.39888,0.42898,-0.4727,100,274.19521,0.6863,3.36453,0.1325,0.0325,0.805,0.03,0.0,0.0
18,60,21.57,80.01,1.66832,1.39325,0.40094,-0.45676,100,280.78278,0.79201,4.02745,0.105,0.015,0.8425,0.0275,0.0,0.01
18,61,21.57,80.03,1.62824,1.41261,0.4287,-0.47725,100,276.03028,0.81534,3.41609,0.16,0.145,0.64,0.0225,0.005,0.0275
18,62,21.57,80.05,1.4636,1.49696,0.5022,-0.50364,100,276.33801,0.62193,1.97691,0.3075,0.055,0.605,0.0175,0.0,0.015
18,63,21.57,80.07,1.47207,1.48993,0.47925,-0.4966,100,278.2109,0.52746,2.62456,0.2,0.0025,0.725,0.025,0.0,0.0475
18,64,21.57,80.09,1.58107,1.41047,0.42847,-0.48123,100,278.35791,0.98193,5.22464,0.215,0.1125,0.5225,0.0225,0.015,0.1125
18,65,21.57,80.11,1.72098,1.40251,0.37606,-0.46871,100,285.74296,1.13773,5.2005,0.46,0.115,0.4225,0.0,0.0,0.0025
18,66,21.57,80.13,1.65859,1.36446,0.34863,-0.42998,100,282.15808,0.60721,2.01939,0.2225,0.115,0.6475,0.015,0.0,0.0
18,67,21.57,80.15,1.81763,1.28371,0.25657,-0.39238,100,287.55094,0.70659,3.44803,0.0475,0.085,0.7825,0.085,0.0,0.0
18,68,21.57,80.17,1.78661,1.32982,0.28717,-0.41713,100,293.46745,0.82599,4.11856,0.09,0.1125,0.7475,0.03,0.0,0.02
18,69,21.57,80.19,1.79014,1.31984,0.27149,-0.40627,100,289.27677,0.72576,3.82694,0.1,0.08,0.7975,0.0175,0.0,0.005
18,70,21.57,80.21,1.799,1.2703,0.25118,-0.38637,100,292.76518,0.64549,3.17472,0.035,0.095,0.8475,0.02,0.0,0.0025
18,71,21.57,80.23,1.76951,1.29515,0.28827,-0.4104,100,301.8366,0.75191,3.27842,0.0175,0.1125,0.8275,0.04,0.0,0.0025
18,72,21.57,80.25,1.73475,1.35353,0.34327,-0.44516,100,298.96033,0.7135,3.56922,0.17,0.1075,0.7,0.0175,0.0,0.005
18,73,21.57,80.27,1.58159,1.41514,0.38799,-0.44275,100,296.40556,0.63232,3.98488,0.0125,0.07,0.8825,0.0275,0.0,0.0075
18,74,21.57,80.29,1.51955,1.44734,0.45968,-0.49221,100,287.35158,0.72283,2.60666,0.065,0.0475,0.8625,0.01,0.0,0.015
18,75,21.57,80.31,1.59926,1.41008,0.43368,-0.49403,100,288.39902,0.95521,4.07932,0.0625,0.0925,0.79,0.0175,0.0,0.0375
18,76,21.57,80.33,1.68036,1.40085,0.38318,-0.45882,100,288.68492,1.30193,4.38743,0.29,0.1225,0.53,0.01,0.0025,0.045
18,77,21.57,80.35,1.67619,1.39739,0.38547,-0.46629,100,290.76607,0.74278,3.61826,0.18,0.07,0.6875,0.025,0.005,0.0325
18,78,21.57,80.37,1.65821,1.42202,0.36808,-0.44528,100,294.85544,0.21835,0.89256,0.005,0.0,0.995,0.0,0.0,0.0
18,79,21.57,80.39,1.644,1.394,0.39959,-0.47921,100,294.7845,0.8518,3.1463,0.22,0.115,0.615,0.0325,0.01,0.0075
18,80,21.57,80.41,1.59495,1.46152,0.49733,-0.51474,100,297.5775,0.58655,1.95296,0.1,0.0225,0.875,0.0025,0.0,0.0
18,81,21.57,80.43,1.68051,1.37781,0.37144,-0.44615,100,300.71152,0.48219,2.23676,0.0425,0.0325,0.89,0.0225,0.0075,0.005
18,82,21.57,80.45,1.66239,1.4524,0.43858,-0.48028,100,302.50072,0.69178,2.67576,0.1775,0.0625,0.7375,0.0125,0.01,0.0
18,83,21.57,80.47,1.66443,1.42115,0.41725,-0.48694,100,302.43877,1.01095,3.81526,0.24,0.14,0.585,0.02,0.015,0.0
18,84,21.57,80.49,1.39374,1.58255,0.60382,-0.59883,100,308.4464,0.64961,2.20797,0.24,0.0325,0.7225,0.005,0.0,0.0
18,85,21.57,80.51,1.88193,1.47484,0.41868,-0.49777,100,314.62466,0.94073,4.39894,0.94,0.015,0.045,0.0,0.0,0.0
18,86,21.57,80.53,1.81039,1.39121,0.39009,-0.47774,100,323.4115,1.11216,4.43538,0.49,0.08,0.4225,0.0025,0.0025,0.0025
18,87,21.57,80.55,1.80947,1.54404,0.46828,-0.53053,100,339.52438,2.21524,10.85708,0.8225,0.0275,0.1475,0.0,0.0025,0.0
18,88,21.57,80.57,1.68168,1.68117,0.54686,-0.56479,100,494.77031,12.24861,118.84526,1.0,0.0,0.0,0.0,0.0,0.0
18,89,21.57,80.59,1.60106,1.70671,0.58018,-0.58502,100,545.44619,13.06335,113.27513,0.975,0.0175,0.0075,0.0,0.0,0.0
19,0,21.59,78.81,1.56776,1.3581,0.34309,-0.41469,100,376.92964,5.32719,30.77298,0.215,0.16,0.6175,0.0075,0.0,0.0
19,1,21.59,78.83,1.62554,1.38366,0.33522,-0.41964,100,380.43344,5.90952,37.61484,0.36,0.18,0.46,0.0,0.0,0.0
19,2,21.59,78.85,1.57799,1.36724,0.36174,-0.42675,100,340.9756,1.95358,13.85255,0.175,0.0675,0.7175,0.035,0.0025,0.0025
19,3,21.59,78.87,1.60347,1.35305,0.3717,-0.42987,100,330.55828,1.59266,4.17326,0.1125,0.125,0.675,0.035,0.05,0.0025
19,4,21.59,78.89,1.4888,1.41741,0.42797,-0.46523,100,332.79515,1.10067,4.44191,0.0375,0.0425,0.8725,0.0175,0.0,0.03
19,5,21.59,78.91,1.48154,1.4612,0.4512,-0.47926,100,338.01784,0.66934,4.45072,0.0125,0.005,0.9825,0.0,0.0,0.0
19,6,21.59,78.93,1.57664,1.43508,0.43636,-0.46755,100,347.17966,0.77309,4.63557,0.03,0.1375,0.8225,0.01,0.0,0.0
19,7,21.59,78.95,1.65961,1.45528,0.39154,-0.44984,100,369.14553,3.08845,16.56976,0.4925,0.33,0.17,0.0,0.0,0.0075
19,8,21.59,78.97,1.66111,1.4931,0.43063,-0.45952,100,379.43619,3.93974,16.09734,0.7625,0.1975,0.04,0.0,0.0,0.0
19,9,21.59,78.99,1.5877,1.54158,0.44776,-0.47487,100,391.36207,5.66423,26.40068,0.85,0.0975,0.025,0.0,0.0,0.0275
19,10,21.59,79.01,1.52977,1.66665,0.51547,-0.50026,100,410.19852,6.45397,39.73322,0.9325,0.035,0.0325,0.0,0.0,0.0
19,11,21.59,79.03,1.47225,1.6664,0.4963,-0.47989,100,419.86798,6.96682,39.78928,1.0,0.0,0.0,0.0,0.0,0.0
19,12,21.59,79.05,1.49792,1.68011,0.50266,-0.4729,100,441.95555,8.75503,37.61553,0.9975,0.0,0.0025,0.0,0.0,0.0
19,13,21.59,79.07,1.66377,1.57062,0.41222,-0.44763,100,502.71748,7.90659,42.28856,0.725,0.2175,0.0575,0.0,0.0,0.0
19,14,21.59,79.09,1.70894,1.53122,0.36062,-0.43279,100,514.48454,6.12318,38.12258,0.6825,0.2075,0.11,0.0,0.0,0.0
19,15,21.59,79.11,1.63795,1.55494,0.38572,-0.45001,100,449.57404,4.88989,30.27386,0.9925,0.0075,0.0,0.0,0.0,0.0
19,16,21.59,79.13,1.65651,1.54639,0.38151,-0.45518,100,437.58018,2.84626,13.85606,1.0,0.0,0.0,0.0,0.0,0.0
19,17,21.59,79.15,1.68801,1.4774,0.33638,-0.44794,100,433.66402,3.84711,13.51344,0.9975,0.0025,0.0,0.0,0.0,0.0
19,18,21.59,79.17,1.67324,1.37597,0.34075,-0.44856,100,404.5477,5.62461,24.3431,0.9975,0.0025,0.0,0.0,0.0,0.0
19,19,21.59,79.19,1.71809,1.37122,0.32487,-0.44375,100,392.46284,5.34869,27.93133,0.9775,0.0,0.0,0.0,0.0,0.0225
19,20,21.59,79.21,1.66834,1.36552,0.33807,-0.44274,100,354.44249,6.12292,22.69333,0.9,0.0125,0.0,0.0,0.0425,0.045
19,21,21.59,79.23,1.69572,1.39178,0.35746,-0.45476,100,425.67591,6.93639,40.67947,1.0,0.0,0.0,0.0,0.0,0.0
19,22,21.59,79.25,1.68088,1.41933,0.38891,-0.46896,100,465.58377,5.11941,43.27404,0.9025,0.0375,0.06,0.0,0.0,0.0
19,23,21.59,79.27,1.6075,1.42939,0.42159,-0.47706,100,460.50105,5.80029,25.23729,0.995,0.005,0.0,0.0,0.0,0.0
19,24,21.59,79.29,1.66556,1.40123,0.38475,-0.45938,100,450.41427,5.00119,33.06431,0.73,0.065,0.205,0.0,0.0,0.0
19,25,21.59,79.31,1.61464,1.38273,0.36445,-0.44433,100,436.89594,5.63529,26.32085,0.8225,0.0675,0.1,0.01,0.0,0.0
19,26,21.59,79.33,1.60153,1.36778,0.37484,-0.44169,100,415.16352,4.02131,20.77175,0.58,0.1175,0.3025,0.0,0.0,0.0
19,27,21.59,79.35,1.59839,1.3494,0.38049,-0.44385,100,398.06706,1.00912,3.79776,0.2425,0.1975,0.54,0.015,0.0,0.005
19,28,21.59,79.37,1.63264,1.33151,0.34515,-0.4301,100,390.47721,1.27011,4.72454,0.25,0.31,0.345,0.085,0.0,0.01
19,29,21.59,79.39,1.68848,1.33726,0.34633,-0.42842,100,383.75612,1.31142,5.68455,0.32,0.2875,0.3475,0.01,0.0,0.035
19,30,21.59,79.41,1.65039,1.35097,0.33941,-0.43097,100,372.78698,1.14153,4.37292,0.4225,0.215,0.3525,0.01,0.0,0.0
19,31,21.59,79.43,1.64393,1.34509,0.36259,-0.43821,100,365.16985,1.33375,5.67032,0.58,0.26,0.1325,0.01,0.0,0.0175
19,32,21.59,79.45,1.64913,1.315,0.35715,-0.4301,100,358.08465,1.28517,3.91084,0.66,0.1525,0.185,0.0025,0.0,0.0
19,33,21.59,79.47,1.59776,1.36843,0.40433,-0.45876,100,358.39424,1.3894,5.08667,0.94,0.0525,0.0075,0.0,0.0,0.0
19,34,21.59,79.49,1.54956,1.38306,0.37933,-0.43461,100,351.66556,1.67043,7.98801,0.5425,0.185,0.125,0.0,0.0,0.1475
19,35,21.59,79.51,1.14605,1.32897,0.18635,-0.16663,100,344.31035,1.59868,6.49253,0.2625,0.195,0.0525,0.0,0.0,0.49
19,36,21.59,79.53,1.54424,1.35906,0.35565,-0.43522,100,348.3853,1.66756,6.78908,0.3375,0.305,0.1425,0.0,0.0,0.215
19,37,21.59,79.55,1.68007,1.37,0.36901,-0.46119,100,353.33244,1.71168,8.44684,0.6375,0.1775,0.05,0.0,0.0,0.135
19,38,21.59,79.57,1.71237,1.37485,0.36786,-0.46553,100,347.28798,1.48382,7.68535,0.48,0.1125,0.3925,0.0025,0.0,0.0125
19,39,21.59,79.59,1.62042,1.39751,0.40169,-0.46834,100,343.34281,1.37341,5.93967,0.7125,0.0925,0.1925,0.0025,0.0,0.0
19,40,21.59,79.61,1.66336,1.40675,0.3965,-0.47304,100,337.5641,1.70206,5.85193,0.8275,0.075,0.095,0.0025,0.0,0.0
19,41,21.59,79.63,1.57515,1.43444,0.44775,-0.48917,100,327.54799,1.24984,5.07019,0.5825,0.0675,0.3425,0.0075,0.0,0.0
19,42,21.59,79.65,1.56573,1.36636,0.40663,-0.44746,100,318.14949,1.07786,4.24999,0.39,0.1175,0.44,0.0425,0.0,0.01
19,43,21.59,79.67,1.56638,1.34244,0.41155,-0.44901,100,308.37745,1.07676,4.66217,0.1675,0.14,0.63,0.005,0.045,0.0125
19,44,21.59,79.69,1.60592,1.3109,0.41419,-0.45029,100,301.01804,0.99812,4.80364,0.1475,0.0525,0.67,0.0175,0.0975,0.015
19,45,21.59,79.71,1.5614,1.30975,0.41686,-0.4392,100,298.22102,0.93567,4.42587,0.1875,0.045,0.6925,0.0,0.0625,0.0125
19,46,21.59,79.73,1.53817,1.28073,0.3916,-0.43067,100,300.75077,1.05096,7.91384,0.17,0.035,0.6475,0.065,0.06,0.0225
19,47,21.59,79.75,1.55957,1.29784,0.39263,-0.4315,100,296.7807,1.22291,9.36645,0.1875,0.0975,0.625,0.0075,0.035,0.0475
19,48,21.59,79.77,1.56591,1.29263,0.414,-0.44209,100,288.32785,0.9947,5.34458,0.18,0.035,0.6975,0.025,0.04,0.0225
19,49,21.59,79.79,1.56611,1.29468,0.39306,-0.42713,100,286.84603,1.82399,8.71338,0.2275,0.035,0.62,0.015,0.03,0.0725
19,50,21.59,79.81,1.64393,1.35031,0.36523,-0.43834,100,302.87096,3.00539,20.29786,0.425,0.1275,0.435,0.0,0.0,0.0125
19,51,21.59,79.83,1.70964,1.39805,0.37411,-0.46372,100,325.76252,5.55526,35.32133,0.5325,0.1375,0.3125,0.005,0.0,0.0125
19,52,21.59,79.85,1.76709,1.38923,0.39523,-0.47742,100,319.18288,3.86096,36.44822,0.505,0.21,0.2575,0.005,0.0,0.0225
19,53,21.59,79.87,1.70121,1.44776,0.43584,-0.48762,100,305.94725,1.93489,7.09171,0.5925,0.05,0.35,0.0025,0.0,0.005
19,54,21.59,79.89,1.68066,1.39536,0.40206,-0.45639,100,291.00155,1.47369,7.54008,0.3175,0.1025,0.55,0.005,0.0,0.025
19,55,21.59,79.91,1.66034,1.37158,0.37798,-0.44759,100,280.03348,0.54146,2.78513,0.0875,0.0225,0.8675,0.0225,0.0,0.0
19,56,21.59,79.93,1.69597,1.36898,0.36235,-0.43945,100,275.95246,0.49752,2.65794,0.0875,0.0425,0.8525,0.015,0.0,0.0025
19,57,21.59,79.95,1.66043,1.3663,0.38521,-0.44672,100,274.96424,0.67452,3.69425,0.1475,0.09,0.7275,0.0325,0.0,0.0025
19,58,21.59,79.97,1.6342,1.39713,0.42099,-0.46573,100,273.87193,0.72869,2.69547,0.1675,0.05,0.7525,0.03,0.0,0.0
19,59,21.59,79.99,1.66793,1.37508,0.37282,-0.4421,100,278.90384,0.51162,2.72994,0.02,0.01,0.9575,0.0125,0.0,0.0
19,60,21.59,80.01,1.67483,1.39611,0.39455,-0.45427,100,286.68512,0.69256,3.73398,0.0875,0.03,0.87,0.0125,0.0,0.0
19,61,21.59,80.03,1.64093,1.41608,0.43306,-0.47456,100,281.98333,0.81871,4.74522,0.12,0.055,0.8175,0.005,0.0,0.0025
19,62,21.59,80.05,1.60334,1.39365,0.39957,-0.45253,100,277.26795,0.55195,2.761,0.0975,0.0675,0.73,0.03,0.015,0.06
19,63,21.59,80.07,1.59556,1.42416,0.41196,-0.46361,100,280.30847,0.24938,1.28058,0.1,0.0025,0.8975,0.0,0.0,0.0
19,64,21.59,80.09,1.62208,1.37593,0.36197,-0.43011,100,279.46214,0.63991,3.56362,0.13,0.0525,0.6975,0.045,0.0075,0.0675
19,65,21.59,80.11,1.55597,1.37377,0.38512,-0.46526,100,276.46855,1.13187,3.81694,0.3975,0.14,0.22,0.0125,0.085,0.145
19,66,21.59,80.13,1.43591,1.48904,0.5191,-0.5162,100,281.92013,0.66841,2.58168,0.355,0.03,0.605,0.01,0.0,0.0
19,67,21.59,80.15,1.79861,1.3063,0.27189,-0.39468,100,284.98242,0.43713,2.07447,0.0525,0.015,0.9125,0.015,0.0,0.005
19,68,21.59,80.17,1.79242,1.29681,0.29332,-0.41021,100,287.97266,0.95137,3.83322,0.1475,0.125,0.6975,0.03,0.0,0.0
19,69,21.59,80.19,1.74262,1.32971,0.29994,-0.41469,100,284.35679,0.79541,3.53908,0.2125,0.055,0.7225,0.01,0.0,0.0
19,70,21.59,80.21,1.80709,1.27808,0.25634,-0.39024,100,290.56894,0.60783,2.93912,0.0425,0.0775,0.8225,0.055,0.0,0.0025
19,71,21.59,80.23,1.80388,1.30696,0.28473,-0.40475,100,297.26795,1.07933,4.21168,0.1325,0.3625,0.5025,0.0025,0.0,0.0
19,72,21.59,80.25,1.80529,1.27415,0.25494,-0.38766,100,292.771,0.70207,3.54671,0.05,0.1275,0.7975,0.02,0.0,0.005
19,73,21.59,80.27,1.64123,1.35237,0.35252,-0.4309,100,287.80641,0.76679,3.35575,0.0775,0.02,0.865,0.035,0.0025,0.0
19,74,21.59,80.29,1.61375,1.36783,0.42959,-0.4806,100,283.59625,1.19765,3.78026,0.165,0.13,0.6175,0.0375,0.0075,0.0425
19,75,21.59,80.31,1.54174,1.40109,0.50252,-0.51085,100,285.46562,0.90294,3.18333,0.1125,0.0275,0.785,0.04,0.0275,0.0075
19,76,21.59,80.33,1.64885,1.35969,0.39671,-0.46155,100,287.35489,0.93532,3.19016,0.1875,0.04,0.715,0.03,0.025,0.0025
19,77,21.59,80.35,1.65777,1.38939,0.402,-0.47079,100,290.10899,0.81617,3.01685,0.225,0.055,0.705,0.0,0.015,0.0
19,78,21.59,80.37,1.72478,1.36039,0.35956,-0.44311,100,292.13742,0.91139,3.36149,0.1975,0.07,0.6725,0.0475,0.0075,0.005
19,79,21.59,80.39,1.7597,1.34898,0.32081,-0.43522,100,297.00104,1.30034,4.98184,0.17,0.1525,0.6375,0.0175,0.0175,0.005
19,80,21.59,80.41,1.71511,1.38902,0.37458,-0.46944,100,297.74736,1.3547,5.5506,0.2875,0.145,0.5225,0.0075,0.0375,0.0
19,81,21.59,80.43,1.75118,1.36401,0.36539,-0.46879,100,298.12143,1.12338,3.53438,0.315,0.125,0.5075,0.0175,0.03,0.005
19,82,21.59,80.45,1.73675,1.3833,0.3707,-0.46151,100,303.12692,0.95531,4.22513,0.2125,0.1775,0.5725,0.0275,0.0075,0.0025
19,83,21.59,80.47,1.75298,1.42075,0.42285,-0.48535,100,310.94857,0.93786,4.8314,0.4175,0.065,0.515,0.0,0.0,0.0025
19,84,21.59,80.49,1.85653,1.44881,0.4031,-0.48847,100,316.90523,1.51384,7.7622,0.795,0.0675,0.1375,0.0,0.0,0.0
19,85,21.59,80.51,1.91733,1.4466,0.39495,-0.49251,100,321.00234,1.51219,5.7787,0.9175,0.035,0.045,0.0025,0.0,0.0
19,86,21.59,80.53,1.95893,1.467,0.40673,-0.50877,100,334.36661,2.79106,16.67683,0.835,0.1225,0.0425,0.0,0.0,0.0
19,87,21.59,80.55,1.75496,1.54708,0.48177,-0.53118,100,381.93094,8.23773,63.88017,0.8225,0.08,0.0975,0.0,0.0,0.0
19,88,21.59,80.57,1.68456,1.69971,0.57171,-0.59445,100,628.61546,10.47448,82.27437,0.9725,0.0275,0.0,0.0,0.0,0.0
19,89,21.59,80.59,1.96586,1.75873,0.61664,-0.63988,100,708.82591,6.10371,26.19939,0.9575,0.04,0.0025,0.0,0.0,0.0
20,0,21.61,78.81,1.48833,1.44199,0.4356,-0.46151,100,343.43713,1.49639,3.95793,0.255,0.025,0.72,0.0,0.0,0.0
20,1,21.61,78.83,1.56526,1.39848,0.38127,-0.43366,100,343.04488,2.05121,7.51317,0.1625,0.2025,0.6275,0.0075,0.0,0.0
20,2,21.61,78.85,1.51424,1.42362,0.43668,-0.46731,100,336.93829,1.11738,4.09706,0.0525,0.02,0.8825,0.0075,0.015,0.0225
20,3,21.61,78.87,1.49842,1.44321,0.47483,-0.49007,100,331.94125,1.23125,4.19154,0.0825,0.0875,0.7525,0.0075,0.0325,0.0375
20,4,21.61,78.89,1.46504,1.51119,0.49745,-0.50228,100,336.57785,0.9004,5.32122,0.055,0.02,0.9025,0.0175,0.005,0.0
20,5,21.61,78.91,1.56618,1.42189,0.41667,-0.45797,100,350.33556,1.474,9.17112,0.0475,0.1675,0.78,0.005,0.0,0.0
20,6,21.61,78.93,1.56764,1.46784,0.44402,-0.47305,100,362.66964,1.99932,12.91459,0.1875,0.1075,0.69,0.015,0.0,0.0
20,7,21.61,78.95,1.65663,1.436,0.40985,-0.45435,100,375.0074,2.197,11.66114,0.2325,0.215,0.5525,0.0,0.0,0.0
20,8,21.61,78.97,1.57321,1.61595,0.47245,-0.48518,100,449.89137,8.89286,47.4601,0.8625,0.1075,0.03,0.0,0.0,0.0
20,9,21.61,78.99,1.58361,1.57139,0.42731,-0.46325,100,486.84255,10.25324,39.55215,0.7325,0.1625,0.105,0.0,0.0,0.0
20,10,21.61,79.01,1.73993,1.41966,0.31664,-0.41063,100,513.24994,5.34158,28.28284,0.455,0.1125,0.43,0.0,0.0025,0.0
20,11,21.61,79.03,1.73806,1.47015,0.34853,-0.41949,100,517.06483,5.48587,42.99664,0.52,0.225,0.255,0.0,0.0,0.0
20,12,21.61,79.05,1.53641,1.65233,0.48772,-0.4779,100,507.9657,7.57334,42.69079,0.6775,0.0525,0.27,0.0,0.0,0.0
20,13,21.61,79.07,1.68619,1.49218,0.37718,-0.43488,100,533.58116,6.77428,33.21179,0.5925,0.12,0.2875,0.0,0.0,0.0
20,14,21.61,79.09,1.76455,1.34938,0.2457,-0.37833,100,561.30628,1.74262,8.07065,0.0775,0.0525,0.8575,0.0125,0.0,0.0
20,15,21.61,79.11,1.66874,1.55165,0.40387,-0.48438,100,510.51565,5.46513,27.6541,0.915,0.0475,0.0375,0.0,0.0,0.0
20,16,21.61,79.13,1.63414,1.5533,0.41851,-0.48442,100,468.47892,3.52158,15.60139,0.995,0.005,0.0,0.0,0.0,0.0
20,17,21.61,79.15,1.73506,1.52743,0.36124,-0.46896,100,452.93277,2.83945,10.91485,1.0,0.0,0.0,0.0,0.0,0.0
20,18,21.61,79.17,1.73148,1.48642,0.36839,-0.47926,100,445.52069,4.23767,19.70972,1.0,0.0,0.0,0.0,0.0,0.0
20,19,21.61,79.19,1.74332,1.52886,0.40383,-0.49088,100,466.96742,7.64278,31.77248,0.9975,0.0025,0.0,0.0,0.0,0.0
20,20,21.61,79.21,1.73414,1.5507,0.44174,-0.51236,100,452.11355,9.58858,37.29518,0.9625,0.005,0.0,0.0,0.0325,0.0
20,21,21.61,79.23,1.68417,1.5628,0.45812,-0.51432,100,466.25295,9.25979,50.0673,0.9525,0.005,0.0,0.015,0.0275,0.0
20,22,21.61,79.25,1.72914,1.61109,0.48408,-0.54021,100,517.45439,4.75522,19.40781,1.0,0.0,0.0,0.0,0.0,0.0
20,23,21.61,79.27,1.70116,1.56453,0.46314,-0.52424,100,485.34143,4.33329,16.41513,1.0,0.0,0.0,0.0,0.0,0.0
20,24,21.61,79.29,1.66875,1.51732,0.4206,-0.50674,100,473.34424,5.94751,35.07372,0.9775,0.02,0.0025,0.0,0.0,0.0
20,25,21.61,79.31,1.67999,1.52548,0.41628,-0.5063,100,448.78979,4.60054,23.57807,0.96,0.0175,0.0225,0.0,0.0,0.0
20,26,21.61,79.33,1.67405,1.46515,0.38537,-0.47906,100,435.33525,6.0805,21.08661,0.7975,0.14,0.0475,0.0,0.0,0.015
20,27,21.61,79.35,1.69275,1.37568,0.34571,-0.43921,100,410.65907,3.68601,12.77191,0.3025,0.285,0.405,0.0075,0.0,0.0
20,28,21.61,79.37,1.6747,1.38462,0.33882,-0.44156,100,397.81256,1.72671,6.27662,0.45,0.175,0.3675,0.0075,0.0,0.0
20,29,21.61,79.39,1.65304,1.38298,0.36564,-0.44339,100,384.12498,1.10413,5.26888,0.27,0.14,0.55,0.0375,0.0,0.0025
20,30,21.61,79.41,1.61219,1.47704,0.41362,-0.48675,100,379.76758,1.34051,4.82437,0.8275,0.07,0.1,0.0,0.0,0.0025
20,31,21.61,79.43,1.66858,1.39483,0.38624,-0.4673,100,370.3552,1.33171,6.21707,0.5425,0.1725,0.2675,0.0,0.0,0.0175
20,32,21.61,79.45,1.65745,1.46835,0.41105,-0.47988,100,365.90616,1.01867,4.32335,0.8225,0.07,0.1075,0.0,0.0,0.0
20,33,21.61,79.47,1.64279,1.47401,0.40744,-0.49062,100,359.88739,1.23029,5.72993,0.875,0.07,0.055,0.0,0.0,0.0
20,34,21.61,79.49,1.64914,1.44136,0.39904,-0.47788,100,358.63017,1.28798,4.45362,0.67,0.115,0.215,0.0,0.0,0.0
20,35,21.61,79.51,1.58492,1.43784,0.40923,-0.46166,100,351.29173,1.82988,6.4369,0.6225,0.16,0.055,0.0,0.0,0.1625
20,36,21.61,79.53,1.68657,1.43675,0.39498,-0.48095,100,360.29318,1.47162,6.05183,0.6775,0.12,0.2,0.0,0.0,0.0025
20,37,21.61,79.55,1.71122,1.50997,0.4119,-0.49925,100,365.6972,1.49053,6.63415,0.9175,0.0275,0.055,0.0,0.0,0.0
20,38,21.61,79.57,1.72418,1.47352,0.4213,-0.50092,100,363.58038,1.70089,5.61221,0.9625,0.0325,0.005,0.0,0.0,0.0
20,39,21.61,79.59,1.69708,1.41646,0.39585,-0.47791,100,353.12016,1.72006,7.95414,0.6925,0.16,0.1425,0.0025,0.0,0.0025
20,40,21.61,79.61,1.58944,1.44191,0.4054,-0.48141,100,338.11711,1.34141,4.10596,0.5375,0.035,0.39,0.0,0.0,0.0375
20,41,21.61,79.63,1.65183,1.46735,0.4094,-0.48818,100,334.26803,1.36202,6.56995,0.7825,0.0775,0.135,0.0,0.0,0.005
20,42,21.61,79.65,1.58004,1.41986,0.40458,-0.46844,100,326.48315,1.28217,5.64997,0.3725,0.19,0.4125,0.0175,0.0,0.0075
20,43,21.61,79.67,1.6132,1.39218,0.37548,-0.45631,100,323.21845,1.50725,6.15552,0.3275,0.3275,0.325,0.005,0.0,0.015
20,44,21.61,79.69,1.60325,1.42083,0.40781,-0.46261,100,316.23356,1.2291,5.99608,0.315,0.1975,0.48,0.0,0.0,0.0075
20,45,21.61,79.71,1.63747,1.31357,0.33044,-0.41236,100,305.24607,1.1465,5.61151,0.135,0.1,0.6975,0.05,0.0075,0.01
20,46,21.61,79.73,1.64053,1.29168,0.32427,-0.40713,100,295.37025,1.0509,5.44957,0.085,0.07,0.7425,0.005,0.0875,0.01
20,47,21.61,79.75,1.61812,1.29793,0.32581,-0.40913,100,293.72789,0.93437,4.95718,0.0925,0.0525,0.735,0.0675,0.03,0.0225
20,48,21.61,79.77,1.68256,1.269,0.30061,-0.39314,100,297.10863,1.28702,7.01459,0.035,0.0725,0.8275,0.065,0.0,0.0
20,49,21.61,79.79,1.66418,1.32911,0.32564,-0.41787,100,313.54107,1.85537,11.67469,0.24,0.3975,0.35,0.0,0.0025,0.01
20,50,21.61,79.81,1.69425,1.45836,0.4015,-0.4958,100,333.23836,1.79553,8.16867,0.945,0.04,0.015,0.0,0.0,0.0
20,51,21.61,79.83,1.7754,1.3811,0.34249,-0.44874,100,355.17426,2.48903,14.71302,0.38,0.0925,0.5075,0.0025,0.0025,0.015
20,52,21.61,79.85,1.77922,1.48086,0.45469,-0.51459,100,362.16144,3.23642,18.16516,0.77,0.0375,0.1875,0.0025,0.0,0.0025
20,53,21.61,79.87,1.7277,1.49761,0.45552,-0.51848,100,329.7597,3.59267,22.89973,0.9325,0.0375,0.03,0.0,0.0,0.0
20,54,21.61,79.89,1.79647,1.39715,0.37441,-0.47105,100,300.82506,1.37623,6.96109,0.5675,0.16,0.27,0.0025,0.0,0.0
20,55,21.61,79.91,1.70867,1.36344,0.34655,-0.43606,100,287.84567,0.61207,4.37308,0.1075,0.0175,0.8675,0.0,0.0,0.0075
20,56,21.61,79.93,1.70295,1.35864,0.34938,-0.43327,100,285.53719,0.86967,4.47105,0.0675,0.045,0.86,0.0275,0.0,0.0
20,57,21.61,79.95,1.65734,1.40669,0.38811,-0.46237,100,281.43994,0.79176,3.11392,0.2125,0.0325,0.7375,0.015,0.0,0.0025
20,58,21.61,79.97,1.62701,1.41591,0.40223,-0.46609,100,277.92317,0.72281,2.98344,0.175,0.035,0.7675,0.0225,0.0,0.0
20,59,21.61,79.99,1.66764,1.41367,0.3908,-0.45661,100,284.51509,0.53505,3.04102,0.055,0.0125,0.9175,0.015,0.0,0.0
20,60,21.61,80.01,1.65373,1.41529,0.40171,-0.45911,100,287.64134,0.62041,2.78685,0.0825,0.01,0.885,0.0225,0.0,0.0
20,61,21.61,80.03,1.63072,1.45476,0.44743,-0.48681,100,280.77824,0.81815,3.42238,0.2475,0.015,0.7075,0.0225,0.0025,0.005
20,62,21.61,80.05,1.51894,1.47237,0.47235,-0.49234,100,277.62637,0.57129,2.05154,0.16,0.0475,0.7025,0.02,0.0325,0.0375
20,63,21.61,80.07,1.59791,1.42872,0.41551,-0.46915,100,282.65872,0.48234,2.73177,0.075,0.025,0.8225,0.075,0.0,0.0025
20,64,21.61,80.09,1.67505,1.42673,0.36103,-0.44171,100,282.93892,0.18929,1.26001,0.0125,0.0,0.985,0.0025,0.0,0.0
20,65,21.61,80.11,1.60134,1.42406,0.37423,-0.43638,100,280.73573,0.71518,3.69005,0.28,0.0225,0.6025,0.0,0.0175,0.0775
20,66,21.61,80.13,1.64092,1.38506,0.37717,-0.44594,100,276.79977,0.95834,3.68666,0.315,0.1475,0.37,0.0,0.0525,0.115
20,67,21.61,80.15,1.53706,1.3566,0.37681,-0.4147,100,278.49473,1.09753,4.86307,0.3675,0.115,0.2875,0.03,0.0625,0.1375
20,68,21.61,80.17,1.43237,1.4554,0.45352,-0.46477,100,278.48814,0.96809,3.71427,0.5175,0.0625,0.3275,0.0075,0.03,0.055
20,69,21.61,80.19,1.44083,1.45673,0.44103,-0.46197,100,282.18936,0.91692,3.00317,0.5075,0.02,0.425,0.0475,0.0,0.0
20,70,21.61,80.21,1.41393,1.43729,0.40557,-0.43104,100,284.24027,0.93705,3.09298,0.425,0.0575,0.4775,0.0325,0.0,0.0075
20,71,21.61,80.23,1.74361,1.31897,0.30155,-0.41205,100,286.28131,0.99202,4.01062,0.1175,0.175,0.68,0.0275,0.0,0.0
20,72,21.61,80.25,1.73784,1.30871,0.27006,-0.39942,100,289.48978,0.81511,3.63448,0.065,0.065,0.8125,0.05,0.0025,0.005
20,73,21.61,80.27,1.57057,1.37575,0.39671,-0.457,100,283.2026,1.18315,3.59019,0.2975,0.035,0.6375,0.0,0.005,0.025
20,74,21.61,80.29,1.37863,1.50054,0.54704,-0.52899,100,286.48315,0.56592,1.94848,0.095,0.0175,0.8575,0.03,0.0,0.0
20,75,21.61,80.31,1.69334,1.35758,0.30834,-0.39965,100,289.12207,0.43263,2.13465,0.05,0.025,0.89,0.03,0.005,0.0
20,76,21.61,80.33,1.77738,1.3274,0.27506,-0.39391,100,291.55005,0.40895,2.1852,0.03,0.0075,0.96,0.0025,0.0,0.0
20,77,21.61,80.35,1.74588,1.32433,0.28951,-0.40069,100,294.56006,0.70346,3.59473,0.06,0.06,0.8175,0.0525,0.005,0.005
20,78,21.61,80.37,1.78785,1.33155,0.30369,-0.42025,100,297.24084,0.72107,3.89062,0.1275,0.0525,0.7975,0.0125,0.01,0.0
20,79,21.61,80.39,1.82482,1.38468,0.3274,-0.45014,100,303.96624,1.52774,7.40663,0.4275,0.165,0.3975,0.0,0.0,0.01
20,80,21.61,80.41,1.77902,1.37483,0.3533,-0.45247,100,308.74014,1.64237,8.76935,0.3925,0.12,0.48,0.0025,0.0,0.005
20,81,21.61,80.43,1.63577,1.46441,0.45625,-0.50435,100,302.82394,0.73048,3.13715,0.485,0.0275,0.4775,0.01,0.0,0.0
20,82,21.61,80.45,1.69967,1.42583,0.41003,-0.48331,100,310.27194,1.42017,6.79793,0.3625,0.08,0.555,0.0025,0.0,0.0
20,83,21.61,80.47,1.697,1.55951,0.47496,-0.51688,100,391.59634,10.70646,81.50285,0.8975,0.0825,0.02,0.0,0.0,0.0
20,84,21.61,80.49,1.68934,1.61942,0.51732,-0.54634,100,401.22778,9.05705,65.11655,0.9925,0.0075,0.0,0.0,0.0,0.0
20,85,21.61,80.51,1.79057,1.54588,0.45007,-0.51892,100,383.22975,9.53635,67.2361,0.925,0.0675,0.0075,0.0,0.0,0.0
20,86,21.61,80.53,1.90959,1.46006,0.43383,-0.51122,100,387.92579,9.29282,88.65686,0.715,0.205,0.08,0.0,0.0,0.0
20,87,21.61,80.55,1.64983,1.63571,0.54096,-0.57897,100,586.64139,13.62396,97.95335,0.9925,0.0075,0.0,0.0,0.0,0.0
20,88,21.61,80.57,1.80702,1.67074,0.56602,-0.59904,100,666.29931,6.98774,29.56325,0.8475,0.15,0.0025,0.0,0.0,0.0
20,89,21.61,80.59,1.8937,1.52952,0.47569,-0.55254,100,665.87971,6.57063,24.32528,0.705,0.19,0.105,0.0,0.0,0.0
21,0,21.63,78.81,1.4799,1.45861,0.46277,-0.48182,100,346.93091,0.85377,3.21978,0.085,0.0025,0.9125,0.0,0.0,0.0
21,1,21.63,78.83,1.45885,1.47541,0.48483,-0.49567,100,339.56367,1.02508,4.28043,0.0975,0.0,0.8475,0.055,0.0,0.0
21,2,21.63,78.85,1.56653,1.38483,0.40571,-0.4494,100,336.55473,1.44745,4.82839,0.06,0.085,0.73,0.005,0.0575,0.0625
21,3,21.63,78.87,1.45116,1.51481,0.51481,-0.51624,100,342.01761,0.85711,5.3111,0.03,0.0125,0.94,0.0175,0.0,0.0
21,4,21.63,78.89,1.61699,1.43466,0.40808,-0.44623,100,360.30686,3.00818,17.83648,0.1775,0.3,0.515,0.005,0.0025,0.0
21,5,21.63,78.91,1.57786,1.49725,0.44605,-0.47781,100,368.16261,3.00506,18.23981,0.3125,0.185,0.495,0.0075,0.0,0.0
21,6,21.63,78.93,1.60834,1.54955,0.43927,-0.46508,100,406.51629,6.28624,31.39138,0.695,0.1275,0.1775,0.0,0.0,0.0
21,7,21.63,78.95,1.5879,1.62061,0.46522,-0.47415,100,443.3402,8.00712,48.97132,0.8675,0.0475,0.085,0.0,0.0,0.0
21,8,21.63,78.97,1.60712,1.57348,0.43917,-0.46313,100,481.25675,7.86167,47.0653,0.78,0.16,0.06,0.0,0.0,0.0
21,9,21.63,78.99,1.68793,1.36225,0.28876,-0.39325,100,507.09905,5.22536,26.28813,0.32,0.3325,0.3475,0.0,0.0,0.0
21,10,21.63,79.01,1.68091,1.38056,0.29609,-0.3997,100,516.89436,4.20426,20.61092,0.33,0.26,0.41,0.0,0.0,0.0
21,11,21.63,79.03,1.71829,1.38435,0.31242,-0.39955,100,550.47004,2.04743,9.25061,0.0875,0.0875,0.825,0.0,0.0,0.0
21,12,21.63,79.05,1.71694,1.40368,0.3164,-0.4021,100,558.48459,1.69096,8.72183,0.1225,0.1525,0.7225,0.0025,0.0,0.0
21,13,21.63,79.07,1.71403,1.38461,0.28402,-0.40216,100,566.41906,1.37038,7.46345,0.055,0.06,0.8675,0.015,0.0,0.0025
21,14,21.63,79.09,1.69625,1.39118,0.25774,-0.38468,100,568.14215,1.33788,6.82244,0.035,0.0225,0.9375,0.0025,0.0,0.0025
21,15,21.63,79.11,1.73836,1.43731,0.29868,-0.43197,100,542.50068,4.0185,25.02325,0.46,0.07,0.4625,0.0075,0.0,0.0
21,16,21.63,79.13,1.70329,1.52237,0.38425,-0.4708,100,526.43223,4.25569,28.84133,0.705,0.08,0.215,0.0,0.0,0.0
21,17,21.63,79.15,1.70727,1.51961,0.3914,-0.4758,100,533.05841,4.21573,27.16027,0.7975,0.0475,0.155,0.0,0.0,0.0
21,18,21.63,79.17,1.698,1.50404,0.40186,-0.49661,100,509.9769,5.2818,28.8012,0.9275,0.0325,0.04,0.0,0.0,0.0
21,19,21.63,79.19,1.712,1.53714,0.44456,-0.52134,100,469.66618,5.471,25.46981,0.99,0.01,0.0,0.0,0.0,0.0
21,20,21.63,79.21,1.72541,1.58184,0.47691,-0.54052,100,441.43018,6.94031,35.70278,0.94,0.02,0.0,0.0,0.0325,0.0075
21,21,21.63,79.23,1.73554,1.59346,0.4714,-0.53207,100,480.54699,8.00771,46.36781,0.975,0.0075,0.0,0.0,0.0175,0.0
21,22,21.63,79.25,1.69804,1.56452,0.44966,-0.51691,100,501.6183,3.48875,14.60818,0.9775,0.0225,0.0,0.0,0.0,0.0
21,23,21.63,79.27,1.71641,1.55748,0.45709,-0.52139,100,498.3382,3.55881,21.85344,1.0,0.0,0.0,0.0,0.0,0.0
21,24,21.63,79.29,1.70705,1.55491,0.45428,-0.52451,100,489.66654,6.34029,31.74814,1.0,0.0,0.0,0.0,0.0,0.0
21,25,21.63,79.31,1.67351,1.55527,0.47175,-0.52678,100,470.88704,6.60911,34.95825,0.9975,0.0,0.0,0.0,0.0,0.0025
21,26,21.63,79.33,1.65794,1.48629,0.40121,-0.4992,100,434.98074,3.4397,22.26514,0.8475,0.0975,0.055,0.0,0.0,0.0
21,27,21.63,79.35,1.66943,1.4262,0.38297,-0.47981,100,415.30252,1.65105,10.35397,0.605,0.1725,0.21,0.01,0.0,0.0025
21,28,21.63,79.37,1.68227,1.50941,0.40496,-0.50083,100,408.29742,1.55852,11.12848,0.9075,0.035,0.0575,0.0,0.0,0.0
21,29,21.63,79.39,1.65042,1.46644,0.38587,-0.48176,100,398.46416,1.51984,4.55734,0.705,0.1,0.17,0.0225,0.0,0.0025
21,30,21.63,79.41,1.63741,1.50373,0.41027,-0.50134,100,390.73847,1.32733,4.95486,0.9825,0.0175,0.0,0.0,0.0,0.0
21,31,21.63,79.43,1.6475,1.48932,0.41025,-0.50194,100,382.24774,1.53465,6.51998,0.8875,0.0775,0.035,0.0,0.0,0.0
21,32,21.63,79.45,1.67204,1.47453,0.40421,-0.49638,100,371.56309,1.52843,6.82711,0.8325,0.075,0.0925,0.0,0.0,0.0
21,33,21.63,79.47,1.68978,1.50145,0.4131,-0.50635,100,374.18441,1.82582,8.34479,0.955,0.045,0.0,0.0,0.0,0.0
21,34,21.63,79.49,1.64541,1.5185,0.42469,-0.5073,100,369.49318,1.70396,7.9235,0.8525,0.055,0.0925,0.0,0.0,0.0
21,35,21.63,79.51,1.65184,1.45356,0.40131,-0.48094,100,356.93352,2.36736,8.74167,0.72,0.115,0.14,0.0,0.0,0.025
21,36,21.63,79.53,1.67502,1.53113,0.43241,-0.50835,100,367.8663,1.46852,6.63827,0.9325,0.0225,0.0425,0.0,0.0025,0.0
21,37,21.63,79.55,1.72753,1.46023,0.36637,-0.48065,100,368.09594,1.2876,5.96276,0.78,0.175,0.0375,0.0025,0.005,0.0
21,38,21.63,79.57,1.73461,1.45045,0.35957,-0.48115,100,362.49947,1.51211,7.49882,0.805,0.17,0.025,0.0,0.0,0.0
21,39,21.63,79.59,1.66763,1.49682,0.41348,-0.50298,100,350.69571,1.46206,6.40847,0.8325,0.0575,0.1075,0.0,0.0,0.0025
21,40,21.63,79.61,1.6443,1.46301,0.39341,-0.49445,100,340.40576,1.31466,5.03818,0.7625,0.0525,0.1725,0.0075,0.0,0.005
21,41,21.63,79.63,1.66924,1.49257,0.40625,-0.49729,100,332.53593,1.27246,4.90801,0.9475,0.0275,0.025,0.0,0.0,0.0
21,42,21.63,79.65,1.54902,1.4378,0.41553,-0.48088,100,320.96907,1.31254,4.79218,0.3225,0.0825,0.57,0.0225,0.0,0.0025
21,43,21.63,79.67,1.66227,1.4008,0.36062,-0.45503,100,317.33567,1.40388,5.2221,0.4375,0.21,0.34,0.0025,0.0,0.01
21,44,21.63,79.69,1.7115,1.41053,0.3585,-0.46617,100,313.39794,1.32911,4.76877,0.7525,0.2225,0.025,0.0,0.0,0.0
21,45,21.63,79.71,1.69177,1.33901,0.33265,-0.43458,100,307.77655,1.46054,7.57939,0.4575,0.2725,0.2675,0.0,0.0025,0.0
21,46,21.63,79.73,1.68252,1.34083,0.33064,-0.42276,100,311.74154,1.37124,6.78339,0.0675,0.2275,0.6925,0.01,0.0,0.0025
21,47,21.63,79.75,1.60833,1.36848,0.34696,-0.42964,100,308.40663,1.23195,7.37002,0.0625,0.19,0.7325,0.0025,0.0,0.0125
21,48,21.63,79.77,1.70555,1.33109,0.31776,-0.42237,100,306.17645,1.48698,6.2846,0.24,0.3475,0.4125,0.0,0.0,0.0
21,49,21.63,79.79,1.66774,1.41784,0.37146,-0.46298,100,322.07557,1.67329,7.25816,0.5175,0.2675,0.2025,0.0,0.0,0.0125
21,50,21.63,79.81,1.75844,1.3676,0.32603,-0.43641,100,337.50257,1.11772,5.22142,0.255,0.25,0.48,0.0125,0.0,0.0025
21,51,21.63,79.83,1.75069,1.37222,0.32249,-0.42595,100,344.84058,0.76042,4.32025,0.0325,0.0525,0.8775,0.035,0.0,0.0025
21,52,21.63,79.85,1.76843,1.35723,0.3154,-0.4247,100,349.74787,1.47022,6.42078,0.215,0.2,0.5825,0.0025,0.0,0.0
21,53,21.63,79.87,1.75359,1.55092,0.44057,-0.51487,100,352.80333,2.97667,13.02782,0.8725,0.085,0.0425,0.0,0.0,0.0
21,54,21.63,79.89,1.8266,1.54477,0.40226,-0.50407,100,355.31579,5.33434,33.83564,0.84,0.1375,0.0225,0.0,0.0,0.0
21,55,21.63,79.91,1.82284,1.37143,0.32684,-0.43905,100,315.48816,3.27733,23.38511,0.3925,0.1775,0.41,0.0075,0.0,0.0125
21,56,21.63,79.93,1.7588,1.35416,0.31049,-0.42195,100,293.71326,0.87662,3.79993,0.0725,0.1575,0.7625,0.0025,0.0,0.005
21,57,21.63,79.95,1.6935,1.40899,0.36546,-0.44979,100,288.3339,0.76483,3.93843,0.185,0.0325,0.75,0.0275,0.0,0.005
21,58,21.63,79.97,1.66807,1.42543,0.38326,-0.4599,100,286.55933,0.88003,4.72078,0.19,0.055,0.7525,0.0,0.0,0.0025
21,59,21.63,79.99,1.70536,1.38975,0.34689,-0.44246,100,291.26776,0.81334,4.01056,0.0975,0.0675,0.81,0.025,0.0,0.0
21,60,21.63,80.01,1.71051,1.41017,0.37947,-0.45877,100,288.77625,0.71501,3.63931,0.18,0.02,0.79,0.01,0.0,0.0
21,61,21.63,80.03,1.68183,1.40252,0.36426,-0.4493,100,279.91009,0.70491,2.78068,0.175,0.08,0.665,0.02,0.0225,0.0375
21,62,21.63,80.05,1.6256,1.43173,0.37964,-0.44639,100,279.43045,0.36539,1.60526,0.13,0.0175,0.8125,0.0175,0.0075,0.015
21,63,21.63,80.07,1.67355,1.4076,0.36102,-0.44222,100,285.72348,0.71398,4.68732,0.135,0.115,0.73,0.005,0.0125,0.0025
21,64,21.63,80.09,1.72638,1.41708,0.35586,-0.43435,100,287.72293,0.29422,1.96939,0.0225,0.0,0.9525,0.0125,0.0,0.0125
21,65,21.63,80.11,1.7244,1.37326,0.33255,-0.42309,100,284.87209,0.77404,4.93378,0.065,0.1425,0.7225,0.0675,0.0,0.0025
21,66,21.63,80.13,1.66856,1.4092,0.35155,-0.42997,100,281.54019,0.88555,4.4265,0.185,0.2975,0.51,0.005,0.0025,0.0
21,67,21.63,80.15,1.59089,1.40592,0.3395,-0.41169,100,283.68695,0.75091,3.2201,0.315,0.115,0.55,0.02,0.0,0.0
21,68,21.63,80.17,1.4842,1.42054,0.37122,-0.41883,100,281.91043,0.94695,5.34677,0.305,0.035,0.5,0.02,0.0725,0.0675
21,69,21.63,80.19,1.44736,1.39322,0.3824,-0.42661,100,280.24365,1.22626,5.20972,0.38,0.1075,0.35,0.0125,0.0325,0.1175
21,70,21.63,80.21,1.46978,1.39822,0.40861,-0.44332,100,280.61681,1.3692,5.01987,0.525,0.1325,0.25,0.03,0.01,0.0525
21,71,21.63,80.23,1.48689,1.41168,0.38393,-0.4265,100,283.31496,1.12931,4.4679,0.5025,0.1225,0.305,0.02,0.01,0.04
21,72,21.63,80.25,1.51092,1.38392,0.33034,-0.39488,100,284.77473,1.03591,4.77028,0.3,0.1275,0.435,0.06,0.005,0.0725
21,73,21.63,80.27,1.45881,1.45058,0.42582,-0.44679,100,285.37516,1.05629,3.77417,0.35,0.085,0.52,0.015,0.0075,0.0225
21,74,21.63,80.29,1.42497,1.47381,0.46029,-0.47974,100,286.95419,0.60744,2.29388,0.2225,0.0175,0.73,0.025,0.0,0.005
21,75,21.63,80.31,1.71312,1.37512,0.29787,-0.40253,100,288.36461,0.42101,1.98016,0.03,0.0375,0.91,0.02,0.0,0.0025
21,76,21.63,80.33,1.64533,1.37741,0.31172,-0.40285,100,290.98523,0.47239,3.01524,0.02,0.07,0.8075,0.1,0.0,0.0025
21,77,21.63,80.35,1.70793,1.36189,0.31086,-0.40341,100,295.56212,0.49247,3.08071,0.05,0.0925,0.805,0.0375,0.0125,0.0025
21,78,21.63,80.37,1.70134,1.38559,0.33645,-0.42984,100,299.61201,0.5022,2.29499,0.07,0.025,0.86,0.04,0.0,0.005
21,79,21.63,80.39,1.68895,1.37607,0.31399,-0.42119,100,304.70291,0.61664,2.93903,0.0575,0.065,0.78,0.015,0.0,0.0825
21,80,21.63,80.41,1.7867,1.40104,0.34253,-0.43602,100,316.0938,1.95686,9.4529,0.48,0.1675,0.3475,0.0025,0.0,0.0025
21,81,21.63,80.43,1.73103,1.50407,0.40768,-0.47799,100,310.98249,1.64332,12.26021,0.6825,0.0825,0.23,0.005,0.0,0.0
21,82,21.63,80.45,1.65426,1.43276,0.42041,-0.48471,100,313.62712,0.81871,3.77092,0.32,0.045,0.63,0.005,0.0,0.0
21,83,21.63,80.47,1.50559,1.78506,0.5642,-0.56438,100,392.28025,9.66289,63.75996,0.93,0.0275,0.0425,0.0,0.0,0.0
21,84,21.63,80.49,1.44582,1.87321,0.60578,-0.59272,100,466.1447,10.78375,54.2266,1.0,0.0,0.0,0.0,0.0,0.0
21,85,21.63,80.51,1.5321,1.84703,0.61722,-0.61348,100,634.74402,10.20383,71.29697,0.9875,0.0125,0.0,0.0,0.0,0.0
21,86,21.63,80.53,1.60019,1.7853,0.59451,-0.6169,100,653.03679,9.75599,66.224,0.985,0.015,0.0,0.0,0.0,0.0
21,87,21.63,80.55,1.60302,1.76047,0.5988,-0.61888,100,683.57076,5.92023,24.99233,0.92,0.0725,0.0075,0.0,0.0,0.0
21,88,21.63,80.57,1.74071,1.64191,0.51547,-0.57235,100,655.39747,7.04724,25.23701,0.84,0.1075,0.05,0.0,0.0025,0.0
21,89,21.63,80.59,1.61395,1.66993,0.53707,-0.57667,100,650.18668,5.48846,26.1839,0.8025,0.13,0.065,0.0,0.0025,0.0
22,0,21.65,78.81,1.47237,1.45937,0.4718,-0.48524,100,355.51418,0.71291,3.65166,0.0875,0.01,0.79,0.1125,0.0,0.0
22,1,21.65,78.83,1.55253,1.41448,0.43328,-0.46767,100,348.66774,0.81248,5.25161,0.0225,0.01,0.96,0.0075,0.0,0.0
22,2,21.65,78.85,1.5865,1.36879,0.39615,-0.44851,100,339.51768,1.43859,5.64146,0.0725,0.0475,0.76,0.02,0.055,0.045
22,3,21.65,78.87,1.49462,1.52725,0.49745,-0.49345,100,359.60341,2.26012,21.91039,0.23,0.045,0.725,0.0,0.0,0.0
22,4,21.65,78.89,1.58292,1.51577,0.45254,-0.47147,100,402.39416,4.60797,49.2576,0.4725,0.0975,0.43,0.0,0.0,0.0
22,5,21.65,78.91,1.60168,1.58199,0.44487,-0.45977,100,448.14923,8.01872,51.29254,0.805,0.1375,0.0575,0.0,0.0,0.0
22,6,21.65,78.93,1.58714,1.56205,0.44978,-0.47632,100,481.51591,7.11337,35.30552,0.765,0.1125,0.1225,0.0,0.0,0.0
22,7,21.65,78.95,1.53712,1.63801,0.49218,-0.48561,100,501.01479,8.11688,32.39283,0.9075,0.0925,0.0,0.0,0.0,0.0
22,8,21.65,78.97,1.68294,1.42995,0.3936,-0.451,100,442.71463,5.27594,30.59025,0.48,0.365,0.155,0.0,0.0,0.0
22,9,21.65,78.99,1.67303,1.44567,0.40896,-0.46108,100,449.46701,6.51902,30.57889,0.4975,0.335,0.1675,0.0,0.0,0.0
22,10,21.65,79.01,1.61432,1.47256,0.40924,-0.45342,100,491.77508,6.42836,32.295,0.6,0.2125,0.1875,0.0,0.0,0.0
22,11,21.65,79.03,1.70419,1.43132,0.34818,-0.41725,100,512.16719,4.65354,23.38529,0.47,0.3725,0.1575,0.0,0.0,0.0
22,12,21.65,79.05,1.75033,1.42598,0.33637,-0.41979,100,525.88534,3.42511,17.30289,0.305,0.225,0.47,0.0,0.0,0.0
22,13,21.65,79.07,1.74573,1.3952,0.29506,-0.41606,100,544.97992,2.82232,12.39066,0.375,0.1375,0.4875,0.0,0.0,0.0
22,14,21.65,79.09,1.72975,1.38697,0.26864,-0.40183,100,558.36172,1.9687,9.7916,0.11,0.0925,0.785,0.0125,0.0,0.0
22,15,21.65,79.11,1.65743,1.4092,0.28984,-0.40219,100,569.67775,0.97044,4.39946,0.0,0.0075,0.985,0.0075,0.0,0.0
22,16,21.65,79.13,1.66045,1.39207,0.30858,-0.41633,100,558.85029,1.34248,6.49745,0.015,0.03,0.955,0.0,0.0,0.0
22,17,21.65,79.15,1.72737,1.37134,0.28131,-0.39569,100,549.12128,2.06936,10.31723,0.1,0.12,0.775,0.005,0.0,0.0
22,18,21.65,79.17,1.67223,1.53256,0.45617,-0.52131,100,526.40814,4.65007,17.83434,0.9225,0.045,0.0325,0.0,0.0,0.0
22,19,21.65,79.19,1.65405,1.58405,0.48356,-0.53812,100,511.41609,5.34549,28.16018,1.0,0.0,0.0,0.0,0.0,0.0
22,20,21.65,79.21,1.66331,1.59735,0.50341,-0.54247,100,489.81165,6.78875,24.822,1.0,0.0,0.0,0.0,0.0,0.0
22,21,21.65,79.23,1.6275,1.49814,0.41745,-0.48491,100,466.14529,9.27816,33.1156,0.7425,0.125,0.0,0.0075,0.065,0.06
22,22,21.65,79.25,1.70033,1.54197,0.44852,-0.51656,100,506.77574,5.10387,17.11927,0.8625,0.0275,0.0025,0.0,0.0,0.1075
22,23,21.65,79.27,1.69042,1.53586,0.41725,-0.51645,100,511.21632,3.35541,14.37607,1.0,0.0,0.0,0.0,0.0,0.0
22,24,21.65,79.29,1.71337,1.53034,0.42753,-0.52302,100,489.09103,3.09353,19.42101,1.0,0.0,0.0,0.0,0.0,0.0
22,25,21.65,79.31,1.72214,1.57105,0.4431,-0.53533,100,478.46899,3.70741,13.2322,1.0,0.0,0.0,0.0,0.0,0.0
22,26,21.65,79.33,1.68368,1.53545,0.41416,-0.51884,100,454.64804,2.58906,14.94011,1.0,0.0,0.0,0.0,0.0,0.0
22,27,21.65,79.35,1.66848,1.53051,0.40753,-0.51623,100,444.87737,2.33859,8.64528,1.0,0.0,0.0,0.0,0.0,0.0
22,28,21.65,79.37,1.6728,1.48515,0.38635,-0.49938,100,424.63173,2.60659,12.37987,0.8975,0.06,0.0275,0.0,0.0,0.015
22,29,21.65,79.39,1.6649,1.50661,0.40214,-0.50318,100,409.83513,2.14517,7.20157,0.9675,0.02,0.01,0.0025,0.0,0.0
22,30,21.65,79.41,1.66238,1.49917,0.40484,-0.49633,100,402.5648,1.82739,7.36314,0.8925,0.09,0.0,0.015,0.0,0.0025
22,31,21.65,79.43,1.69219,1.42765,0.37786,-0.46875,100,384.12685,1.41514,7.00928,0.54,0.21,0.2125,0.0075,0.0,0.03
22,32,21.65,79.45,1.73447,1.35148,0.35027,-0.45949,100,378.3306,1.24615,6.54342,0.4275,0.45,0.1225,0.0,0.0,0.0
22,33,21.65,79.47,1.67297,1.4863,0.4086,-0.49889,100,382.31021,1.6339,4.98945,0.88,0.1175,0.0025,0.0,0.0,0.0
22,34,21.65,79.49,1.66424,1.41062,0.39532,-0.47402,100,369.08559,1.48026,7.11901,0.5975,0.1025,0.2925,0.005,0.0,0.0025
22,35,21.65,79.51,1.74734,1.36261,0.31052,-0.43459,100,362.50308,1.3945,8.22609,0.3825,0.37,0.2275,0.005,0.01,0.005
22,36,21.65,79.53,1.72448,1.49931,0.42122,-0.50655,100,372.68234,1.87003,7.59428,0.81,0.155,0.035,0.0,0.0,0.0
22,37,21.65,79.55,1.73329,1.40234,0.33994,-0.45129,100,359.02083,1.39492,6.71711,0.4725,0.33,0.195,0.0025,0.0,0.0
22,38,21.65,79.57,1.69011,1.3616,0.32582,-0.42559,100,344.72059,1.21983,4.72885,0.3625,0.0775,0.5225,0.025,0.0,0.0125
22,39,21.65,79.59,1.67267,1.46635,0.40116,-0.49151,100,340.70088,1.35737,4.32814,0.8575,0.08,0.0625,0.0,0.0,0.0
22,40,21.65,79.61,1.66553,1.45457,0.39935,-0.4929,100,335.847,1.39052,5.69423,0.87,0.0825,0.0475,0.0,0.0,0.0
22,41,21.65,79.63,1.66201,1.43938,0.38328,-0.48131,100,333.25462,1.35024,7.03023,0.7225,0.0475,0.2225,0.0075,0.0,0.0
22,42,21.65,79.65,1.65804,1.43339,0.38764,-0.46683,100,331.58228,1.48107,6.11132,0.8425,0.05,0.1075,0.0,0.0,0.0
22,43,21.65,79.67,1.6453,1.39421,0.34863,-0.444,100,321.14698,1.33798,5.48357,0.5075,0.1775,0.315,0.0,0.0,0.0
22,44,21.65,79.69,1.71943,1.39861,0.34021,-0.45235,100,321.96692,1.40297,4.86567,0.5275,0.3725,0.095,0.0,0.0,0.005
22,45,21.65,79.71,1.69912,1.3782,0.35028,-0.45353,100,314.06321,1.34552,4.91275,0.41,0.4,0.1875,0.0,0.0025,0.0
22,46,21.65,79.73,1.68889,1.35354,0.34913,-0.43791,100,321.33101,1.58469,7.09495,0.665,0.285,0.05,0.0,0.0,0.0
22,47,21.65,79.75,1.6995,1.38483,0.34488,-0.45012,100,323.47284,1.35805,6.49481,0.3875,0.4125,0.195,0.0,0.0,0.005
22,48,21.65,79.77,1.70179,1.37595,0.34182,-0.45257,100,316.26901,1.38762,6.63703,0.3975,0.2275,0.36,0.015,0.0,0.0
22,49,21.65,79.79,1.73373,1.4015,0.35465,-0.45938,100,321.55205,1.3494,5.82928,0.6075,0.2925,0.095,0.0,0.0,0.005
22,50,21.65,79.81,1.64951,1.45046,0.40182,-0.47308,100,333.51408,0.79612,3.36682,0.085,0.2125,0.6925,0.0075,0.0,0.0025
22,51,21.65,79.83,1.6536,1.42857,0.39985,-0.47581,100,336.21309,0.64778,4.30788,0.1125,0.025,0.825,0.0375,0.0,0.0
22,52,21.65,79.85,1.69894,1.39496,0.37072,-0.45284,100,336.48072,0.79242,3.85067,0.145,0.035,0.77,0.0375,0.0,0.0125
22,53,21.65,79.87,1.77569,1.36082,0.32008,-0.42813,100,339.32621,0.8275,4.7672,0.2025,0.2825,0.4925,0.0,0.0025,0.02
22,54,21.65,79.89,1.77704,1.41495,0.36286,-0.46107,100,349.45828,1.52207,9.07024,0.485,0.185,0.33,0.0,0.0,0.0
22,55,21.65,79.91,1.7544,1.55268,0.44714,-0.51446,100,338.34434,3.18712,16.3568,0.8625,0.085,0.0475,0.0,0.0,0.005
22,56,21.65,79.93,1.83057,1.46019,0.38377,-0.47375,100,321.58943,3.91049,28.83803,0.585,0.105,0.3075,0.0,0.0,0.0025
22,57,21.65,79.95,1.7789,1.37352,0.32162,-0.43253,100,299.57372,0.83237,6.24878,0.1175,0.035,0.8425,0.005,0.0,0.0
22,58,21.65,79.97,1.69734,1.41634,0.37242,-0.46071,100,309.18908,4.183,26.75044,0.3525,0.13,0.5075,0.0075,0.0025,0.0
22,59,21.65,79.99,1.6823,1.40311,0.36074,-0.44932,100,294.855,0.83182,3.3601,0.1575,0.04,0.7875,0.0075,0.0025,0.005
22,60,21.65,80.01,1.65491,1.41507,0.38003,-0.4573,100,285.83429,0.74304,3.80607,0.1875,0.04,0.7475,0.0225,0.0,0.0025
22,61,21.65,80.03,1.65593,1.3966,0.36504,-0.4388,100,280.20101,0.59602,2.50296,0.13,0.025,0.7325,0.0275,0.0425,0.0425
22,62,21.65,80.05,1.74073,1.3947,0.31048,-0.41864,100,283.66841,0.32951,2.20552,0.03,0.01,0.955,0.005,0.0,0.0
22,63,21.65,80.07,1.69351,1.42276,0.36838,-0.44365,100,284.25826,0.50426,2.63656,0.165,0.04,0.79,0.0025,0.0025,0.0
22,64,21.65,80.09,1.70459,1.41568,0.36342,-0.44131,100,293.31545,0.6199,3.28785,0.055,0.0125,0.885,0.0475,0.0,0.0
22,65,21.65,80.11,1.73875,1.40773,0.33212,-0.43443,100,289.86105,0.83856,4.17499,0.145,0.1625,0.6775,0.0025,0.0,0.0125
22,66,21.65,80.13,1.69328,1.42613,0.33261,-0.43051,100,291.06037,0.93468,3.83119,0.1425,0.135,0.6975,0.015,0.0075,0.0025
22,67,21.65,80.15,1.70594,1.40305,0.31679,-0.41493,100,288.39313,1.00978,5.12167,0.125,0.3825,0.4875,0.0025,0.0,0.0025
22,68,21.65,80.17,1.59608,1.39581,0.3161,-0.40785,100,288.57271,0.51664,2.01272,0.07,0.0575,0.855,0.015,0.0025,0.0
22,69,21.65,80.19,1.53417,1.38486,0.37483,-0.42365,100,281.68185,1.27494,5.61091,0.3025,0.055,0.4325,0.0425,0.0825,0.085
22,70,21.65,80.21,1.50066,1.43489,0.39549,-0.44175,100,286.19044,0.83534,2.62386,0.49,0.0525,0.455,0.0025,0.0,0.0
22,71,21.65,80.23,1.52569,1.39443,0.34625,-0.40785,100,284.86485,1.04132,3.7601,0.44,0.1775,0.3625,0.02,0.0,0.0
22,72,21.65,80.25,1.53676,1.39307,0.3285,-0.39824,100,289.27363,0.35886,1.81106,0.1275,0.0175,0.825,0.03,0.0,0.0
22,73,21.65,80.27,1.52578,1.41549,0.36932,-0.4231,100,286.33722,0.56728,2.66521,0.2625,0.02,0.6975,0.0175,0.0,0.0025
22,74,21.65,80.29,1.50854,1.42888,0.43562,-0.46348,100,286.86041,0.81123,3.68792,0.225,0.0975,0.61,0.03,0.0175,0.02
22,75,21.65,80.31,1.70948,1.38391,0.3319,-0.4175,100,292.43419,0.35607,1.78681,0.0275,0.0275,0.925,0.0175,0.0,0.0025
22,76,21.65,80.33,1.73703,1.34808,0.29324,-0.39882,100,294.40727,0.51543,3.06192,0.015,0.0375,0.9,0.0375,0.0,0.01
22,77,21.65,80.35,1.72455,1.36687,0.32127,-0.41633,100,296.6488,0.52355,2.6174,0.05,0.03,0.8825,0.0375,0.0,0.0
22,78,21.65,80.37,1.74946,1.37602,0.3313,-0.427,100,303.89091,0.62712,3.86774,0.08,0.055,0.85,0.0075,0.005,0.0025
22,79,21.65,80.39,1.77207,1.39318,0.30715,-0.42549,100,323.00934,3.04599,30.72848,0.175,0.1625,0.625,0.0175,0.005,0.015
22,80,21.65,80.41,1.73662,1.63679,0.42064,-0.4988,100,390.30107,11.53168,67.97773,0.89,0.0775,0.0325,0.0,0.0,0.0
22,81,21.65,80.43,1.7686,1.54852,0.42878,-0.49468,100,328.50297,3.29679,20.88994,0.7575,0.0775,0.16,0.005,0.0,0.0
22,82,21.65,80.45,1.76147,1.40312,0.35951,-0.46169,100,317.56573,0.89951,4.29392,0.32,0.1225,0.5575,0.0,0.0,0.0
22,83,21.65,80.47,1.6361,1.66624,0.50256,-0.5387,100,361.35914,6.50072,41.66562,0.8625,0.045,0.0875,0.0,0.0,0.005
22,84,21.65,80.49,1.47198,1.84098,0.60056,-0.58653,100,553.76481,12.39042,108.03243,1.0,0.0,0.0,0.0,0.0,0.0
22,85,21.65,80.51,1.6268,1.71174,0.57776,-0.60074,100,730.96386,5.02233,25.03752,0.9925,0.0075,0.0,0.0,0.0,0.0
22,86,21.65,80.53,1.64599,1.71068,0.57277,-0.59802,100,673.65792,6.93034,26.7506,0.925,0.0725,0.0025,0.0,0.0,0.0
22,87,21.65,80.55,1.68318,1.65723,0.52191,-0.57527,100,662.62246,6.5772,29.97918,0.84,0.13,0.03,0.0,0.0,0.0
22,88,21.65,80.57,1.79838,1.57965,0.46221,-0.55136,100,646.97322,6.99733,28.00843,0.735,0.13,0.135,0.0,0.0,0.0
22,89,21.65,80.59,1.9216,1.43194,0.35445,-0.48816,100,633.63725,5.57112,20.88247,0.5525,0.3225,0.125,0.0,0.0,0.0
23,0,21.67,78.81,1.63571,1.39603,0.38326,-0.43366,100,385.34839,4.92486,27.55693,0.19,0.3425,0.435,0.0325,0.0,0.0
23,1,21.67,78.83,1.64594,1.39693,0.39551,-0.45096,100,351.84854,1.91436,13.20262,0.1225,0.1675,0.685,0.0,0.0075,0.0175
23,2,21.67,78.85,1.60707,1.37482,0.39401,-0.45141,100,340.87971,1.47674,4.71934,0.1425,0.0925,0.6775,0.005,0.0375,0.045
23,3,21.67,78.87,1.55944,1.50678,0.44748,-0.46406,100,382.86637,5.23331,39.78992,0.5025,0.0475,0.4475,0.0,0.0,0.0025
23,4,21.67,78.89,1.57418,1.52256,0.41165,-0.44584,100,471.72517,8.41889,38.69708,0.6925,0.28,0.0275,0.0,0.0,0.0
23,5,21.67,78.91,1.59539,1.4738,0.40782,-0.44767,100,445.81952,7.25851,58.70423,0.645,0.15,0.2,0.005,0.0,0.0
23,6,21.67,78.93,1.58334,1.48018,0.42644,-0.45423,100,425.18957,5.92991,46.81983,0.7425,0.1225,0.135,0.0,0.0,0.0
23,7,21.67,78.95,1.63621,1.41979,0.38664,-0.43167,100,412.69482,6.60588,39.04668,0.4925,0.2275,0.28,0.0,0.0,0.0
23,8,21.67,78.97,1.63564,1.36459,0.3399,-0.40908,100,406.99466,5.16521,21.26455,0.4325,0.3775,0.19,0.0,0.0,0.0
23,9,21.67,78.99,1.54196,1.60354,0.48712,-0.48125,100,448.65757,7.04583,33.51329,0.9025,0.0675,0.03,0.0,0.0,0.0
23,10,21.67,79.01,1.51718,1.62794,0.48455,-0.47402,100,493.72726,6.94971,33.00366,0.8525,0.1425,0.005,0.0,0.0,0.0
23,11,21.67,79.03,1.75036,1.3963,0.34822,-0.4265,100,523.70489,3.10418,16.8768,0.3,0.2175,0.4825,0.0,0.0,0.0
23,12,21.67,79.05,1.73915,1.42654,0.36479,-0.43693,100,527.33189,2.92369,13.59154,0.2925,0.1225,0.585,0.0,0.0,0.0
23,13,21.67,79.07,1.75704,1.42063,0.33146,-0.43756,100,541.94616,2.80858,14.23264,0.3725,0.1825,0.445,0.0,0.0,0.0
23,14,21.67,79.09,1.75075,1.39297,0.30064,-0.42713,100,554.16806,2.73383,13.94118,0.1575,0.1375,0.705,0.0,0.0,0.0
23,15,21.67,79.11,1.72371,1.38651,0.29069,-0.41049,100,569.65095,1.94662,8.01074,0.07,0.1,0.825,0.0025,0.0,0.0025
23,16,21.67,79.13,1.71737,1.39225,0.2787,-0.40712,100,569.87144,1.36046,7.75542,0.0075,0.025,0.9575,0.0075,0.0,0.0025
23,17,21.67,79.15,1.68675,1.38036,0.31608,-0.425,100,553.92266,2.02098,9.09812,0.1825,0.0725,0.74,0.0,0.0,0.005
23,18,21.67,79.17,1.63379,1.53776,0.45747,-0.52491,100,525.89552,2.93202,14.45695,0.9875,0.01,0.0025,0.0,0.0,0.0
23,19,21.67,79.19,1.64909,1.55303,0.45646,-0.52752,100,508.10567,5.18279,16.7853,0.995,0.0025,0.0,0.0,0.0,0.0025
23,20,21.67,79.21,1.57571,1.48737,0.38093,-0.49684,100,487.90169,4.56224,15.08903,0.63,0.0325,0.0,0.0,0.0,0.3375
23,21,21.67,79.23,0.72264,1.18416,-0.24047,0.50468,100,486.11717,0.44694,3.42048,0.0275,0.0,0.0,0.0,0.0025,0.97
23,22,21.67,79.25,0.8085,1.22951,-0.18281,0.4352,100,489.47928,1.51949,7.3389,0.225,0.03,0.0,0.0,0.0,0.745
23,23,21.67,79.27,1.62283,1.48074,0.41855,-0.49843,100,501.62786,2.9303,11.47332,0.7275,0.085,0.0,0.0,0.0,0.1875
23,24,21.67,79.29,1.65076,1.5611,0.44343,-0.53168,100,494.96384,2.68739,12.52258,1.0,0.0,0.0,0.0,0.0,0.0
23,25,21.67,79.31,1.69511,1.56154,0.4477,-0.53765,100,471.30996,2.20941,9.8054,1.0,0.0,0.0,0.0,0.0,0.0
23,26,21.67,79.33,1.67802,1.52942,0.42662,-0.51952,100,462.18611,3.0986,10.61131,1.0,0.0,0.0,0.0,0.0,0.0
23,27,21.67,79.35,1.65554,1.51536,0.41623,-0.50983,100,449.69126,3.63796,13.1383,0.9975,0.0025,0.0,0.0,0.0,0.0
23,28,21.67,79.37,1.69082,1.46635,0.39231,-0.49169,100,426.20239,2.04177,8.40631,0.735,0.1325,0.13,0.0025,0.0,0.0
23,29,21.67,79.39,1.68923,1.37664,0.35163,-0.45092,100,412.27873,1.59457,6.30627,0.2925,0.305,0.3925,0.0,0.0,0.01
23,30,21.67,79.41,1.67258,1.46571,0.38788,-0.49125,100,407.41775,1.896,9.52766,0.79,0.14,0.06,0.01,0.0,0.0
23,31,21.67,79.43,1.65119,1.42975,0.37786,-0.4734,100,390.47379,1.50874,6.94146,0.5575,0.2675,0.1325,0.0025,0.0,0.04
23,32,21.67,79.45,1.69848,1.35467,0.33673,-0.44124,100,379.0885,1.25851,5.7108,0.205,0.265,0.4925,0.0275,0.0,0.01
23,33,21.67,79.47,1.70191,1.42375,0.34862,-0.46503,100,377.54236,1.7736,8.41501,0.6075,0.275,0.1175,0.0,0.0,0.0
23,34,21.67,79.49,1.66026,1.41918,0.38975,-0.46982,100,365.98461,1.51474,7.02588,0.59,0.22,0.1675,0.0,0.02,0.0025
23,35,21.67,79.51,1.67252,1.43416,0.38417,-0.47644,100,371.7067,1.30479,6.3389,0.6125,0.1125,0.265,0.0,0.005,0.005
23,36,21.67,79.53,1.66151,1.45933,0.40814,-0.49284,100,364.41345,1.60427,6.70988,0.6425,0.1275,0.2175,0.0,0.0,0.0125
23,37,21.67,79.55,1.69706,1.36471,0.35385,-0.4453,100,353.42769,1.24196,6.29017,0.315,0.1275,0.5375,0.0125,0.0,0.0075
23,38,21.67,79.57,1.7337,1.3696,0.33329,-0.44608,100,349.1045,1.23603,8.00705,0.31,0.285,0.385,0.02,0.0,0.0
23,39,21.67,79.59,1.70971,1.46058,0.38517,-0.49041,100,349.73161,1.70618,8.81269,0.72,0.1175,0.1625,0.0,0.0,0.0
23,40,21.67,79.61,1.69347,1.4151,0.35511,-0.46058,100,343.89497,1.68593,6.34397,0.5725,0.1675,0.2325,0.0275,0.0,0.0
23,41,21.67,79.63,1.65446,1.4662,0.38953,-0.48282,100,337.53228,1.53278,6.10063,0.81,0.075,0.115,0.0,0.0,0.0
23,42,21.67,79.65,1.66869,1.45415,0.39244,-0.47515,100,329.73513,1.15811,5.05003,0.9075,0.08,0.0125,0.0,0.0,0.0
23,43,21.67,79.67,1.65406,1.45767,0.37274,-0.47172,100,334.44648,1.9239,8.62773,0.8675,0.0875,0.04,0.005,0.0,0.0
23,44,21.67,79.69,1.71609,1.41098,0.3438,-0.45605,100,327.70803,1.58969,6.76373,0.5175,0.3625,0.12,0.0,0.0,0.0
23,45,21.67,79.71,1.67187,1.39681,0.36292,-0.46597,100,319.78415,1.28161,4.80056,0.6025,0.2175,0.1725,0.005,0.0025,0.0
23,46,21.67,79.73,1.62272,1.36143,0.34306,-0.43864,100,329.02809,3.02955,13.36258,0.445,0.3925,0.0875,0.0125,0.0525,0.01
23,47,21.67,79.75,1.70509,1.38907,0.32847,-0.45092,100,338.04233,1.5657,6.39893,0.44,0.55,0.01,0.0,0.0,0.0
23,48,21.67,79.77,1.73438,1.39235,0.34264,-0.46638,100,332.72151,1.52584,6.21696,0.525,0.4525,0.0225,0.0,0.0,0.0
23,49,21.67,79.79,1.69999,1.39847,0.34835,-0.45731,100,334.55127,1.23795,5.37099,0.265,0.3275,0.4,0.005,0.0025,0.0
23,50,21.67,79.81,1.54886,1.44744,0.41517,-0.46365,100,335.69266,0.53867,2.41919,0.04,0.03,0.895,0.0325,0.0,0.0025
23,51,21.67,79.83,1.53964,1.4686,0.4671,-0.49516,100,331.77472,0.62616,3.8852,0.1525,0.0525,0.7775,0.0175,0.0,0.0
23,52,21.67,79.85,1.55388,1.47544,0.44316,-0.48907,100,326.90388,0.58843,2.92568,0.2225,0.0775,0.7,0.0,0.0,0.0
23,53,21.67,79.87,1.58965,1.4414,0.39474,-0.45757,100,330.4667,0.72468,3.29965,0.1125,0.0275,0.825,0.035,0.0,0.0
23,54,21.67,79.89,1.57712,1.42038,0.41515,-0.47302,100,332.23991,0.92811,5.98858,0.11,0.1575,0.725,0.0075,0.0,0.0
23,55,21.67,79.91,1.74129,1.40553,0.36564,-0.46319,100,342.79945,1.5567,9.71951,0.4175,0.13,0.4475,0.0,0.0,0.005
23,56,21.67,79.93,1.79793,1.45897,0.39363,-0.4767,100,357.04239,7.00309,40.61224,0.68,0.2525,0.0525,0.0,0.0,0.015
23,57,21.67,79.95,1.70837,1.38963,0.36751,-0.4417,100,310.5621,1.81424,9.43226,0.215,0.195,0.5775,0.0125,0.0,0.0
23,58,21.67,79.97,1.64935,1.40251,0.38754,-0.45411,100,294.88827,0.5214,3.42246,0.1125,0.005,0.8775,0.005,0.0,0.0
23,59,21.67,79.99,1.67285,1.40069,0.3718,-0.44776,100,289.47523,0.65355,3.21569,0.1975,0.0425,0.745,0.0125,0.0,0.0025
23,60,21.67,80.01,1.64604,1.36679,0.34592,-0.43256,100,283.49638,0.72868,2.84286,0.1,0.0525,0.7225,0.075,0.0325,0.0175
23,61,21.67,80.03,1.71177,1.37948,0.33079,-0.42776,100,284.03912,0.65361,3.51732,0.13,0.035,0.735,0.0325,0.0325,0.035
23,62,21.67,80.05,1.71413,1.41425,0.34523,-0.43714,100,289.32948,0.50346,2.29806,0.11,0.0275,0.835,0.025,0.0,0.0025
23,63,21.67,80.07,1.71201,1.39515,0.33421,-0.43407,100,288.81239,0.64914,3.26045,0.215,0.0525,0.715,0.0175,0.0,0.0
23,64,21.67,80.09,1.65967,1.43166,0.37959,-0.45313,100,291.75357,0.65919,3.04311,0.09,0.005,0.885,0.02,0.0,0.0
23,65,21.67,80.11,1.70207,1.43126,0.37099,-0.45288,100,303.21446,2.14817,12.9379,0.1425,0.23,0.615,0.01,0.0,0.0025
23,66,21.67,80.13,1.65224,1.43391,0.36447,-0.44356,100,296.59116,0.72457,3.64749,0.1225,0.035,0.8275,0.015,0.0,0.0
23,67,21.67,80.15,1.65137,1.41782,0.33002,-0.42334,100,289.44121,0.7063,3.10521,0.155,0.23,0.605,0.01,0.0,0.0
23,68,21.67,80.17,1.56839,1.4368,0.37526,-0.43748,100,288.59086,0.78969,3.76749,0.295,0.0475,0.625,0.02,0.0,0.0125
23,69,21.67,80.19,1.54927,1.39893,0.3512,-0.42137,100,281.96428,1.10872,4.23675,0.325,0.09,0.44,0.005,0.0675,0.0725
23,70,21.67,80.21,1.63431,1.37634,0.31257,-0.40238,100,289.79774,0.65497,2.00882,0.115,0.04,0.795,0.045,0.0,0.005
23,71,21.67,80.23,1.41013,1.41523,0.3758,-0.41432,100,289.54668,0.5648,1.92916,0.27,0.035,0.685,0.01,0.0,0.0
23,72,21.67,80.25,1.57537,1.3612,0.33619,-0.41919,100,286.69266,1.08163,3.33453,0.445,0.185,0.3225,0.0475,0.0,0.0
23,73,21.67,80.27,1.64963,1.39307,0.33355,-0.41801,100,289.37787,0.40773,1.72097,0.075,0.01,0.915,0.0,0.0,0.0
23,74,21.67,80.29,1.67909,1.36145,0.33993,-0.42059,100,287.13342,0.91747,3.37863,0.145,0.1275,0.6125,0.0475,0.0325,0.035
23,75,21.67,80.31,1.65826,1.37727,0.36826,-0.44166,100,291.75592,0.56442,3.01628,0.085,0.035,0.85,0.0225,0.005,0.0025
23,76,21.67,80.33,1.73926,1.36652,0.33423,-0.43017,100,294.19419,0.70546,3.50175,0.155,0.08,0.7375,0.0125,0.0075,0.0075
23,77,21.67,80.35,1.79242,1.35379,0.295,-0.40343,100,298.8068,0.67507,2.73922,0.035,0.0525,0.8975,0.015,0.0,0.0
23,78,21.67,80.37,1.73328,1.3321,0.29454,-0.40696,100,308.05644,2.13263,10.51982,0.08,0.1125,0.775,0.015,0.0125,0.005
23,79,21.67,80.39,1.71497,1.52444,0.40311,-0.48245,100,359.22378,9.72981,63.24777,0.6125,0.14,0.2425,0.0,0.0,0.005
23,80,21.67,80.41,1.79631,1.52601,0.37772,-0.46546,100,340.18309,4.72061,37.8697,0.865,0.135,0.0,0.0,0.0,0.0
23,81,21.67,80.43,1.76301,1.57767,0.41036,-0.49852,100,331.10431,2.43157,11.06186,0.79,0.0375,0.16,0.0025,0.0,0.01
23,82,21.67,80.45,1.80584,1.51916,0.4139,-0.50264,100,323.72977,1.06317,5.50199,0.7625,0.06,0.1775,0.0,0.0,0.0
23,83,21.67,80.47,1.66664,1.68375,0.51462,-0.54236,100,411.1512,11.8019,90.79015,0.9825,0.0175,0.0,0.0,0.0,0.0
23,84,21.67,80.49,1.50419,1.84517,0.61305,-0.5945,100,628.1749,9.15143,74.82902,0.98,0.0175,0.0025,0.0,0.0,0.0
23,85,21.67,80.51,1.53386,1.79416,0.60384,-0.60928,100,700.23098,5.21864,20.35023,0.9975,0.0025,0.0,0.0,0.0,0.0
23,86,21.67,80.53,1.64334,1.69921,0.55272,-0.57875,100,662.26486,6.6302,23.73926,0.88,0.1125,0.0075,0.0,0.0,0.0
23,87,21.67,80.55,1.75971,1.59608,0.47525,-0.54945,100,641.30329,7.37424,33.01253,0.755,0.205,0.04,0.0,0.0,0.0
23,88,21.67,80.57,1.73331,1.66944,0.52176,-0.57309,100,634.08694,6.47437,32.19163,0.8725,0.12,0.0075,0.0,0.0,0.0
23,89,21.67,80.59,1.95342,1.39298,0.32112,-0.45689,100,614.91225,3.63168,11.83085,0.54,0.255,0.205,0.0,0.0,0.0
24,0,21.69,78.81,1.61164,1.44874,0.42911,-0.45749,100,398.38842,6.04684,30.45934,0.2875,0.28,0.425,0.005,0.0,0.0025
24,1,21.69,78.83,1.58307,1.43268,0.43249,-0.46155,100,369.91154,4.80247,28.7705,0.29,0.085,0.6,0.0125,0.0,0.0125
24,2,21.69,78.85,1.63477,1.34536,0.38465,-0.441,100,344.19402,2.00382,6.36626,0.1425,0.1925,0.56,0.005,0.045,0.055
24,3,21.69,78.87,1.64418,1.38448,0.3952,-0.4413,100,354.15129,1.9474,8.92735,0.1075,0.1625,0.72,0.0025,0.0075,0.0
24,4,21.69,78.89,1.6331,1.42848,0.42637,-0.45824,100,378.28826,4.40931,28.84461,0.295,0.135,0.5625,0.005,0.0025,0.0
24,5,21.69,78.91,1.57685,1.5002,0.46348,-0.47364,100,383.56977,5.17087,28.00452,0.5675,0.1125,0.32,0.0,0.0,0.0
24,6,21.69,78.93,1.61447,1.44799,0.43246,-0.45851,100,382.21482,4.65775,20.78422,0.5075,0.1075,0.3825,0.0025,0.0,0.0
24,7,21.69,78.95,1.6572,1.41129,0.39879,-0.44712,100,389.44885,4.49422,21.5482,0.18,0.2475,0.5675,0.005,0.0,0.0
24,8,21.69,78.97,1.58281,1.47998,0.42678,-0.4568,100,429.35557,6.18251,28.03518,0.5675,0.2725,0.16,0.0,0.0,0.0
24,9,21.69,78.99,1.48551,1.61132,0.47993,-0.48042,100,465.63537,5.96213,32.96247,0.83,0.1675,0.0025,0.0,0.0,0.0
24,10,21.69,79.01,1.46837,1.65804,0.51607,-0.49918,100,485.19961,6.20909,22.87377,0.9125,0.0875,0.0,0.0,0.0,0.0
24,11,21.69,79.03,1.73569,1.42909,0.34593,-0.43009,100,530.89117,5.49701,24.64318,0.3175,0.3375,0.345,0.0,0.0,0.0
24,12,21.69,79.05,1.68776,1.5143,0.41566,-0.47151,100,543.08066,4.7191,20.1247,0.405,0.105,0.49,0.0,0.0,0.0
24,13,21.69,79.07,1.77354,1.41354,0.31221,-0.43495,100,547.92222,3.29151,15.16027,0.23,0.0925,0.6775,0.0,0.0,0.0
24,14,21.69,79.09,1.77846,1.37362,0.27656,-0.40885,100,563.13379,2.17368,14.47956,0.0425,0.09,0.8625,0.005,0.0,0.0
24,15,21.69,79.11,1.72122,1.3834,0.27422,-0.39925,100,579.84573,1.97069,14.61386,0.055,0.0725,0.8675,0.005,0.0,0.0
24,16,21.69,79.13,1.74838,1.39744,0.31059,-0.43126,100,558.878,2.88581,15.55857,0.32,0.3025,0.3775,0.0,0.0,0.0
24,17,21.69,79.15,1.68467,1.48067,0.36724,-0.46135,100,554.90015,2.41607,11.63964,0.695,0.1325,0.1725,0.0,0.0,0.0
24,18,21.69,79.17,1.6673,1.52379,0.40933,-0.50329,100,554.20996,2.95931,13.56928,0.7625,0.035,0.2025,0.0,0.0,0.0
24,19,21.69,79.19,1.63015,1.53286,0.44088,-0.51512,100,520.32472,5.60122,22.39784,0.8625,0.0625,0.005,0.0,0.0,0.07
24,20,21.69,79.21,0.7446,1.20827,-0.2181,0.49465,100,488.42838,1.18917,7.45309,0.1375,0.035,0.0025,0.0,0.0,0.825
24,21,21.69,79.23,0.73155,1.20827,-0.23336,0.48756,100,488.71887,1.86985,7.03421,0.15,0.0175,0.0025,0.0,0.0,0.83
24,22,21.69,79.25,1.67827,1.498,0.39982,-0.48254,100,506.86032,5.24414,23.91182,0.6275,0.105,0.0,0.0,0.0,0.2675
24,23,21.69,79.27,1.71757,1.50458,0.41989,-0.51561,100,493.51927,2.30045,8.62365,0.865,0.0675,0.0,0.0,0.0,0.0675
24,24,21.69,79.29,1.68543,1.5197,0.42272,-0.5195,100,476.75855,2.18187,8.43879,0.995,0.005,0.0,0.0,0.0,0.0
24,25,21.69,79.31,1.68394,1.49337,0.41595,-0.51426,100,466.91896,2.31655,12.09635,0.99,0.01,0.0,0.0,0.0,0.0
24,26,21.69,79.33,1.66995,1.50966,0.42714,-0.5088,100,466.18977,3.23514,22.35173,0.995,0.005,0.0,0.0,0.0,0.0
24,27,21.69,79.35,1.64691,1.50121,0.42242,-0.50039,100,453.83146,3.14449,20.95868,0.9375,0.0625,0.0,0.0,0.0,0.0
24,28,21.69,79.37,1.6817,1.4092,0.38529,-0.47032,100,431.08192,1.94212,11.51097,0.695,0.17,0.1275,0.0025,0.0,0.005
24,29,21.69,79.39,1.6686,1.45319,0.40596,-0.48516,100,413.64533,1.23322,5.5012,0.64,0.14,0.22,0.0,0.0,0.0
24,30,21.69,79.41,1.67875,1.44879,0.39484,-0.49227,100,401.22902,1.14972,5.38353,0.705,0.1,0.1875,0.0075,0.0,0.0
24,31,21.69,79.43,1.67624,1.43215,0.36673,-0.47346,100,393.82363,1.33151,5.48027,0.6775,0.145,0.1525,0.025,0.0,0.0
24,32,21.69,79.45,1.69667,1.41239,0.35672,-0.46919,100,388.65623,1.16153,4.96626,0.565,0.3175,0.1175,0.0,0.0,0.0
24,33,21.69,79.47,1.71666,1.38699,0.35122,-0.45756,100,379.66142,1.02663,5.15999,0.4725,0.17,0.3525,0.005,0.0,0.0
24,34,21.69,79.49,1.71068,1.36435,0.33392,-0.44008,100,369.90332,1.17783,5.18908,0.37,0.2225,0.3825,0.0175,0.0075,0.0
24,35,21.69,79.51,1.67524,1.38042,0.34563,-0.43905,100,368.4066,1.11137,4.72115,0.31,0.1775,0.5025,0.0075,0.0,0.0025
24,36,21.69,79.53,1.66555,1.46029,0.39521,-0.48887,100,372.21616,1.23159,4.25586,0.8275,0.0525,0.12,0.0,0.0,0.0
24,37,21.69,79.55,1.69455,1.39453,0.36064,-0.46454,100,366.14331,1.52769,6.8618,0.555,0.2225,0.2225,0.0,0.0,0.0
24,38,21.69,79.57,1.71406,1.36844,0.31432,-0.44485,100,368.30563,1.25155,4.74751,0.4725,0.5275,0.0,0.0,0.0,0.0
24,39,21.69,79.59,1.71844,1.38589,0.33923,-0.46035,100,357.47352,1.43941,6.38002,0.545,0.34,0.1075,0.0,0.0,0.0075
24,40,21.69,79.61,1.71961,1.44753,0.36356,-0.48283,100,353.9293,1.85919,6.26483,0.6725,0.315,0.0025,0.0025,0.0075,0.0
24,41,21.69,79.63,1.67089,1.49559,0.40478,-0.49649,100,347.7272,1.70518,6.15383,0.935,0.065,0.0,0.0,0.0,0.0
24,42,21.69,79.65,1.67888,1.48726,0.40528,-0.49755,100,345.23813,1.60027,4.98931,0.9,0.0525,0.0475,0.0,0.0,0.0
24,43,21.69,79.67,1.65877,1.39864,0.35545,-0.45646,100,336.40737,1.53759,5.64337,0.6,0.1725,0.2225,0.005,0.0,0.0
24,44,21.69,79.69,1.66491,1.43318,0.36967,-0.46911,100,332.06105,1.52983,5.25689,0.79,0.15,0.0525,0.0,0.0,0.0075
24,45,21.69,79.71,1.64224,1.45339,0.37767,-0.4799,100,331.32582,1.4691,7.16451,0.51,0.1325,0.335,0.015,0.0025,0.005
24,46,21.69,79.73,1.58602,1.32083,0.30884,-0.40176,100,336.91856,2.87513,9.71967,0.2675,0.23,0.2925,0.14,0.05,0.02
24,47,21.69,79.75,1.65549,1.39286,0.35568,-0.45947,100,343.89294,1.71488,5.94874,0.2525,0.375,0.355,0.0175,0.0,0.0
24,48,21.69,79.77,1.72116,1.37046,0.31495,-0.44459,100,345.1369,1.40731,5.12082,0.195,0.4925,0.29,0.0225,0.0,0.0
24,49,21.69,79.79,1.72248,1.3965,0.32661,-0.43805,100,345.71977,0.63778,3.1743,0.0425,0.06,0.88,0.0175,0.0,0.0
24,50,21.69,79.81,1.70254,1.40337,0.3559,-0.4512,100,341.02278,0.70903,3.33612,0.0375,0.03,0.8925,0.03,0.0,0.01
24,51,21.69,79.83,1.73062,1.3945,0.33735,-0.44217,100,334.53371,0.71901,4.35141,0.0575,0.045,0.8675,0.0225,0.0025,0.005
24,52,21.69,79.85,1.67029,1.42595,0.36956,-0.45909,100,327.23635,0.78019,4.1044,0.1075,0.1425,0.7425,0.0075,0.0,0.0
24,53,21.69,79.87,1.49564,1.53552,0.49829,-0.49346,100,322.47796,0.71693,3.09031,0.1425,0.12,0.7225,0.0025,0.0,0.0125
24,54,21.69,79.89,1.49555,1.51984,0.48519,-0.48311,100,320.18883,0.76693,3.39464,0.1925,0.1175,0.6725,0.0125,0.0,0.005
24,55,21.69,79.91,1.70485,1.35994,0.33428,-0.44178,100,328.12135,0.85898,4.50908,0.1025,0.1975,0.6775,0.0175,0.0,0.005
24,56,21.69,79.93,1.75176,1.4574,0.39034,-0.48332,100,332.2218,1.81869,7.9227,0.6575,0.1725,0.1675,0.0,0.0,0.0025
24,57,21.69,79.95,1.67137,1.45721,0.42689,-0.4769,100,311.01401,1.91219,9.75595,0.4025,0.2875,0.2375,0.0,0.0025,0.07
24,58,21.69,79.97,1.624,1.4195,0.40719,-0.45819,100,295.95162,0.54069,3.51965,0.0925,0.0275,0.8175,0.0525,0.0,0.01
24,59,21.69,79.99,1.68056,1.41688,0.3847,-0.45657,100,287.11827,0.38488,2.13056,0.1125,0.0025,0.88,0.005,0.0,0.0
24,60,21.69,80.01,1.63729,1.36929,0.36921,-0.43985,100,284.66472,0.77009,3.61494,0.1075,0.09,0.6675,0.045,0.045,0.045
24,61,21.69,80.03,1.73413,1.39531,0.32506,-0.4322,100,288.33865,0.50091,2.75024,0.1125,0.0025,0.885,0.0,0.0,0.0
24,62,21.69,80.05,1.69298,1.41128,0.35424,-0.43573,100,293.82611,0.62025,2.86433,0.1025,0.0625,0.7775,0.0525,0.0,0.005
24,63,21.69,80.07,1.70251,1.41096,0.34587,-0.43155,100,296.59689,0.61907,2.87714,0.105,0.0275,0.85,0.0075,0.0,0.01
24,64,21.69,80.09,1.69475,1.39896,0.34215,-0.42938,100,295.82126,0.88839,4.20369,0.05,0.0425,0.8775,0.0275,0.0,0.0025
24,65,21.69,80.11,1.71167,1.40874,0.347,-0.43295,100,301.02494,0.72098,3.67998,0.0575,0.035,0.8775,0.0275,0.0,0.0025
24,66,21.69,80.13,1.68384,1.41857,0.34808,-0.43365,100,295.15349,0.56537,2.45422,0.06,0.0225,0.8925,0.025,0.0,0.0
24,67,21.69,80.15,1.67746,1.41003,0.31197,-0.41616,100,294.5042,0.53292,3.26213,0.015,0.04,0.9225,0.0175,0.0,0.005
24,68,21.69,80.17,1.66358,1.37308,0.28982,-0.39501,100,291.38029,0.62738,3.43335,0.04,0.0775,0.865,0.0175,0.0,0.0
24,69,21.69,80.19,1.60356,1.38312,0.30809,-0.4158,100,284.79851,1.26756,5.24031,0.25,0.33,0.2975,0.0025,0.0275,0.0925
24,70,21.69,80.21,1.61247,1.39003,0.31959,-0.40556,100,292.64499,0.29684,1.02324,0.04,0.005,0.9175,0.0375,0.0,0.0
24,71,21.69,80.23,1.35057,1.45492,0.4116,-0.41131,100,292.0597,0.21076,0.90526,0.01,0.0,0.99,0.0,0.0,0.0
24,72,21.69,80.25,1.51796,1.42356,0.38997,-0.43795,100,289.0742,0.9742,3.01882,0.355,0.1225,0.4975,0.025,0.0,0.0
24,73,21.69,80.27,1.60989,1.42073,0.37881,-0.43762,100,291.58982,0.46207,1.44434,0.0925,0.0225,0.835,0.0425,0.0,0.0075
24,74,21.69,80.29,1.689,1.38648,0.36666,-0.44543,100,292.09549,0.66365,2.78209,0.1125,0.0825,0.7775,0.025,0.0025,0.0
24,75,21.69,80.31,1.71821,1.35821,0.35272,-0.43938,100,288.81856,0.95268,3.19607,0.21,0.1725,0.5775,0.015,0.0175,0.0075
24,76,21.69,80.33,1.70879,1.37183,0.36378,-0.44367,100,290.91331,1.06482,4.22378,0.155,0.0525,0.705,0.02,0.0575,0.01
24,77,21.69,80.35,1.65833,1.37551,0.38866,-0.45812,100,295.3883,0.9238,4.4471,0.1025,0.1425,0.69,0.025,0.0175,0.0225
24,78,21.69,80.37,1.80128,1.37205,0.32288,-0.43083,100,298.13151,1.2566,4.28301,0.3175,0.23,0.405,0.03,0.015,0.0025
24,79,21.69,80.39,1.78736,1.43021,0.35551,-0.46051,100,301.62852,1.31483,7.5518,0.56,0.1725,0.265,0.0,0.0,0.0025
24,80,21.69,80.41,1.82503,1.43469,0.33059,-0.44619,100,308.6549,1.10771,5.10505,0.69,0.1725,0.1325,0.0,0.0,0.005
24,81,21.69,80.43,1.80776,1.56755,0.36272,-0.48702,100,322.75052,2.60605,10.20254,0.9475,0.0375,0.015,0.0,0.0,0.0
24,82,21.69,80.45,1.72866,1.67335,0.48471,-0.5342,100,331.62073,1.90577,7.90308,0.9975,0.0025,0.0,0.0,0.0,0.0
24,83,21.69,80.47,1.54725,1.78456,0.57211,-0.56796,100,467.44106,10.96487,119.82488,1.0,0.0,0.0,0.0,0.0,0.0
24,84,21.69,80.49,1.60005,1.74732,0.58932,-0.60816,100,680.04627,6.78859,28.922,0.9525,0.0425,0.005,0.0,0.0,0.0
24,85,21.69,80.51,1.59024,1.69961,0.57758,-0.5987,100,686.78941,6.1762,26.34043,0.99,0.01,0.0,0.0,0.0,0.0
24,86,21.69,80.53,1.6939,1.65072,0.52803,-0.5767,100,655.55156,6.40166,29.45052,0.8175,0.1575,0.025,0.0,0.0,0.0
24,87,21.69,80.55,1.87387,1.46514,0.38942,-0.50001,100,624.29349,7.07138,34.87152,0.6325,0.2575,0.1075,0.0,0.0025,0.0
24,88,21.69,80.57,1.81332,1.47371,0.39791,-0.49815,100,617.91071,6.36275,25.91187,0.7,0.235,0.065,0.0,0.0,0.0
24,89,21.69,80.59,1.83774,1.39207,0.33749,-0.45992,100,634.53362,4.60344,18.97263,0.515,0.3925,0.0925,0.0,0.0,0.0
25,0,21.71,78.81,1.56355,1.53977,0.49191,-0.48249,100,392.48011,6.56977,40.50684,0.365,0.195,0.425,0.01,0.005,0.0
25,1,21.71,78.83,1.59415,1.46233,0.45385,-0.47592,100,384.93171,6.84759,45.95772,0.2825,0.2225,0.455,0.0025,0.0075,0.03
25,2,21.71,78.85,1.58666,1.37657,0.41179,-0.45913,100,350.45937,1.4422,6.0112,0.0725,0.11,0.7175,0.0575,0.01,0.0325
25,3,21.71,78.87,1.64292,1.4499,0.43356,-0.46577,100,381.30163,5.14215,37.2573,0.28,0.2225,0.4925,0.0025,0.0025,0.0
25,4,21.71,78.89,1.60184,1.45304,0.45662,-0.48695,100,370.49475,1.81927,10.51049,0.0925,0.11,0.7825,0.015,0.0,0.0
25,5,21.71,78.91,1.56306,1.48315,0.48996,-0.49735,100,374.66082,1.7842,8.55384,0.095,0.105,0.7925,0.0075,0.0,0.0
25,6,21.71,78.93,1.63025,1.45773,0.42762,-0.45233,100,388.25008,5.51851,23.42488,0.6325,0.1775,0.19,0.0,0.0,0.0
25,7,21.71,78.95,1.61737,1.48597,0.44395,-0.47274,100,398.13477,4.36406,21.31058,0.595,0.155,0.25,0.0,0.0,0.0
25,8,21.71,78.97,1.71174,1.42275,0.40923,-0.4651,100,391.00793,2.50678,10.70272,0.175,0.215,0.605,0.005,0.0,0.0
25,9,21.71,78.99,1.65502,1.46251,0.4366,-0.4699,100,411.40272,5.74186,23.55146,0.4525,0.2,0.3475,0.0,0.0,0.0
25,10,21.71,79.01,1.58244,1.62379,0.512,-0.50417,100,444.9788,7.86898,35.42566,0.725,0.155,0.12,0.0,0.0,0.0
25,11,21.71,79.03,1.59531,1.61372,0.49657,-0.49146,100,476.79107,6.70266,25.51565,0.895,0.0875,0.0175,0.0,0.0,0.0
25,12,21.71,79.05,1.58061,1.64866,0.50327,-0.50599,100,506.09348,5.3647,20.5105,0.6575,0.08,0.2625,0.0,0.0,0.0
25,13,21.71,79.07,1.6745,1.51816,0.40168,-0.48443,100,536.01533,3.83586,26.01174,0.47,0.1375,0.3925,0.0,0.0,0.0
25,14,21.71,79.09,1.76255,1.42766,0.32921,-0.43903,100,542.17336,2.9907,20.36724,0.055,0.2,0.695,0.05,0.0,0.0
25,15,21.71,79.11,1.70672,1.47691,0.37594,-0.46281,100,536.64082,1.51429,7.90362,0.03,0.0625,0.89,0.0175,0.0,0.0
25,16,21.71,79.13,1.76612,1.42609,0.32704,-0.44431,100,525.09227,2.14876,9.2224,0.075,0.0975,0.8275,0.0,0.0,0.0
25,17,21.71,79.15,1.67362,1.46162,0.36412,-0.45874,100,521.51059,2.81152,12.63205,0.5275,0.15,0.3225,0.0,0.0,0.0
25,18,21.71,79.17,1.8406,1.46324,0.42078,-0.49434,100,520.98158,3.25443,22.52682,0.755,0.0575,0.1475,0.0,0.0,0.04
25,19,21.71,79.19,1.61046,1.43058,0.34631,-0.39391,100,494.86529,2.05405,12.001,0.415,0.1525,0.0025,0.0,0.0,0.43
25,20,21.71,79.21,0.72958,1.17172,-0.26236,0.56836,100,485.95007,0.40002,2.83779,0.015,0.0075,0.0,0.0,0.0,0.9775
25,21,21.71,79.23,0.72608,1.18341,-0.25409,0.57002,100,485.58997,0.08983,0.92079,0.005,0.0,0.0025,0.0,0.0,0.9925
25,22,21.71,79.25,0.73397,1.18831,-0.23968,0.54747,100,487.70747,0.85868,4.98858,0.12,0.0875,0.0,0.0,0.0,0.7925
25,23,21.71,79.27,1.94929,1.50167,0.43135,-0.51086,100,501.35497,2.01343,10.81439,0.695,0.0875,0.0,0.0,0.0,0.2175
25,24,21.71,79.29,1.98942,1.5613,0.45911,-0.53935,100,507.23502,2.10585,7.51607,0.9775,0.0225,0.0,0.0,0.0,0.0
25,25,21.71,79.31,1.91093,1.56899,0.46602,-0.54544,100,497.19775,2.37131,8.39434,0.9975,0.0025,0.0,0.0,0.0,0.0
25,26,21.71,79.33,1.85271,1.56382,0.48938,-0.54077,100,481.97873,2.21341,15.12059,0.98,0.02,0.0,0.0,0.0,0.0
25,27,21.71,79.35,1.85638,1.50692,0.4401,-0.51382,100,455.17228,2.4899,12.21005,0.8175,0.13,0.015,0.0,0.0,0.0375
25,28,21.71,79.37,1.88321,1.42945,0.37945,-0.48227,100,436.85834,1.63007,8.11572,0.63,0.15,0.1825,0.01,0.0,0.0275
25,29,21.71,79.39,1.90765,1.4999,0.40402,-0.50009,100,427.16961,1.52577,6.82241,0.94,0.06,0.0,0.0,0.0,0.0
25,30,21.71,79.41,1.92147,1.49335,0.37538,-0.48978,100,417.72771,1.53864,6.83902,0.96,0.04,0.0,0.0,0.0,0.0
25,31,21.71,79.43,1.92459,1.47125,0.36574,-0.49141,100,407.71975,1.76243,7.76903,0.77,0.1375,0.0275,0.0625,0.0025,0.0
25,32,21.71,79.45,1.87693,1.36558,0.30959,-0.43591,100,391.92383,1.28071,5.57733,0.3075,0.4325,0.22,0.0325,0.0,0.0075
25,33,21.71,79.47,1.95769,1.41881,0.3278,-0.46737,100,383.40954,1.29809,5.67593,0.52,0.3025,0.175,0.0025,0.0,0.0
25,34,21.71,79.49,1.95893,1.39106,0.32415,-0.45587,100,383.39926,1.1419,4.85037,0.4575,0.4525,0.09,0.0,0.0,0.0
25,35,21.71,79.51,1.88868,1.3484,0.31473,-0.43755,100,375.64891,1.14574,4.51722,0.28,0.3125,0.39,0.0075,0.01,0.0
25,36,21.71,79.53,1.94883,1.48607,0.3874,-0.49443,100,382.66056,1.12611,6.17514,0.8125,0.175,0.01,0.0,0.0,0.0025
25,37,21.71,79.55,1.92832,1.43184,0.36756,-0.47325,100,378.55219,1.24218,6.06349,0.86,0.125,0.015,0.0,0.0,0.0
25,38,21.71,79.57,1.9666,1.47648,0.3649,-0.48569,100,383.10223,1.67387,7.92882,0.795,0.205,0.0,0.0,0.0,0.0
25,39,21.71,79.59,1.99587,1.48117,0.36219,-0.48531,100,376.93877,1.75739,8.92302,0.84,0.15,0.01,0.0,0.0,0.0
25,40,21.71,79.61,2.06689,1.52886,0.38826,-0.51576,100,367.96133,1.61339,5.84858,0.7725,0.2025,0.0225,0.0,0.0025,0.0
25,41,21.71,79.63,2.01046,1.48074,0.35889,-0.48972,100,357.2104,1.73138,5.08482,0.74,0.15,0.11,0.0,0.0,0.0
25,42,21.71,79.65,1.95811,1.41221,0.33413,-0.45484,100,346.77166,1.7152,6.51506,0.5675,0.185,0.2475,0.0,0.0,0.0
25,43,21.71,79.67,1.92703,1.39899,0.34133,-0.45997,100,339.21917,1.28911,4.61165,0.5075,0.1175,0.3675,0.0075,0.0,0.0
25,44,21.71,79.69,1.97875,1.43735,0.35496,-0.48524,100,339.88768,1.43858,5.00086,0.5275,0.195,0.27,0.0075,0.0,0.0
25,45,21.71,79.71,1.96972,1.48426,0.38078,-0.49796,100,342.28545,1.55433,8.02825,0.7725,0.165,0.0625,0.0,0.0,0.0
25,46,21.71,79.73,1.90816,1.48085,0.40117,-0.50314,100,341.72132,1.50499,4.59942,0.6575,0.3225,0.02,0.0,0.0,0.0
25,47,21.71,79.75,1.90548,1.3917,0.3168,-0.44378,100,350.15564,1.05927,4.43299,0.065,0.3725,0.5525,0.01,0.0,0.0
25,48,21.71,79.77,1.82526,1.44992,0.41346,-0.48777,100,348.04492,0.79761,3.45656,0.075,0.015,0.8825,0.0275,0.0,0.0
25,49,21.71,79.79,1.89103,1.4172,0.34207,-0.45099,100,343.92764,0.77011,4.39416,0.075,0.0275,0.87,0.025,0.0,0.0025
25,50,21.71,79.81,1.91875,1.40979,0.35064,-0.46423,100,343.16959,0.68761,3.31262,0.04,0.0625,0.87,0.015,0.0025,0.01
25,51,21.71,79.83,1.87623,1.43145,0.3729,-0.47448,100,337.52913,0.75918,3.46855,0.095,0.065,0.8,0.0175,0.0,0.0225
25,52,21.71,79.85,1.92387,1.38798,0.32503,-0.4405,100,331.0575,0.74812,3.61791,0.065,0.065,0.83,0.035,0.0,0.005
25,53,21.71,79.87,1.89369,1.37857,0.29781,-0.43267,100,327.2863,0.72958,3.49624,0.025,0.07,0.9,0.0025,0.0,0.0025
25,54,21.71,79.89,1.80514,1.42541,0.31684,-0.43304,100,319.90626,0.7642,3.44412,0.07,0.055,0.8375,0.0375,0.0,0.0
25,55,21.71,79.91,1.85508,1.41936,0.40072,-0.47709,100,317.38378,0.95345,5.17682,0.325,0.1925,0.4775,0.0,0.005,0.0
25,56,21.71,79.93,1.73378,1.46926,0.44558,-0.48079,100,320.5345,0.97762,4.95176,0.3125,0.1425,0.525,0.005,0.0,0.015
25,57,21.71,79.95,1.92829,1.52479,0.42693,-0.51602,100,332.75574,2.42148,8.57667,0.74,0.2025,0.0425,0.0025,0.0,0.0125
25,58,21.71,79.97,1.84175,1.46778,0.43204,-0.48837,100,306.19662,1.95956,14.06348,0.25,0.145,0.56,0.0225,0.0,0.0225
25,59,21.71,79.99,1.96351,1.42055,0.37613,-0.46685,100,291.64592,0.35207,2.88064,0.08,0.0,0.9175,0.0025,0.0,0.0
25,60,21.71,80.01,1.89192,1.38076,0.34364,-0.44894,100,287.98532,0.80693,3.29073,0.075,0.12,0.76,0.005,0.01,0.03
25,61,21.71,80.03,1.84131,1.34115,0.29482,-0.41437,100,291.21298,1.04406,4.36933,0.1925,0.11,0.6225,0.0225,0.0325,0.02
25,62,21.71,80.05,1.69667,1.407,0.33309,-0.42902,100,295.68374,0.71429,2.79203,0.135,0.005,0.8175,0.0425,0.0,0.0
25,63,21.71,80.07,1.66074,1.42776,0.36532,-0.44283,100,302.19327,0.92759,3.84072,0.275,0.18,0.52,0.0225,0.0,0.0025
25,64,21.71,80.09,1.6771,1.41044,0.34255,-0.42885,100,306.30363,1.76628,8.24102,0.2325,0.185,0.5625,0.0175,0.0,0.0025
25,65,21.71,80.11,1.71931,1.41563,0.33237,-0.41782,100,308.93338,1.86346,13.16729,0.14,0.0625,0.7725,0.0175,0.0,0.0075
25,66,21.71,80.13,1.63115,1.46151,0.37054,-0.44251,100,314.49857,3.5521,26.6934,0.2675,0.095,0.5975,0.025,0.0025,0.0125
25,67,21.71,80.15,1.57458,1.4042,0.34324,-0.42006,100,299.04132,1.26912,6.75692,0.1325,0.27,0.57,0.025,0.0,0.0025
25,68,21.71,80.17,1.51038,1.41911,0.33933,-0.40456,100,288.86336,1.47185,5.08576,0.365,0.2,0.36,0.0075,0.0025,0.065
25,69,21.71,80.19,1.43451,1.46929,0.37561,-0.43588,100,289.29093,1.21536,4.24143,0.6775,0.09,0.1825,0.0125,0.0025,0.035
25,70,21.71,80.21,1.30803,1.46067,0.4003,-0.40572,100,293.49952,0.37272,1.96888,0.15,0.0,0.815,0.03,0.0,0.005
25,71,21.71,80.23,1.38267,1.39844,0.37702,-0.39488,100,293.01952,0.58835,2.39865,0.235,0.0625,0.665,0.035,0.0,0.0025
25,72,21.71,80.25,1.53322,1.40625,0.37051,-0.43229,100,290.70253,0.95926,3.22145,0.435,0.1125,0.44,0.0125,0.0,0.0
25,73,21.71,80.27,1.61882,1.397,0.33736,-0.40743,100,295.89088,0.5535,3.10199,0.03,0.035,0.8975,0.0275,0.0,0.01
25,74,21.71,80.29,1.55545,1.451,0.39265,-0.44556,100,296.44476,0.48022,2.28101,0.08,0.02,0.8725,0.02,0.0,0.0075
25,75,21.71,80.31,1.57473,1.43431,0.39202,-0.45064,100,293.95331,0.73862,2.32725,0.2225,0.1175,0.64,0.02,0.0,0.0
25,76,21.71,80.33,1.65184,1.40356,0.34034,-0.4347,100,295.76229,0.8803,2.79532,0.16,0.11,0.73,0.0,0.0,0.0
25,77,21.71,80.35,1.61666,1.42387,0.3864,-0.45306,100,299.88134,0.67066,2.83073,0.065,0.0475,0.8775,0.01,0.0,0.0
25,78,21.71,80.37,1.60749,1.42029,0.38626,-0.44549,100,303.5086,0.57618,2.38761,0.1175,0.1675,0.7,0.015,0.0,0.0
25,79,21.71,80.39,1.69007,1.41591,0.38158,-0.45554,100,299.47193,0.9266,5.49165,0.455,0.12,0.41,0.0,0.0125,0.0025
25,80,21.71,80.41,1.64821,1.47843,0.4067,-0.48572,100,302.67554,1.36203,5.23677,0.7075,0.095,0.155,0.01,0.0225,0.01
25,81,21.71,80.43,1.77102,1.51169,0.37904,-0.48349,100,312.15345,2.7169,12.02492,0.85,0.1175,0.02,0.0,0.0125,0.0
25,82,21.71,80.45,1.72927,1.5387,0.41754,-0.50133,100,315.99006,1.82107,9.63703,0.7625,0.1025,0.12,0.005,0.005,0.005
25,83,21.71,80.47,1.5149,1.76556,0.55602,-0.55075,100,400.0974,9.56049,95.86456,0.995,0.005,0.0,0.0,0.0,0.0
25,84,21.71,80.49,1.51629,1.71298,0.55309,-0.56921,100,629.92959,9.72795,45.85207,0.895,0.08,0.025,0.0,0.0,0.0
25,85,21.71,80.51,1.47796,1.70363,0.57178,-0.58965,100,666.00021,6.90979,30.66081,0.945,0.05,0.005,0.0,0.0,0.0
25,86,21.71,80.53,1.70752,1.57114,0.47044,-0.54565,100,640.81315,8.57131,33.93431,0.7125,0.2475,0.04,0.0,0.0,0.0
25,87,21.71,80.55,1.78998,1.45627,0.37946,-0.48301,100,607.16661,7.5211,25.95115,0.595,0.2625,0.14,0.0,0.0025,0.0
25,88,21.71,80.57,1.71937,1.48091,0.40907,-0.49844,100,627.04429,6.56072,25.1531,0.6375,0.26,0.1025,0.0,0.0,0.0
25,89,21.71,80.59,1.5221,1.71521,0.56034,-0.58922,100,660.28004,7.1364,26.82796,0.83,0.1525,0.0175,0.0,0.0,0.0
26,0,21.73,78.81,1.69889,1.34463,0.39222,-0.45836,100,354.50359,1.84516,6.06956,0.075,0.1775,0.65,0.0075,0.0725,0.0175
26,1,21.73,78.83,1.68464,1.38086,0.42499,-0.47236,100,356.1858,1.26736,5.38127,0.1,0.06,0.8325,0.0075,0.0,0.0
26,2,21.73,78.85,1.60413,1.44321,0.44887,-0.48199,100,364.27796,1.54435,8.15793,0.145,0.09,0.755,0.005,0.0025,0.0025
26,3,21.73,78.87,1.61648,1.46989,0.46189,-0.47324,100,397.49437,4.44963,27.37068,0.3325,0.2125,0.455,0.0,0.0,0.0
26,4,21.73,78.89,1.59056,1.56236,0.46075,-0.47378,100,463.87263,9.24809,52.01999,0.6625,0.23,0.1075,0.0,0.0,0.0
26,5,21.73,78.91,1.60907,1.45511,0.44562,-0.47757,100,414.05416,4.66515,37.97441,0.305,0.24,0.4475,0.0075,0.0,0.0
26,6,21.73,78.93,1.56587,1.6174,0.50102,-0.48047,100,433.31554,7.06057,32.88682,0.8175,0.1,0.0825,0.0,0.0,0.0
26,7,21.73,78.95,1.56086,1.54606,0.47654,-0.48468,100,418.7791,3.61789,16.84175,0.8825,0.07,0.0475,0.0,0.0,0.0
26,8,21.73,78.97,1.61203,1.44204,0.41734,-0.4632,100,415.14055,5.07306,20.34814,0.67,0.23,0.1,0.0,0.0,0.0
26,9,21.73,78.99,1.5907,1.56868,0.47186,-0.48609,100,442.68139,7.45118,32.72239,0.71,0.2375,0.0525,0.0,0.0,0.0
26,10,21.73,79.01,1.50428,1.6681,0.5341,-0.50701,100,473.17179,8.53228,33.18109,0.9075,0.08,0.0125,0.0,0.0,0.0
26,11,21.73,79.03,1.68284,1.57832,0.45309,-0.48834,100,501.96606,7.06894,33.68586,0.8075,0.155,0.0375,0.0,0.0,0.0
26,12,21.73,79.05,1.74437,1.50553,0.40622,-0.47632,100,538.52331,5.12005,28.29962,0.44,0.215,0.345,0.0,0.0,0.0
26,13,21.73,79.07,1.84253,1.39546,0.30347,-0.43578,100,565.11917,3.38962,17.5675,0.1175,0.1125,0.7675,0.0025,0.0,0.0
26,14,21.73,79.09,1.84203,1.42264,0.29371,-0.43339,100,570.97911,2.19106,10.98011,0.0475,0.085,0.865,0.0025,0.0,0.0
26,15,21.73,79.11,1.75738,1.41239,0.30819,-0.43122,100,551.81261,2.55764,12.14209,0.07,0.195,0.73,0.005,0.0,0.0
26,16,21.73,79.13,1.71504,1.45091,0.335,-0.44823,100,544.48489,2.49844,15.63617,0.3625,0.245,0.38,0.0,0.0,0.0125
26,17,21.73,79.15,1.64282,1.51908,0.42517,-0.49263,100,517.27701,3.29222,14.56601,0.625,0.125,0.245,0.005,0.0,0.0
26,18,21.73,79.17,1.74264,1.50879,0.4465,-0.49919,100,505.84328,4.06829,17.87171,0.715,0.07,0.01,0.0,0.0,0.205
26,19,21.73,79.19,1.75134,1.46874,0.39503,-0.45672,100,501.11083,2.14052,12.60126,0.6325,0.1375,0.0075,0.0,0.0,0.2225
26,20,21.73,79.21,1.03683,1.29297,0.01,0.15091,100,489.37862,1.54222,6.33572,0.1925,0.16,0.015,0.0,0.0,0.6325
26,21,21.73,79.23,0.73626,1.18668,-0.26151,0.57566,100,485.72461,0.19939,1.8358,0.015,0.01,0.0025,0.0,0.0,0.9725
26,22,21.73,79.25,1.65745,1.43635,0.31237,-0.36479,100,497.37819,2.33894,15.35781,0.3975,0.13,0.0,0.0,0.0,0.4725
26,23,21.73,79.27,1.9147,1.51669,0.45184,-0.5144,100,510.98427,2.64347,16.15172,0.7475,0.1425,0.015,0.0,0.0,0.095
26,24,21.73,79.29,1.87777,1.60452,0.50304,-0.54936,100,509.21036,2.87656,17.92749,1.0,0.0,0.0,0.0,0.0,0.0
26,25,21.73,79.31,1.85667,1.57035,0.47839,-0.54271,100,476.56282,2.55203,9.42851,0.985,0.015,0.0,0.0,0.0,0.0
26,26,21.73,79.33,1.81518,1.55102,0.47533,-0.54782,100,456.40369,1.64564,7.98934,0.9725,0.01,0.0175,0.0,0.0,0.0
26,27,21.73,79.35,1.86092,1.44553,0.40156,-0.50233,100,438.43266,1.18424,7.21938,0.6125,0.225,0.155,0.0075,0.0,0.0
26,28,21.73,79.37,1.83875,1.37755,0.34554,-0.44746,100,422.75565,0.98786,4.95714,0.2875,0.2475,0.425,0.04,0.0,0.0
26,29,21.73,79.39,1.86809,1.44293,0.39004,-0.49166,100,418.37579,1.49015,7.37492,0.6075,0.1275,0.26,0.005,0.0,0.0
26,30,21.73,79.41,1.88497,1.39165,0.35478,-0.46843,100,411.15373,1.55204,8.71366,0.465,0.2125,0.3,0.0225,0.0,0.0
26,31,21.73,79.43,1.91844,1.39143,0.32694,-0.4594,100,400.55441,1.43369,7.88107,0.3675,0.2525,0.3775,0.0025,0.0,0.0
26,32,21.73,79.45,1.89045,1.37845,0.32575,-0.44263,100,393.2793,1.42218,5.90568,0.385,0.2725,0.305,0.0375,0.0,0.0
26,33,21.73,79.47,1.97267,1.40122,0.3071,-0.45909,100,395.25025,1.16285,4.51905,0.38,0.25,0.3375,0.0275,0.0,0.005
26,34,21.73,79.49,1.98207,1.46206,0.35615,-0.48549,100,392.58911,1.36928,6.17532,0.5975,0.1725,0.23,0.0,0.0,0.0
26,35,21.73,79.51,1.86553,1.3487,0.3045,-0.42136,100,382.99693,1.22332,4.88765,0.265,0.23,0.4975,0.0,0.0025,0.005
26,36,21.73,79.53,1.89632,1.39555,0.34874,-0.46432,100,391.71284,1.22196,5.54567,0.4325,0.12,0.4375,0.005,0.0,0.005
26,37,21.73,79.55,1.97089,1.52802,0.39015,-0.50114,100,395.65242,1.49714,8.26852,0.9725,0.0275,0.0,0.0,0.0,0.0
26,38,21.73,79.57,1.92181,1.53016,0.40549,-0.49972,100,396.50036,1.68889,6.94138,0.975,0.01,0.015,0.0,0.0,0.0
26,39,21.73,79.59,1.95481,1.4623,0.34491,-0.47169,100,382.88385,1.68949,8.20854,0.6275,0.25,0.12,0.0025,0.0,0.0
26,40,21.73,79.61,2.00097,1.51702,0.38819,-0.50945,100,372.36545,1.46864,5.08341,0.875,0.125,0.0,0.0,0.0,0.0
26,41,21.73,79.63,2.0419,1.56675,0.39822,-0.50909,100,378.14119,3.83333,15.84976,0.9625,0.0375,0.0,0.0,0.0,0.0
26,42,21.73,79.65,2.02718,1.50944,0.36361,-0.4909,100,357.9841,1.78728,6.96578,0.7925,0.155,0.0525,0.0,0.0,0.0
26,43,21.73,79.67,1.85466,1.33445,0.2917,-0.41592,100,347.55172,1.06586,4.39304,0.0575,0.055,0.8575,0.0275,0.0,0.0025
26,44,21.73,79.69,1.94464,1.37417,0.32326,-0.45166,100,345.59782,1.17961,3.97473,0.2525,0.4025,0.345,0.0,0.0,0.0
26,45,21.73,79.71,1.99767,1.41451,0.32709,-0.45466,100,349.4255,1.21649,4.07637,0.2725,0.635,0.09,0.0,0.0,0.0025
26,46,21.73,79.73,1.90797,1.40012,0.33622,-0.45861,100,347.99695,1.02531,4.83061,0.1925,0.4,0.38,0.0175,0.0,0.01
26,47,21.73,79.75,1.84936,1.44127,0.38131,-0.46954,100,352.67366,0.66824,3.07775,0.055,0.0725,0.845,0.02,0.005,0.0025
26,48,21.73,79.77,1.85697,1.44772,0.38337,-0.4753,100,347.92767,0.72795,3.2989,0.095,0.13,0.7525,0.0075,0.0,0.015
26,49,21.73,79.79,1.88499,1.41306,0.36652,-0.46228,100,341.14062,0.72538,3.18104,0.0675,0.0825,0.8325,0.01,0.0,0.0075
26,50,21.73,79.81,1.90501,1.39184,0.31996,-0.43856,100,335.21718,0.71426,3.44281,0.0725,0.1125,0.8075,0.005,0.0,0.0025
26,51,21.73,79.83,1.92353,1.36843,0.30595,-0.43164,100,333.75337,0.84561,4.93184,0.1075,0.265,0.6075,0.0175,0.0,0.0025
26,52,21.73,79.85,1.927,1.39265,0.32059,-0.44101,100,330.77645,0.81015,3.86994,0.065,0.1275,0.805,0.0,0.0,0.0025
26,53,21.73,79.87,1.86064,1.41313,0.40233,-0.48811,100,321.4204,0.84229,3.77402,0.1075,0.1025,0.75,0.025,0.005,0.01
26,54,21.73,79.89,1.87533,1.39495,0.38067,-0.47142,100,319.52022,0.65717,4.0162,0.0625,0.0325,0.86,0.0275,0.0075,0.01
26,55,21.73,79.91,1.90454,1.33695,0.30232,-0.41759,100,317.73351,0.64852,4.17056,0.0175,0.035,0.9025,0.0375,0.0025,0.005
26,56,21.73,79.93,1.81694,1.3932,0.38913,-0.46417,100,314.72605,0.98201,4.10322,0.2225,0.2175,0.545,0.0125,0.0,0.0025
26,57,21.73,79.95,1.73472,1.481,0.42637,-0.46439,100,314.57608,1.06517,5.83358,0.275,0.045,0.6575,0.0125,0.0,0.01
26,58,21.73,79.97,1.91351,1.413,0.37181,-0.45859,100,311.79333,1.38558,7.30672,0.245,0.345,0.3675,0.015,0.0,0.0275
26,59,21.73,79.99,1.88181,1.43133,0.40838,-0.48056,100,306.24904,1.52467,11.40629,0.29,0.21,0.4725,0.0125,0.0,0.015
26,60,21.73,80.01,1.88567,1.3369,0.31351,-0.42459,100,296.78854,0.61765,3.5346,0.14,0.0375,0.76,0.0575,0.0,0.005
26,61,21.73,80.03,1.81652,1.34169,0.3017,-0.40656,100,289.56963,0.77967,2.86397,0.0825,0.065,0.7825,0.0125,0.0375,0.02
26,62,21.73,80.05,1.59648,1.38896,0.35931,-0.42336,100,289.30281,0.67195,2.21603,0.1025,0.045,0.7975,0.0025,0.03,0.0225
26,63,21.73,80.07,1.61406,1.43611,0.39608,-0.45526,100,293.50548,0.66126,2.62067,0.2825,0.0075,0.7,0.01,0.0,0.0
26,64,21.73,80.09,1.61669,1.44856,0.39383,-0.45822,100,300.10888,0.90585,4.07011,0.2925,0.04,0.6375,0.03,0.0,0.0
26,65,21.73,80.11,1.62332,1.46009,0.37975,-0.45337,100,310.48257,1.54214,10.60037,0.27,0.105,0.6025,0.02,0.0,0.0025
26,66,21.73,80.13,1.59176,1.45267,0.36688,-0.43787,100,312.67113,1.81144,10.2113,0.4125,0.1675,0.4175,0.0025,0.0,0.0
26,67,21.73,80.15,1.51736,1.46559,0.37774,-0.45017,100,302.61448,1.32103,6.99793,0.5925,0.245,0.1625,0.0,0.0,0.0
26,68,21.73,80.17,1.55511,1.40097,0.3116,-0.39849,100,293.99372,1.15912,4.16473,0.39,0.1475,0.43,0.015,0.0025,0.015
26,69,21.73,80.19,1.36584,1.47256,0.4011,-0.43783,100,290.12856,1.38413,5.42141,0.495,0.1275,0.31,0.0,0.015,0.0525
26,70,21.73,80.21,1.24452,1.57034,0.48087,-0.42858,100,295.55078,0.30286,1.69098,0.1075,0.0025,0.885,0.005,0.0,0.0
26,71,21.73,80.23,1.28794,1.49154,0.47212,-0.44228,100,294.72097,0.48006,1.37553,0.24,0.0,0.7225,0.0375,0.0,0.0
26,72,21.73,80.25,1.57229,1.41007,0.3591,-0.42656,100,291.04571,0.88547,2.59453,0.305,0.2025,0.4925,0.0,0.0,0.0
26,73,21.73,80.27,1.61232,1.36345,0.32512,-0.39714,100,296.59415,0.67569,3.97084,0.065,0.1025,0.7525,0.0725,0.0,0.0075
26,74,21.73,80.29,1.65606,1.37281,0.31654,-0.4083,100,301.53587,0.7142,3.25957,0.0525,0.0825,0.85,0.01,0.0,0.005
26,75,21.73,80.31,1.63618,1.38917,0.34532,-0.42311,100,298.14903,0.8036,3.45714,0.1575,0.0525,0.7725,0.0175,0.0,0.0
26,76,21.73,80.33,1.55005,1.45476,0.39438,-0.44959,100,299.63973,0.62737,2.13334,0.1775,0.055,0.755,0.0125,0.0,0.0
26,77,21.73,80.35,1.55441,1.40221,0.39681,-0.46081,100,300.47273,0.81628,3.12452,0.1725,0.065,0.7275,0.035,0.0,0.0
26,78,21.73,80.37,1.58302,1.41112,0.3976,-0.45799,100,302.87486,0.80903,3.1982,0.12,0.085,0.7675,0.0275,0.0,0.0
26,79,21.73,80.39,1.61906,1.40639,0.39415,-0.45249,100,306.52477,0.67962,2.64842,0.1375,0.02,0.825,0.0175,0.0,0.0
26,80,21.73,80.41,1.66191,1.43575,0.38001,-0.46593,100,310.99421,0.85821,3.18536,0.585,0.0875,0.3225,0.005,0.0,0.0
26,81,21.73,80.43,1.50243,1.68081,0.51148,-0.5449,100,315.65128,0.76105,2.62815,0.8775,0.015,0.1075,0.0,0.0,0.0
26,82,21.73,80.45,1.57816,1.65067,0.51293,-0.54668,100,315.97112,1.87436,13.6648,0.83,0.0325,0.135,0.0,0.0025,0.0
26,83,21.73,80.47,1.64661,1.58136,0.48777,-0.52398,100,326.06177,4.61358,24.40242,0.7725,0.07,0.145,0.005,0.0075,0.0
26,84,21.73,80.49,1.38442,1.82336,0.61439,-0.59264,100,557.15991,11.87232,54.62679,1.0,0.0,0.0,0.0,0.0,0.0
26,85,21.73,80.51,1.42145,1.7694,0.60439,-0.60065,100,625.10674,8.23293,41.88349,0.925,0.07,0.005,0.0,0.0,0.0
26,86,21.73,80.53,1.73507,1.5037,0.43592,-0.51363,100,613.33763,8.48295,35.52823,0.68,0.245,0.065,0.0,0.01,0.0
26,87,21.73,80.55,1.73067,1.47963,0.40106,-0.49175,100,610.59558,7.75605,30.44639,0.6325,0.235,0.13,0.0,0.0025,0.0
26,88,21.73,80.57,1.51151,1.722,0.57938,-0.5928,100,642.79981,6.18035,27.76335,0.845,0.115,0.04,0.0,0.0,0.0
26,89,21.73,80.59,1.54438,1.65999,0.55317,-0.58364,100,656.51539,6.10835,46.03704,0.75,0.13,0.1175,0.0,0.0,0.0025
27,0,21.75,78.81,1.74573,1.35559,0.3773,-0.45155,100,369.29083,2.72093,14.78129,0.3325,0.2175,0.405,0.0,0.015,0.03
27,1,21.75,78.83,1.66568,1.39859,0.43202,-0.46675,100,373.05038,1.22144,6.937,0.3,0.025,0.67,0.005,0.0,0.0
27,2,21.75,78.85,1.65003,1.49322,0.45851,-0.48275,100,394.87199,4.3095,27.46143,0.665,0.135,0.2,0.0,0.0,0.0
27,3,21.75,78.87,1.60237,1.55147,0.50901,-0.50596,100,412.16643,3.65728,29.24727,0.685,0.0425,0.27,0.0025,0.0,0.0
27,4,21.75,78.89,1.55241,1.66686,0.52063,-0.50196,100,484.06175,8.62194,55.29477,0.755,0.1425,0.1025,0.0,0.0,0.0
27,5,21.75,78.91,1.53204,1.67558,0.51643,-0.50337,100,497.37084,9.40819,49.07825,0.745,0.2275,0.0275,0.0,0.0,0.0
27,6,21.75,78.93,1.56738,1.54783,0.47436,-0.48633,100,459.9329,5.54371,26.75656,0.6475,0.195,0.155,0.0025,0.0,0.0
27,7,21.75,78.95,1.69262,1.42513,0.41877,-0.46528,100,430.80488,2.04426,7.93146,0.5325,0.1825,0.285,0.0,0.0,0.0
27,8,21.75,78.97,1.56335,1.60279,0.49706,-0.49803,100,463.97657,5.37834,31.47342,0.975,0.025,0.0,0.0,0.0,0.0
27,9,21.75,78.99,1.54837,1.69047,0.5361,-0.52375,100,486.50711,7.54295,36.17569,0.925,0.07,0.005,0.0,0.0,0.0
27,10,21.75,79.01,1.61594,1.62054,0.51214,-0.51766,100,478.80243,7.16253,33.32296,0.69,0.1975,0.1125,0.0,0.0,0.0
27,11,21.75,79.03,1.56281,1.66838,0.52693,-0.52931,100,516.95082,8.49297,31.57976,0.8375,0.1275,0.035,0.0,0.0,0.0
27,12,21.75,79.05,1.64273,1.53731,0.45086,-0.4969,100,538.74225,6.55691,31.69257,0.6075,0.31,0.0825,0.0,0.0,0.0
27,13,21.75,79.07,1.86511,1.38807,0.29888,-0.43178,100,572.16337,2.56451,15.50755,0.135,0.1,0.765,0.0,0.0,0.0
27,14,21.75,79.09,1.87125,1.36896,0.26004,-0.40018,100,579.78673,1.81933,8.95914,0.0525,0.0675,0.88,0.0,0.0,0.0
27,15,21.75,79.11,1.787,1.42903,0.33383,-0.44974,100,562.70816,2.5285,9.93315,0.105,0.05,0.845,0.0,0.0,0.0
27,16,21.75,79.13,1.75502,1.46994,0.35825,-0.46378,100,580.2683,2.9082,11.3621,0.4925,0.0525,0.455,0.0,0.0,0.0
27,17,21.75,79.15,1.67128,1.52636,0.40034,-0.48423,100,563.36851,4.79419,21.93832,0.855,0.1025,0.0425,0.0,0.0,0.0
27,18,21.75,79.17,1.8475,1.48728,0.4105,-0.47919,100,558.1845,4.52211,26.83122,0.615,0.075,0.3075,0.0025,0.0,0.0
27,19,21.75,79.19,1.79841,1.52817,0.48433,-0.52323,100,522.68938,3.24371,21.13845,0.9125,0.0425,0.045,0.0,0.0,0.0
27,20,21.75,79.21,1.54444,1.4196,0.33964,-0.36948,100,493.87219,1.92429,9.11131,0.425,0.155,0.005,0.0,0.0,0.415
27,21,21.75,79.23,0.79896,1.20923,-0.32211,0.59386,100,485.75299,0.20078,1.48703,0.0125,0.0375,0.0075,0.0,0.0,0.9425
27,22,21.75,79.25,1.8315,1.56188,0.45817,-0.53096,100,499.90369,2.07128,10.64401,0.655,0.145,0.0125,0.0,0.0,0.1875
27,23,21.75,79.27,1.87579,1.58906,0.49744,-0.54808,100,526.19018,3.61059,18.17104,0.9925,0.0075,0.0,0.0,0.0,0.0
27,24,21.75,79.29,1.85386,1.6098,0.51145,-0.55131,100,536.95547,5.15328,32.58646,0.995,0.005,0.0,0.0,0.0,0.0
27,25,21.75,79.31,1.85723,1.56324,0.48319,-0.53871,100,490.49472,2.48023,22.04416,0.9925,0.0075,0.0,0.0,0.0,0.0
27,26,21.75,79.33,1.83847,1.54852,0.4749,-0.53423,100,468.87977,2.63379,12.67164,0.99,0.0075,0.0025,0.0,0.0,0.0
27,27,21.75,79.35,1.85841,1.51866,0.45175,-0.53083,100,444.80982,1.58765,8.92897,0.9225,0.07,0.0075,0.0,0.0,0.0
27,28,21.75,79.37,1.88689,1.38628,0.33661,-0.44818,100,427.28141,1.39479,8.18885,0.305,0.25,0.44,0.005,0.0,0.0
27,29,21.75,79.39,1.94388,1.40505,0.35753,-0.47424,100,418.92335,1.2849,5.62204,0.3925,0.2375,0.365,0.005,0.0,0.0
27,30,21.75,79.41,1.88909,1.38704,0.34188,-0.45061,100,411.05331,0.92651,5.8746,0.3475,0.2225,0.43,0.0,0.0,0.0
27,31,21.75,79.43,1.89254,1.38339,0.33796,-0.45187,100,404.44397,0.92137,4.79094,0.345,0.3325,0.31,0.0125,0.0,0.0
27,32,21.75,79.45,1.86611,1.39147,0.31759,-0.44033,100,405.72917,1.24376,5.09378,0.2725,0.175,0.5425,0.0075,0.0,0.0025
27,33,21.75,79.47,1.94564,1.44839,0.36504,-0.48171,100,410.76855,1.47491,6.53007,0.6675,0.1925,0.1225,0.0075,0.0,0.01
27,34,21.75,79.49,1.95611,1.42748,0.35258,-0.4851,100,398.35938,1.40614,6.38182,0.6025,0.22,0.1725,0.005,0.0,0.0
27,35,21.75,79.51,1.90286,1.36776,0.32839,-0.44772,100,390.59627,1.30775,5.5311,0.38,0.275,0.3225,0.0125,0.01,0.0
27,36,21.75,79.53,1.96017,1.51206,0.38761,-0.50876,100,400.97474,1.46665,5.9114,0.825,0.1325,0.0425,0.0,0.0,0.0
27,37,21.75,79.55,2.00387,1.55296,0.42207,-0.52574,100,412.98308,1.61109,5.45931,0.975,0.025,0.0,0.0,0.0,0.0
27,38,21.75,79.57,2.02805,1.5505,0.43141,-0.52994,100,416.34769,2.15823,13.16944,0.9375,0.045,0.0175,0.0,0.0,0.0
27,39,21.75,79.59,2.02769,1.53312,0.42238,-0.52314,100,401.89047,2.5121,19.59452,0.91,0.035,0.055,0.0,0.0,0.0
27,40,21.75,79.61,1.91403,1.48533,0.37293,-0.48003,100,390.5431,2.50343,15.14417,0.7325,0.1175,0.15,0.0,0.0,0.0
27,41,21.75,79.63,2.01755,1.54833,0.39334,-0.50735,100,382.67814,2.04796,7.44545,0.9775,0.0225,0.0,0.0,0.0,0.0
27,42,21.75,79.65,2.05021,1.48431,0.35989,-0.49469,100,366.94173,1.42725,6.04739,0.64,0.1725,0.1825,0.005,0.0,0.0
27,43,21.75,79.67,1.87738,1.37453,0.32347,-0.43687,100,357.9937,0.8423,4.57067,0.1675,0.2925,0.47,0.0125,0.0,0.0575
27,44,21.75,79.69,1.94579,1.39791,0.33075,-0.45609,100,356.78327,1.0173,5.05428,0.3175,0.355,0.32,0.0075,0.0,0.0
27,45,21.75,79.71,1.83359,1.43645,0.3715,-0.45836,100,356.86921,0.71614,2.69607,0.0675,0.0175,0.89,0.025,0.0,0.0
27,46,21.75,79.73,1.83155,1.45907,0.39624,-0.47296,100,350.47612,0.52782,2.55654,0.03,0.0225,0.94,0.0075,0.0,0.0
27,47,21.75,79.75,1.86881,1.43889,0.36839,-0.46076,100,345.72631,0.60937,2.32241,0.0575,0.0275,0.895,0.02,0.0,0.0
27,48,21.75,79.77,1.85379,1.42814,0.37794,-0.46481,100,341.26886,0.69122,2.33008,0.1125,0.0725,0.7925,0.0175,0.0,0.005
27,49,21.75,79.79,1.84285,1.39276,0.35068,-0.45141,100,337.1252,0.77473,2.68874,0.11,0.07,0.7725,0.04,0.0025,0.005
27,50,21.75,79.81,1.84935,1.38283,0.36053,-0.44817,100,335.25404,0.90386,3.79197,0.09,0.1,0.7475,0.0475,0.0125,0.0025
27,51,21.75,79.83,1.77196,1.41509,0.44926,-0.49997,100,331.28721,0.62232,2.8025,0.13,0.0525,0.7975,0.01,0.01,0.0
27,52,21.75,79.85,1.83578,1.42089,0.413,-0.48926,100,327.17512,0.7965,3.28884,0.1325,0.05,0.7775,0.0375,0.0,0.0025
27,53,21.75,79.87,1.82744,1.43762,0.42374,-0.50125,100,324.89191,0.52117,2.88816,0.1125,0.0425,0.8375,0.0025,0.005,0.0
27,54,21.75,79.89,1.91035,1.34875,0.31153,-0.43445,100,326.22356,0.84096,3.89428,0.1275,0.135,0.715,0.0125,0.005,0.005
27,55,21.75,79.91,1.92694,1.35468,0.29977,-0.43137,100,317.25374,0.83121,3.68449,0.075,0.2075,0.7125,0.0025,0.0025,0.0
27,56,21.75,79.93,1.8898,1.37331,0.34478,-0.4515,100,312.11016,0.84653,3.94223,0.2175,0.095,0.6775,0.005,0.005,0.0
27,57,21.75,79.95,1.90622,1.36775,0.35262,-0.45447,100,311.39664,0.95195,4.98408,0.2875,0.2525,0.45,0.0,0.005,0.005
27,58,21.75,79.97,1.90976,1.32868,0.32608,-0.43234,100,309.6579,1.35935,5.39624,0.1375,0.37,0.48,0.0125,0.0,0.0
27,59,21.75,79.99,1.93812,1.35524,0.32031,-0.44003,100,317.10538,1.37299,5.48203,0.2675,0.36,0.3375,0.0,0.0,0.035
27,60,21.75,80.01,1.80559,1.40592,0.37588,-0.44856,100,303.5608,0.92182,6.7964,0.2225,0.1075,0.6375,0.0175,0.0,0.015
27,61,21.75,80.03,1.7251,1.37041,0.35355,-0.41611,100,294.94963,0.68365,2.78851,0.09,0.05,0.805,0.0375,0.0075,0.01
27,62,21.75,80.05,1.67374,1.29828,0.2772,-0.37516,100,294.12855,0.92385,4.54522,0.09,0.1175,0.615,0.14,0.015,0.0225
27,63,21.75,80.07,1.66339,1.37812,0.34238,-0.41544,100,296.07367,0.69644,2.82,0.205,0.0325,0.6975,0.0625,0.0,0.0025
27,64,21.75,80.09,1.61594,1.43704,0.39683,-0.45658,100,301.15501,0.83213,3.42702,0.395,0.0425,0.5525,0.0075,0.0,0.0025
27,65,21.75,80.11,1.64068,1.44941,0.39457,-0.45587,100,308.3428,1.23885,4.40361,0.37,0.1675,0.445,0.0075,0.0025,0.0075
27,66,21.75,80.13,1.61005,1.39657,0.32379,-0.42059,100,313.21071,0.99365,4.77855,0.3725,0.2475,0.375,0.0025,0.0,0.0025
27,67,21.75,80.15,1.49946,1.48363,0.39182,-0.44528,100,314.65528,2.91882,12.08254,0.565,0.065,0.3525,0.01,0.0,0.0075
27,68,21.75,80.17,1.55374,1.40041,0.33284,-0.40722,100,295.29343,1.28813,6.11063,0.215,0.1,0.595,0.0225,0.0125,0.055
27,69,21.75,80.19,1.32952,1.46772,0.44292,-0.44462,100,295.16316,0.83905,4.38652,0.2775,0.065,0.61,0.0325,0.0,0.015
27,70,21.75,80.21,1.3102,1.46231,0.4172,-0.40415,100,297.82505,0.28376,1.22543,0.0675,0.01,0.91,0.0125,0.0,0.0
27,71,21.75,80.23,1.35593,1.47175,0.42005,-0.43258,100,295.53829,0.62178,1.76102,0.3975,0.045,0.52,0.0375,0.0,0.0
27,72,21.75,80.25,1.52757,1.40189,0.36447,-0.42106,100,294.42513,0.82322,2.90533,0.28,0.18,0.5025,0.0375,0.0,0.0
27,73,21.75,80.27,1.48051,1.44063,0.43153,-0.46228,100,296.8868,0.51196,2.90728,0.12,0.0,0.8575,0.0225,0.0,0.0
27,74,21.75,80.29,1.63224,1.36708,0.33965,-0.42604,100,300.90787,0.74024,3.1294,0.1125,0.205,0.6575,0.02,0.0,0.005
27,75,21.75,80.31,1.66224,1.35987,0.33582,-0.41849,100,307.52874,0.8498,3.66823,0.085,0.0925,0.775,0.0375,0.0,0.01
27,76,21.75,80.33,1.63944,1.40531,0.35793,-0.43221,100,304.11614,0.8441,2.62583,0.125,0.0625,0.79,0.0225,0.0,0.0
27,77,21.75,80.35,1.58513,1.43624,0.41951,-0.46439,100,308.57812,0.70558,2.97895,0.1125,0.0275,0.845,0.01,0.0,0.005
27,78,21.75,80.37,1.45762,1.51535,0.51873,-0.51691,100,311.09869,0.70034,3.17017,0.2025,0.04,0.745,0.0125,0.0,0.0
27,79,21.75,80.39,1.58155,1.56207,0.48044,-0.52165,100,333.38527,4.42481,35.38021,0.69,0.075,0.235,0.0,0.0,0.0
27,80,21.75,80.41,1.58065,1.63496,0.49896,-0.54348,100,339.7567,4.55557,38.85356,0.855,0.0125,0.1325,0.0,0.0,0.0
27,81,21.75,80.43,1.56697,1.67511,0.50801,-0.54613,100,338.49715,4.07502,43.68338,0.7975,0.0225,0.18,0.0,0.0,0.0
27,82,21.75,80.45,1.53803,1.76659,0.56662,-0.56246,100,468.52758,14.39808,80.06412,0.9975,0.0025,0.0,0.0,0.0,0.0
27,83,21.75,80.47,1.54257,1.52187,0.5399,-0.54429,100,328.01711,4.55753,45.31004,0.4475,0.06,0.46,0.015,0.0175,0.0
27,84,21.75,80.49,1.35362,1.85906,0.63863,-0.60566,100,457.40211,11.24579,66.53602,0.98,0.0175,0.0025,0.0,0.0,0.0
27,85,21.75,80.51,1.39127,1.79439,0.62337,-0.60002,100,589.16378,8.99954,59.7964,0.94,0.06,0.0,0.0,0.0,0.0
27,86,21.75,80.53,1.79056,1.40106,0.36396,-0.47348,100,589.16303,6.00492,21.61641,0.4925,0.3625,0.1425,0.0,0.0025,0.0
27,87,21.75,80.55,1.6969,1.50272,0.42996,-0.51586,100,608.81786,7.69959,30.73682,0.5725,0.33,0.095,0.0,0.0025,0.0
27,88,21.75,80.57,1.47677,1.73842,0.57557,-0.59359,100,620.12134,6.62024,31.73883,0.845,0.1325,0.0225,0.0,0.0,0.0
27,89,21.75,80.59,1.68669,1.4292,0.36632,-0.4712,100,598.53086,3.8834,12.05512,0.5675,0.35,0.0825,0.0,0.0,0.0
28,0,21.77,78.81,1.70458,1.47403,0.45049,-0.48434,100,386.96215,3.27453,17.20032,0.5325,0.0925,0.3675,0.0075,0.0,0.0
28,1,21.77,78.83,1.6598,1.48631,0.47682,-0.49882,100,401.42329,2.73204,23.47583,0.5625,0.0525,0.3825,0.0025,0.0,0.0
28,2,21.77,78.85,1.63079,1.5366,0.49217,-0.49391,100,410.40518,3.64385,18.43137,0.645,0.14,0.215,0.0,0.0,0.0
28,3,21.77,78.87,1.58002,1.69317,0.53403,-0.51269,100,492.19345,9.98166,53.3383,0.9125,0.0875,0.0,0.0,0.0,0.0
28,4,21.77,78.89,1.68438,1.50882,0.4033,-0.47087,100,577.33278,7.08615,36.00417,0.5025,0.22,0.2775,0.0,0.0,0.0
28,5,21.77,78.91,1.54244,1.65755,0.52357,-0.51382,100,549.45704,8.27534,35.22098,0.7925,0.205,0.0025,0.0,0.0,0.0
28,6,21.77,78.93,1.60953,1.63179,0.50813,-0.50987,100,491.40613,6.7884,35.06661,0.7725,0.1525,0.075,0.0,0.0,0.0
28,7,21.77,78.95,1.75971,1.43209,0.43059,-0.49249,100,451.42191,2.82945,12.07429,0.345,0.3,0.355,0.0,0.0,0.0
28,8,21.77,78.97,1.68629,1.50639,0.44231,-0.4864,100,493.78031,5.85189,31.84009,0.605,0.3225,0.0725,0.0,0.0,0.0
28,9,21.77,78.99,1.55972,1.72928,0.55057,-0.54116,100,544.69277,8.4177,32.71052,0.9025,0.0675,0.03,0.0,0.0,0.0
28,10,21.77,79.01,1.65399,1.67105,0.50765,-0.52565,100,559.37863,6.24584,32.28135,0.6525,0.125,0.2225,0.0,0.0,0.0
28,11,21.77,79.03,1.63702,1.59447,0.45676,-0.49994,100,588.19405,6.58215,22.94821,0.67,0.2075,0.1225,0.0,0.0,0.0
28,12,21.77,79.05,1.6009,1.60266,0.47586,-0.5156,100,575.91047,6.6409,29.4023,0.7775,0.135,0.0875,0.0,0.0,0.0
28,13,21.77,79.07,1.80622,1.36516,0.27536,-0.41012,100,603.78338,3.61411,15.27547,0.21,0.1275,0.6625,0.0,0.0,0.0
28,14,21.77,79.09,1.83418,1.38498,0.31383,-0.43871,100,599.48885,2.93204,14.65079,0.28,0.0825,0.6375,0.0,0.0,0.0
28,15,21.77,79.11,1.87842,1.39922,0.30296,-0.43107,100,604.92848,2.40458,13.49651,0.1625,0.07,0.7675,0.0,0.0,0.0
28,16,21.77,79.13,1.78429,1.46094,0.36306,-0.46018,100,601.65727,2.20656,10.96246,0.225,0.0425,0.7325,0.0,0.0,0.0
28,17,21.77,79.15,1.77004,1.40413,0.31022,-0.42403,100,593.37191,2.70333,11.05085,0.21,0.1375,0.6475,0.0025,0.0,0.0025
28,18,21.77,79.17,1.88123,1.3855,0.28358,-0.41549,100,580.19133,4.36913,18.59471,0.4175,0.17,0.4125,0.0,0.0,0.0
28,19,21.77,79.19,1.83749,1.52816,0.47064,-0.52666,100,532.32006,3.76877,12.76973,0.9925,0.005,0.0025,0.0,0.0,0.0
28,20,21.77,79.21,1.76117,1.50604,0.45697,-0.52041,100,504.33375,2.55432,11.33688,0.7625,0.0975,0.0025,0.0,0.0,0.1375
28,21,21.77,79.23,1.38116,1.38899,0.23299,-0.21832,100,491.28908,1.27488,8.29739,0.3,0.14,0.0,0.0,0.0,0.56
28,22,21.77,79.25,1.19069,1.36679,-0.1006,0.23587,100,488.54301,0.98955,6.1035,0.1575,0.075,0.045,0.0,0.0,0.7225
28,23,21.77,79.27,1.64363,1.4716,0.4009,-0.42707,100,493.98078,1.81993,9.79866,0.405,0.1325,0.04,0.0,0.0,0.4225
28,24,21.77,79.29,1.85662,1.50039,0.42922,-0.51287,100,505.01205,2.17253,11.33536,0.6625,0.23,0.015,0.0,0.0,0.0925
28,25,21.77,79.31,1.8226,1.59399,0.51365,-0.5585,100,526.4068,2.01179,7.09754,0.9975,0.0025,0.0,0.0,0.0,0.0
28,26,21.77,79.33,1.83373,1.61739,0.5155,-0.53681,100,517.95712,3.41956,17.46508,1.0,0.0,0.0,0.0,0.0,0.0
28,27,21.77,79.35,1.86799,1.56378,0.49294,-0.52814,100,471.41578,2.68314,16.76552,0.9825,0.0,0.0,0.0,0.0,0.0175
28,28,21.77,79.37,1.88103,1.49041,0.45118,-0.51428,100,438.23684,1.95266,9.14423,0.6775,0.055,0.265,0.0025,0.0,0.0
28,29,21.77,79.39,1.93186,1.54684,0.46852,-0.52592,100,451.36454,2.90797,17.49813,0.85,0.04,0.11,0.0,0.0,0.0
28,30,21.77,79.41,1.92023,1.54113,0.4503,-0.52217,100,437.29884,1.84727,12.62135,0.9175,0.0725,0.005,0.0,0.0,0.005
28,31,21.77,79.43,1.96301,1.51586,0.43155,-0.53034,100,425.11869,1.47832,8.86171,0.765,0.1375,0.0975,0.0,0.0,0.0
28,32,21.77,79.45,1.87371,1.40964,0.3482,-0.46226,100,419.05214,1.29762,5.31822,0.335,0.215,0.4375,0.01,0.0,0.0025
28,33,21.77,79.47,1.96746,1.50012,0.40857,-0.51424,100,415.23371,1.63548,6.76301,0.7975,0.04,0.115,0.0475,0.0,0.0
28,34,21.77,79.49,1.92349,1.41431,0.34415,-0.47221,100,408.20281,1.70809,6.21706,0.5225,0.275,0.1925,0.01,0.0,0.0
28,35,21.77,79.51,1.92788,1.40889,0.3437,-0.46788,100,402.46262,1.49913,7.16025,0.4975,0.3,0.2025,0.0,0.0,0.0
28,36,21.77,79.53,1.91955,1.41743,0.3677,-0.48278,100,398.16655,1.30553,3.3929,0.625,0.2,0.175,0.0,0.0,0.0
28,37,21.77,79.55,1.876,1.37505,0.33382,-0.43934,100,402.71838,1.15826,4.49164,0.2375,0.195,0.55,0.0075,0.0,0.01
28,38,21.77,79.57,1.99378,1.42727,0.35138,-0.48186,100,413.07593,1.225,7.01108,0.4775,0.2275,0.295,0.0,0.0,0.0
28,39,21.77,79.59,1.97093,1.44685,0.35478,-0.48417,100,425.33535,1.96055,11.43475,0.52,0.1225,0.3475,0.0025,0.0,0.0075
28,40,21.77,79.61,1.94073,1.54944,0.44447,-0.52794,100,419.89587,4.54058,21.21839,0.9925,0.0075,0.0,0.0,0.0,0.0
28,41,21.77,79.63,2.02178,1.5366,0.40669,-0.51721,100,410.6631,4.46521,29.24885,0.97,0.03,0.0,0.0,0.0,0.0
28,42,21.77,79.65,2.08006,1.51458,0.37244,-0.50039,100,391.78333,3.6356,26.52567,0.795,0.165,0.0325,0.0,0.0,0.0075
28,43,21.77,79.67,2.08918,1.4539,0.3586,-0.48608,100,380.96788,2.34986,13.3954,0.705,0.2525,0.0425,0.0,0.0,0.0
28,44,21.77,79.69,1.96942,1.3828,0.33868,-0.44702,100,376.95593,2.59027,17.32064,0.235,0.215,0.525,0.015,0.0,0.01
28,45,21.77,79.71,1.89055,1.41968,0.37497,-0.46589,100,368.29865,0.85777,5.91901,0.075,0.065,0.835,0.02,0.0,0.005
28,46,21.77,79.73,1.86963,1.43336,0.39617,-0.46782,100,358.18083,0.67468,4.17069,0.065,0.08,0.825,0.0175,0.0,0.0125
28,47,21.77,79.75,1.87691,1.44316,0.38783,-0.47471,100,350.21977,0.59113,2.88931,0.045,0.0125,0.925,0.0175,0.0,0.0
28,48,21.77,79.77,1.84767,1.44125,0.41447,-0.48582,100,345.90842,0.58452,2.76156,0.0775,0.04,0.87,0.0125,0.0,0.0
28,49,21.77,79.79,1.77552,1.38686,0.35905,-0.45087,100,345.45122,0.52733,2.7625,0.055,0.03,0.8025,0.105,0.0,0.0075
28,50,21.77,79.81,1.69374,1.37362,0.40702,-0.46569,100,341.35128,0.65944,3.194,0.14,0.0425,0.6225,0.1925,0.0,0.0025
28,51,21.77,79.83,1.78067,1.44036,0.43365,-0.49431,100,337.93995,0.47176,2.56915,0.0875,0.0225,0.8625,0.0275,0.0,0.0
28,52,21.77,79.85,1.85603,1.40307,0.38189,-0.4689,100,333.15016,0.45689,2.41091,0.075,0.0375,0.87,0.0175,0.0,0.0
28,53,21.77,79.87,1.89058,1.40187,0.36921,-0.45572,100,330.81216,0.57891,2.82996,0.14,0.03,0.8,0.03,0.0,0.0
28,54,21.77,79.89,1.91312,1.3915,0.36027,-0.47035,100,328.51725,0.81295,4.55548,0.1775,0.0475,0.765,0.01,0.0,0.0
28,55,21.77,79.91,1.93366,1.34862,0.31282,-0.43327,100,323.92848,1.14452,4.26301,0.145,0.2475,0.5975,0.005,0.0025,0.0025
28,56,21.77,79.93,1.9142,1.34229,0.30217,-0.42322,100,319.33288,0.97671,4.52622,0.1675,0.2075,0.6175,0.005,0.0,0.0025
28,57,21.77,79.95,1.90543,1.34703,0.33827,-0.4434,100,316.91101,1.05685,4.83177,0.255,0.1575,0.585,0.0,0.0,0.0025
28,58,21.77,79.97,1.9356,1.35115,0.31731,-0.4396,100,308.51605,1.56394,7.48839,0.135,0.275,0.57,0.0075,0.0125,0.0
28,59,21.77,79.99,1.86915,1.40778,0.39351,-0.47554,100,308.38157,1.18966,5.19452,0.3825,0.1575,0.4475,0.01,0.0025,0.0
28,60,21.77,80.01,1.84928,1.31913,0.30816,-0.41235,100,308.95829,1.17169,5.18644,0.15,0.2975,0.5025,0.02,0.0025,0.0275
28,61,21.77,80.03,1.68494,1.37174,0.34994,-0.43071,100,297.0914,0.8062,3.71808,0.12,0.09,0.745,0.02,0.0025,0.0225
28,62,21.77,80.05,1.52936,1.30171,0.30753,-0.38936,100,300.45689,0.95936,4.63385,0.165,0.14,0.365,0.325,0.005,0.0
28,63,21.77,80.07,1.68722,1.32694,0.29441,-0.39095,100,302.27498,0.82736,4.1124,0.09,0.085,0.715,0.11,0.0,0.0
28,64,21.77,80.09,1.68781,1.38389,0.33586,-0.42387,100,302.25524,0.67773,3.06983,0.1825,0.0775,0.7275,0.01,0.0025,0.0
28,65,21.77,80.11,1.66273,1.40962,0.37524,-0.44256,100,308.36812,0.73719,4.02033,0.1325,0.055,0.8025,0.01,0.0,0.0
28,66,21.77,80.13,1.60793,1.41121,0.3603,-0.43083,100,312.06336,0.87166,3.4988,0.1675,0.1,0.705,0.0275,0.0,0.0
28,67,21.77,80.15,1.59586,1.38575,0.32574,-0.40965,100,305.10995,1.17211,5.11352,0.32,0.1975,0.47,0.0025,0.0025,0.0075
28,68,21.77,80.17,1.55939,1.39102,0.31005,-0.3998,100,294.59455,1.41946,5.00918,0.3875,0.2575,0.27,0.0075,0.0075,0.07
28,69,21.77,80.19,1.56211,1.30766,0.28217,-0.36542,100,294.10704,1.34835,5.54777,0.1825,0.2075,0.445,0.0275,0.0425,0.095
28,70,21.77,80.21,1.31785,1.50058,0.45103,-0.43348,100,299.12976,0.44647,1.42465,0.16,0.015,0.7575,0.0675,0.0,0.0
28,71,21.77,80.23,1.29865,1.54714,0.46269,-0.42954,100,298.24093,0.31982,1.09188,0.1125,0.0,0.87,0.0175,0.0,0.0
28,72,21.77,80.25,1.48051,1.42667,0.39439,-0.42225,100,296.37993,0.77867,2.6147,0.1975,0.065,0.705,0.0325,0.0,0.0
28,73,21.77,80.27,1.47481,1.44509,0.39227,-0.43064,100,307.81032,2.73266,14.72846,0.2825,0.135,0.55,0.0025,0.0,0.03
28,74,21.77,80.29,1.4882,1.47725,0.47568,-0.4809,100,325.30558,4.61277,48.0958,0.32,0.1125,0.5475,0.0175,0.0,0.0025
28,75,21.77,80.31,1.51371,1.43519,0.41251,-0.45569,100,309.01845,0.80987,3.52613,0.2625,0.1275,0.575,0.005,0.0,0.03
28,76,21.77,80.33,1.72223,1.37193,0.33539,-0.42572,100,314.09336,0.91815,4.40302,0.215,0.1275,0.65,0.0075,0.0,0.0
28,77,21.77,80.35,1.7051,1.36383,0.34586,-0.43867,100,313.97469,1.29201,5.93304,0.38,0.22,0.39,0.0075,0.0025,0.0
28,78,21.77,80.37,1.65789,1.43266,0.42002,-0.48697,100,318.8941,1.08876,3.96299,0.325,0.11,0.5575,0.0,0.005,0.0025
28,79,21.77,80.39,1.45064,1.81673,0.60373,-0.58358,100,409.17225,10.09354,71.46215,0.995,0.005,0.0,0.0,0.0,0.0
28,80,21.77,80.41,1.35706,1.92765,0.65904,-0.61612,100,537.10946,11.5175,73.19854,1.0,0.0,0.0,0.0,0.0,0.0
28,81,21.77,80.43,1.42973,1.88534,0.6406,-0.61083,100,568.68567,13.0478,130.15339,0.9975,0.0025,0.0,0.0,0.0,0.0
28,82,21.77,80.45,1.39827,1.86886,0.63272,-0.60506,100,496.39262,12.1925,112.39037,1.0,0.0,0.0,0.0,0.0,0.0
28,83,21.77,80.47,1.42686,1.80088,0.61717,-0.59453,100,420.47569,9.10715,94.18795,0.7925,0.05,0.1425,0.0,0.015,0.0
28,84,21.77,80.49,1.53821,1.65059,0.54425,-0.56605,100,336.40848,6.35544,30.09581,0.8075,0.1125,0.06,0.0,0.0175,0.0025
28,85,21.77,80.51,1.3346,1.86942,0.63955,-0.60733,100,542.5493,10.31178,78.88572,0.995,0.005,0.0,0.0,0.0,0.0
28,86,21.77,80.53,1.73715,1.45883,0.43034,-0.51521,100,604.2175,6.11449,26.18858,0.6325,0.3075,0.06,0.0,0.0,0.0
28,87,21.77,80.55,1.70831,1.43228,0.36143,-0.47027,100,576.83785,4.34074,17.35351,0.5375,0.405,0.055,0.0,0.0025,0.0
28,88,21.77,80.57,1.63634,1.47328,0.40054,-0.49509,100,583.79543,3.69783,13.39231,0.725,0.24,0.0325,0.0,0.0025,0.0
28,89,21.77,80.59,1.71612,1.43233,0.38347,-0.47902,100,611.54438,5.20376,23.01682,0.5275,0.3325,0.1375,0.0,0.0025,0.0
29,0,21.79,78.81,1.75547,1.67807,0.51139,-0.51735,100,436.9409,7.22613,49.48595,0.825,0.1025,0.0725,0.0,0.0,0.0
29,1,21.79,78.83,1.67652,1.72696,0.54851,-0.52584,100,477.62757,9.23096,50.38716,0.9575,0.04,0.0,0.0025,0.0,0.0
29,2,21.79,78.85,1.65718,1.68702,0.52971,-0.52282,100,486.30472,9.5471,62.72452,0.76,0.1975,0.0425,0.0,0.0,0.0
29,3,21.79,78.87,1.56805,1.71605,0.54803,-0.52874,100,495.98481,9.16055,47.75719,0.8425,0.15,0.0075,0.0,0.0,0.0
29,4,21.79,78.89,1.73855,1.39957,0.33133,-0.44533,100,601.50671,5.83625,26.34668,0.325,0.345,0.33,0.0,0.0,0.0
29,5,21.79,78.91,1.68674,1.48254,0.44537,-0.49228,100,528.27986,7.61885,40.48611,0.3225,0.485,0.1925,0.0,0.0,0.0
29,6,21.79,78.93,1.61608,1.5313,0.46569,-0.48729,100,486.26266,4.51263,28.63398,0.61,0.17,0.2175,0.0025,0.0,0.0
29,7,21.79,78.95,1.67102,1.55572,0.48956,-0.49973,100,490.87285,5.37151,36.57186,0.6675,0.2675,0.065,0.0,0.0,0.0
29,8,21.79,78.97,1.66385,1.57941,0.49504,-0.49987,100,501.45182,7.47615,36.40361,0.625,0.225,0.15,0.0,0.0,0.0
29,9,21.79,78.99,1.61657,1.5972,0.49671,-0.52082,100,554.94096,8.17738,44.43045,0.635,0.3175,0.0475,0.0,0.0,0.0
29,10,21.79,79.01,1.68866,1.4754,0.39108,-0.46842,100,589.73233,6.27558,26.51808,0.4,0.3525,0.2475,0.0,0.0,0.0
29,11,21.79,79.03,1.7807,1.43027,0.3682,-0.45754,100,615.64483,2.79605,10.58557,0.1825,0.22,0.5975,0.0,0.0,0.0
29,12,21.79,79.05,1.84839,1.40616,0.32586,-0.43992,100,628.15043,2.70936,12.05618,0.2725,0.1175,0.6075,0.0,0.0025,0.0
29,13,21.79,79.07,1.85917,1.37402,0.28984,-0.42295,100,633.36867,2.57933,10.44156,0.125,0.1775,0.6975,0.0,0.0,0.0
29,14,21.79,79.09,1.86877,1.39082,0.28914,-0.42946,100,624.80332,2.71406,11.37053,0.2575,0.155,0.5825,0.0025,0.0025,0.0
29,15,21.79,79.11,1.81106,1.41365,0.31337,-0.42849,100,628.38087,1.9062,8.44882,0.0225,0.065,0.91,0.0,0.0,0.0025
29,16,21.79,79.13,1.73046,1.50247,0.40997,-0.4779,100,606.17932,2.07904,12.76804,0.0975,0.0375,0.8225,0.0,0.0,0.0425
29,17,21.79,79.15,1.74649,1.45827,0.34324,-0.45823,100,583.45811,3.69543,15.9166,0.5325,0.27,0.1975,0.0,0.0,0.0
29,18,21.79,79.17,1.90688,1.41853,0.35924,-0.46855,100,561.35546,3.31359,14.46216,0.63,0.14,0.2275,0.0,0.0,0.0025
29,19,21.79,79.19,1.86151,1.53247,0.47649,-0.53457,100,537.26748,3.35405,17.27476,0.9425,0.0575,0.0,0.0,0.0,0.0
29,20,21.79,79.21,1.91371,1.53118,0.48077,-0.525,100,525.65926,2.21973,11.93224,0.8925,0.0175,0.09,0.0,0.0,0.0
29,21,21.79,79.23,1.86468,1.50075,0.44934,-0.51524,100,524.35003,1.96029,9.82516,0.8,0.0125,0.1875,0.0,0.0,0.0
29,22,21.79,79.25,1.83727,1.51667,0.45904,-0.51792,100,517.29791,2.39085,13.98508,0.88,0.04,0.02,0.0,0.0,0.06
29,23,21.79,79.27,1.87231,1.54572,0.46828,-0.52091,100,510.05308,2.20367,9.19302,0.8925,0.07,0.0,0.0,0.0,0.0375
29,24,21.79,79.29,1.91637,1.48526,0.42766,-0.49764,100,504.22169,2.79483,12.20358,0.7175,0.07,0.015,0.0,0.0,0.1975
29,25,21.79,79.31,1.919,1.55877,0.47342,-0.5352,100,528.44743,2.23371,9.76252,0.9975,0.0025,0.0,0.0,0.0,0.0
29,26,21.79,79.33,1.90308,1.62092,0.51454,-0.53862,100,541.75934,3.42055,20.76086,1.0,0.0,0.0,0.0,0.0,0.0
29,27,21.79,79.35,1.90833,1.59742,0.51588,-0.5439,100,482.82284,4.20819,28.88095,0.8725,0.055,0.0275,0.0,0.0,0.045
29,28,21.79,79.37,1.89989,1.56723,0.50089,-0.53386,100,455.79261,2.78099,15.18028,0.7925,0.03,0.175,0.0025,0.0,0.0
29,29,21.79,79.39,1.85809,1.59738,0.50643,-0.5411,100,471.58998,3.64433,20.82541,1.0,0.0,0.0,0.0,0.0,0.0
29,30,21.79,79.41,1.87447,1.6424,0.51158,-0.542,100,479.11975,3.351,18.38242,0.99,0.01,0.0,0.0,0.0,0.0
29,31,21.79,79.43,1.95449,1.57516,0.46036,-0.52432,100,461.41778,3.61111,23.38314,0.845,0.105,0.01,0.0,0.0,0.04
29,32,21.79,79.45,1.97976,1.52767,0.41509,-0.50979,100,440.89672,2.88695,19.49221,0.805,0.095,0.0975,0.0025,0.0,0.0
29,33,21.79,79.47,1.93721,1.43766,0.37205,-0.48376,100,421.34512,1.5678,6.90838,0.58,0.19,0.2225,0.0075,0.0,0.0
29,34,21.79,79.49,1.81372,1.38219,0.32108,-0.42212,100,414.61588,1.16658,4.45737,0.1925,0.2075,0.56,0.0225,0.0075,0.01
29,35,21.79,79.51,1.79132,1.3687,0.32663,-0.43328,100,406.5412,0.85194,2.94718,0.1275,0.18,0.6825,0.01,0.0,0.0
29,36,21.79,79.53,1.8938,1.47229,0.40945,-0.49772,100,409.84454,1.45952,6.46826,0.755,0.1325,0.11,0.0025,0.0,0.0
29,37,21.79,79.55,1.91016,1.42664,0.36439,-0.46349,100,407.64537,1.08848,5.40124,0.485,0.1675,0.3225,0.0025,0.0,0.0225
29,38,21.79,79.57,1.91334,1.38308,0.33298,-0.44273,100,409.58552,0.98613,4.03085,0.255,0.2325,0.4925,0.02,0.0,0.0
29,39,21.79,79.59,1.91445,1.39563,0.34415,-0.44786,100,418.37453,1.10944,3.83273,0.3375,0.16,0.4975,0.005,0.0,0.0
29,40,21.79,79.61,1.95854,1.53795,0.42655,-0.5177,100,426.91577,1.41289,5.62934,0.8075,0.11,0.0825,0.0,0.0,0.0
29,41,21.79,79.63,1.94326,1.55576,0.41986,-0.51865,100,442.2473,3.03749,13.97539,0.9425,0.0225,0.0325,0.0,0.0,0.0025
29,42,21.79,79.65,1.91262,1.61229,0.47997,-0.5422,100,472.42101,4.79608,15.51911,1.0,0.0,0.0,0.0,0.0,0.0
29,43,21.79,79.67,1.92023,1.6097,0.48617,-0.53451,100,507.79716,8.32213,48.03742,0.9975,0.0025,0.0,0.0,0.0,0.0
29,44,21.79,79.69,1.88318,1.61296,0.50504,-0.53941,100,563.81457,10.20215,55.75235,0.9975,0.0025,0.0,0.0,0.0,0.0
29,45,21.79,79.71,1.96003,1.57414,0.47223,-0.53867,100,443.61468,7.96292,65.63229,0.8,0.115,0.075,0.0,0.0,0.01
29,46,21.79,79.73,1.97213,1.41679,0.34921,-0.46506,100,386.1566,4.3037,36.5849,0.45,0.175,0.3725,0.0,0.0,0.0025
29,47,21.79,79.75,1.87142,1.43701,0.37072,-0.46903,100,363.78465,1.32987,11.5849,0.285,0.16,0.54,0.0075,0.0,0.0075
29,48,21.79,79.77,1.75865,1.5055,0.47011,-0.52184,100,354.65925,0.69796,3.56068,0.2675,0.02,0.69,0.0225,0.0,0.0
29,49,21.79,79.79,1.67563,1.49308,0.48973,-0.52681,100,353.96474,0.59647,3.24959,0.15,0.0075,0.795,0.045,0.0,0.0025
29,50,21.79,79.81,1.66992,1.43705,0.49404,-0.51839,100,347.13239,0.79935,3.39526,0.27,0.0125,0.665,0.0525,0.0,0.0
29,51,21.79,79.83,1.82254,1.41636,0.39603,-0.47109,100,343.78014,0.60602,3.23879,0.0425,0.055,0.8625,0.0375,0.0,0.0025
29,52,21.79,79.85,1.87083,1.42209,0.40064,-0.47792,100,338.58128,0.47802,2.29967,0.075,0.02,0.8825,0.0225,0.0,0.0
29,53,21.79,79.87,1.91181,1.40519,0.35423,-0.4546,100,336.51877,0.61342,3.0372,0.1,0.02,0.865,0.005,0.0025,0.0075
29,54,21.79,79.89,1.88397,1.41575,0.37912,-0.46464,100,334.94788,1.22072,6.49264,0.235,0.075,0.665,0.02,0.0,0.005
29,55,21.79,79.91,1.89183,1.40546,0.37644,-0.46504,100,328.83823,1.04006,4.53026,0.2825,0.1825,0.49,0.0225,0.0,0.0225
29,56,21.79,79.93,1.88702,1.35369,0.324,-0.43745,100,325.57372,1.01756,4.32371,0.1625,0.1825,0.6325,0.015,0.0,0.0075
29,57,21.79,79.95,1.93617,1.34971,0.31199,-0.4316,100,318.31391,0.70216,3.30825,0.0775,0.0675,0.8325,0.015,0.0025,0.005
29,58,21.79,79.97,1.85564,1.34405,0.33133,-0.44252,100,310.00119,1.16008,5.3454,0.075,0.1275,0.7225,0.045,0.0175,0.0125
29,59,21.79,79.99,1.86863,1.31634,0.3469,-0.44103,100,306.5973,1.21268,5.5574,0.22,0.3475,0.3925,0.02,0.015,0.005
29,60,21.79,80.01,1.81024,1.38306,0.38548,-0.45701,100,305.04356,1.27131,5.63387,0.32,0.105,0.5275,0.0075,0.0275,0.0125
29,61,21.79,80.03,1.84964,1.31333,0.28901,-0.41017,100,300.64371,1.05891,3.35843,0.11,0.24,0.5975,0.0225,0.01,0.02
29,62,21.79,80.05,1.6409,1.41227,0.3614,-0.43167,100,298.12095,0.49953,1.77413,0.1325,0.02,0.82,0.0275,0.0,0.0
29,63,21.79,80.07,1.60358,1.42153,0.38365,-0.44484,100,303.00851,0.82373,3.56208,0.2125,0.11,0.65,0.02,0.0,0.0075
29,64,21.79,80.09,1.58743,1.4281,0.38868,-0.44827,100,308.92899,1.41847,6.86838,0.2,0.1525,0.615,0.0225,0.0025,0.0075
29,65,21.79,80.11,1.58904,1.41967,0.39493,-0.44152,100,311.55351,0.88153,5.12281,0.1075,0.1275,0.72,0.045,0.0,0.0
29,66,21.79,80.13,1.6551,1.37282,0.31308,-0.40582,100,313.95828,1.00633,5.93208,0.0825,0.1625,0.7325,0.01,0.0,0.0125
29,67,21.79,80.15,1.64052,1.3393,0.28889,-0.38458,100,304.49265,0.80107,3.61393,0.095,0.155,0.715,0.0275,0.0,0.0075
29,68,21.79,80.17,1.64229,1.29815,0.25043,-0.35596,100,300.645,1.44612,6.12128,0.2,0.0775,0.5525,0.065,0.025,0.08
29,69,21.79,80.19,1.55799,1.30617,0.27156,-0.36412,100,296.25218,1.45889,6.28567,0.16,0.27,0.35,0.095,0.0475,0.0775
29,70,21.79,80.21,1.41474,1.3857,0.36506,-0.39444,100,299.03146,0.71847,2.85589,0.1775,0.1775,0.5725,0.0725,0.0,0.0
29,71,21.79,80.23,1.22426,1.63431,0.51579,-0.44992,100,300.1731,0.24718,0.88811,0.09,0.0075,0.8775,0.025,0.0,0.0
29,72,21.79,80.25,1.32146,1.50319,0.44864,-0.41976,100,297.79787,0.4824,2.15271,0.0775,0.0275,0.835,0.06,0.0,0.0
29,73,21.79,80.27,1.47667,1.43297,0.4242,-0.44923,100,302.17622,1.3283,7.70876,0.235,0.1275,0.6275,0.01,0.0,0.0
29,74,21.79,80.29,1.36067,1.77129,0.59638,-0.54951,100,413.62246,12.64678,89.20031,0.98,0.015,0.005,0.0,0.0,0.0
29,75,21.79,80.31,1.57456,1.6131,0.50101,-0.53509,100,388.58174,11.05751,88.64017,0.9275,0.0375,0.035,0.0,0.0,0.0
29,76,21.79,80.33,1.52608,1.661,0.53608,-0.54687,100,527.91479,12.87969,153.1684,0.9825,0.01,0.005,0.0,0.0,0.0025
29,77,21.79,80.35,1.59708,1.64857,0.51708,-0.54567,100,488.73075,10.92393,171.8576,0.985,0.015,0.0,0.0,0.0,0.0
29,78,21.79,80.37,1.58194,1.6714,0.5356,-0.55024,100,391.48211,9.1974,109.73073,0.9025,0.035,0.06,0.0,0.0025,0.0
29,79,21.79,80.39,1.62141,1.67393,0.54112,-0.56506,100,361.03939,5.53493,53.96308,0.96,0.03,0.005,0.0,0.005,0.0
29,80,21.79,80.41,1.37949,1.88569,0.64449,-0.60056,100,487.2263,13.58535,104.81168,0.9975,0.0025,0.0,0.0,0.0,0.0
29,81,21.79,80.43,1.39443,1.88065,0.65567,-0.62443,100,679.9704,8.8424,42.60143,0.9975,0.0025,0.0,0.0,0.0,0.0
29,82,21.79,80.45,1.5198,1.76448,0.608,-0.61035,100,703.52605,7.9192,44.04174,0.96,0.04,0.0,0.0,0.0,0.0
29,83,21.79,80.47,1.38055,1.90305,0.66149,-0.62541,100,581.84666,8.89085,76.29492,1.0,0.0,0.0,0.0,0.0,0.0
29,84,21.79,80.49,1.41487,1.85621,0.64492,-0.61197,100,438.76956,11.30176,94.96435,0.995,0.005,0.0,0.0,0.0,0.0
29,85,21.79,80.51,1.37457,1.86567,0.62432,-0.60271,100,455.43768,10.4617,100.76248,0.965,0.0125,0.0,0.0,0.0225,0.0
29,86,21.79,80.53,1.3644,1.79226,0.62078,-0.60334,100,575.72313,5.6511,38.41558,0.9625,0.0375,0.0,0.0,0.0,0.0
29,87,21.79,80.55,1.64691,1.46202,0.3814,-0.47438,100,561.46498,3.63848,11.96102,0.63,0.3125,0.0525,0.0025,0.0025,0.0
29,88,21.79,80.57,1.65021,1.50317,0.42229,-0.50143,100,570.20464,3.1853,9.39066,0.73,0.205,0.065,0.0,0.0,0.0
29,89,21.79,80.59,1.7879,1.397,0.32614,-0.45125,100,586.47319,5.75156,18.24928,0.4125,0.4475,0.14,0.0,0.0,0.0
30,0,21.81,78.81,1.76356,1.69296,0.52483,-0.52357,100,547.5844,10.7144,63.79269,0.675,0.2625,0.0625,0.0,0.0,0.0
30,1,21.81,78.83,1.80843,1.5193,0.41907,-0.47887,100,614.29129,7.01729,30.39719,0.44,0.41,0.1475,0.0025,0.0,0.0
30,2,21.81,78.85,1.7687,1.52379,0.42582,-0.4769,100,610.33943,6.9724,34.47983,0.3175,0.5425,0.1375,0.0025,0.0,0.0
30,3,21.81,78.87,1.7735,1.49619,0.42267,-0.48579,100,588.10379,6.80508,48.2962,0.31,0.3025,0.3875,0.0,0.0,0.0
30,4,21.81,78.89,1.84207,1.39245,0.33784,-0.4482,100,600.33162,3.94605,15.6053,0.1125,0.295,0.59,0.0,0.0,0.0025
30,5,21.81,78.91,1.69193,1.46105,0.41732,-0.47007,100,549.32436,6.35984,36.85365,0.4,0.4275,0.1625,0.01,0.0,0.0
30,6,21.81,78.93,1.63192,1.52284,0.45012,-0.46995,100,553.38438,6.98109,32.72106,0.655,0.26,0.07,0.01,0.005,0.0
30,7,21.81,78.95,1.72462,1.51031,0.4159,-0.46229,100,591.71015,7.70693,29.09023,0.4,0.4525,0.1475,0.0,0.0,0.0
30,8,21.81,78.97,1.58278,1.63674,0.52513,-0.51046,100,547.61457,7.64121,40.45606,0.7475,0.2125,0.04,0.0,0.0,0.0
30,9,21.81,78.99,1.63761,1.49061,0.40013,-0.46595,100,602.22978,5.49491,21.9499,0.33,0.495,0.175,0.0,0.0,0.0
30,10,21.81,79.01,1.83041,1.42986,0.34943,-0.44966,100,628.34029,1.92516,8.44244,0.085,0.09,0.825,0.0,0.0,0.0
30,11,21.81,79.03,1.83247,1.43978,0.37286,-0.46953,100,634.32098,1.65212,9.19445,0.0375,0.04,0.845,0.075,0.0,0.0025
30,12,21.81,79.05,1.82464,1.44328,0.37712,-0.46071,100,643.60313,1.47445,7.99267,0.005,0.04,0.9325,0.02,0.0025,0.0
30,13,21.81,79.07,1.82863,1.46124,0.35892,-0.45899,100,651.07984,1.37092,5.56044,0.0,0.0175,0.97,0.0125,0.0,0.0
30,14,21.81,79.09,1.78824,1.45601,0.36263,-0.45401,100,640.0097,1.2248,6.28123,0.02,0.0025,0.97,0.0075,0.0,0.0
30,15,21.81,79.11,1.78476,1.43143,0.3388,-0.44153,100,638.4294,1.57078,6.78501,0.005,0.0175,0.9675,0.01,0.0,0.0
30,16,21.81,79.13,1.77058,1.44122,0.33662,-0.43266,100,629.68313,1.62558,10.2223,0.02,0.02,0.9475,0.0125,0.0,0.0
30,17,21.81,79.15,1.80522,1.36475,0.27812,-0.4002,100,611.39957,2.11743,12.38883,0.075,0.045,0.87,0.0025,0.0,0.0075
30,18,21.81,79.17,1.95669,1.40019,0.30912,-0.45508,100,582.03461,3.70211,23.29139,0.235,0.2275,0.535,0.0025,0.0,0.0
30,19,21.81,79.19,1.95149,1.40626,0.33724,-0.45912,100,559.46774,3.72736,15.66325,0.345,0.2475,0.4025,0.005,0.0,0.0
30,20,21.81,79.21,1.99835,1.43185,0.32939,-0.45653,100,538.39284,1.21093,6.13026,0.0725,0.04,0.8775,0.01,0.0,0.0
30,21,21.81,79.23,1.92473,1.50155,0.43756,-0.51101,100,538.42195,1.48343,9.82298,0.5625,0.025,0.405,0.0075,0.0,0.0
30,22,21.81,79.25,1.88027,1.56091,0.48375,-0.54277,100,542.52762,1.74537,7.28607,1.0,0.0,0.0,0.0,0.0,0.0
30,23,21.81,79.27,1.87445,1.56537,0.49552,-0.54741,100,526.34849,1.64822,8.34586,0.9925,0.0075,0.0,0.0,0.0,0.0
30,24,21.81,79.29,1.94304,1.54406,0.47025,-0.52409,100,512.81363,2.85287,9.25911,0.8725,0.04,0.0,0.0025,0.0575,0.0275
30,25,21.81,79.31,1.9088,1.56973,0.48255,-0.51894,100,555.71407,5.20239,23.27706,0.9875,0.0125,0.0,0.0,0.0,0.0
30,26,21.81,79.33,1.86876,1.60605,0.51587,-0.53648,100,549.93605,4.72877,25.10213,1.0,0.0,0.0,0.0,0.0,0.0
30,27,21.81,79.35,1.89593,1.67027,0.54702,-0.55252,100,529.47917,3.95674,22.08584,1.0,0.0,0.0,0.0,0.0,0.0
30,28,21.81,79.37,1.8783,1.63457,0.52919,-0.54524,100,494.35555,4.88094,22.05621,1.0,0.0,0.0,0.0,0.0,0.0
30,29,21.81,79.39,1.93858,1.64983,0.50647,-0.54084,100,523.89958,4.03018,18.9045,1.0,0.0,0.0,0.0,0.0,0.0
30,30,21.81,79.41,1.87965,1.64543,0.51505,-0.5481,100,510.57569,3.8207,21.07529,0.9975,0.0025,0.0,0.0,0.0,0.0
30,31,21.81,79.43,1.8905,1.63315,0.51643,-0.55141,100,516.73082,2.35715,10.77145,0.9975,0.0025,0.0,0.0,0.0,0.0
30,32,21.81,79.45,1.93709,1.62334,0.47347,-0.52916,100,486.24764,3.89945,30.20124,0.995,0.005,0.0,0.0,0.0,0.0
30,33,21.81,79.47,1.93274,1.52778,0.43452,-0.51284,100,447.22116,2.69799,19.92458,0.7575,0.085,0.1475,0.0025,0.0,0.0075
30,34,21.81,79.49,1.95355,1.5167,0.41823,-0.51431,100,426.54093,1.9195,7.9455,0.725,0.175,0.08,0.02,0.0,0.0
30,35,21.81,79.51,1.83602,1.40553,0.32484,-0.43225,100,420.93842,1.36517,6.28956,0.355,0.14,0.39,0.1025,0.0025,0.01
30,36,21.81,79.53,1.88391,1.53259,0.46388,-0.52575,100,426.76607,1.57091,7.20735,0.86,0.0925,0.045,0.0025,0.0,0.0
30,37,21.81,79.55,1.88836,1.56349,0.46449,-0.54278,100,429.97977,1.49372,8.23328,0.9025,0.045,0.0525,0.0,0.0,0.0
30,38,21.81,79.57,1.95805,1.52262,0.44085,-0.53103,100,422.29773,1.25796,4.96031,0.8075,0.095,0.0975,0.0,0.0,0.0
30,39,21.81,79.59,1.93651,1.43575,0.39743,-0.4766,100,422.09677,1.00301,4.57861,0.3975,0.155,0.4425,0.005,0.0,0.0
30,40,21.81,79.61,1.91971,1.41984,0.37305,-0.46975,100,428.49943,1.09924,3.71449,0.3325,0.1725,0.495,0.0,0.0,0.0
30,41,21.81,79.63,1.96145,1.4749,0.41055,-0.51313,100,441.04209,1.46701,6.59806,0.615,0.0825,0.2975,0.005,0.0,0.0
30,42,21.81,79.65,1.91746,1.59715,0.49039,-0.54834,100,462.01946,2.29864,14.21064,0.8775,0.08,0.0425,0.0,0.0,0.0
30,43,21.81,79.67,1.8581,1.64755,0.52822,-0.56143,100,491.409,3.87546,19.60075,0.9875,0.0025,0.01,0.0,0.0,0.0
30,44,21.81,79.69,1.82882,1.65709,0.5456,-0.57652,100,513.85996,3.86346,17.99051,1.0,0.0,0.0,0.0,0.0,0.0
30,45,21.81,79.71,1.87703,1.63909,0.53226,-0.57658,100,534.86592,2.64268,11.61071,1.0,0.0,0.0,0.0,0.0,0.0
30,46,21.81,79.73,1.87902,1.62134,0.5267,-0.55682,100,506.49823,6.24102,34.2577,1.0,0.0,0.0,0.0,0.0,0.0
30,47,21.81,79.75,1.93646,1.59233,0.49249,-0.5225,100,479.15335,8.99295,54.00419,0.92,0.0475,0.0325,0.0,0.0,0.0
30,48,21.81,79.77,1.89825,1.57465,0.46247,-0.51637,100,415.7523,8.56665,55.96025,0.6525,0.165,0.1725,0.0,0.0,0.01
30,49,21.81,79.79,1.75263,1.48017,0.51068,-0.54744,100,360.11371,1.18092,6.29894,0.2475,0.07,0.65,0.015,0.0,0.0175
30,50,21.81,79.81,1.7407,1.48893,0.48569,-0.52698,100,355.93737,0.71913,3.50313,0.2325,0.035,0.695,0.0325,0.0,0.005
30,51,21.81,79.83,1.76443,1.45533,0.43713,-0.49972,100,349.9283,0.60942,3.08923,0.215,0.0325,0.725,0.025,0.0,0.0025
30,52,21.81,79.85,1.84388,1.4523,0.39329,-0.47947,100,343.71884,0.59364,3.0633,0.1275,0.0175,0.815,0.0275,0.0,0.0125
30,53,21.81,79.87,1.93016,1.40105,0.3523,-0.46151,100,338.31538,0.82029,3.86348,0.18,0.1625,0.6425,0.015,0.0,0.0
30,54,21.81,79.89,1.95462,1.40504,0.35163,-0.46558,100,330.67649,0.8196,3.45614,0.3725,0.2425,0.38,0.0,0.0,0.005
30,55,21.81,79.91,1.93127,1.39448,0.33011,-0.44341,100,326.4195,0.91851,3.38985,0.2775,0.1275,0.585,0.0025,0.0025,0.005
30,56,21.81,79.93,1.83988,1.39131,0.40543,-0.48188,100,322.53167,1.01171,4.29224,0.29,0.165,0.515,0.02,0.0,0.01
30,57,21.81,79.95,1.82201,1.38912,0.37881,-0.4698,100,318.38865,1.07241,4.30122,0.16,0.305,0.5175,0.0075,0.005,0.005
30,58,21.81,79.97,1.88564,1.41749,0.39066,-0.49241,100,312.95796,1.04592,5.67154,0.33,0.1075,0.5375,0.01,0.0125,0.0025
30,59,21.81,79.99,1.95039,1.33719,0.30484,-0.4308,100,316.68084,1.18361,4.47166,0.29,0.1675,0.5225,0.01,0.0,0.01
30,60,21.81,80.01,1.94074,1.36967,0.31584,-0.43144,100,307.921,0.55994,3.0867,0.0825,0.01,0.88,0.0175,0.0,0.01
30,61,21.81,80.03,1.85234,1.38828,0.35975,-0.44166,100,303.52279,0.64007,3.30024,0.13,0.0475,0.7725,0.0425,0.0,0.0075
30,62,21.81,80.05,1.5911,1.47592,0.42904,-0.46284,100,303.15472,0.61756,2.94821,0.1125,0.0275,0.795,0.0575,0.0025,0.005
30,63,21.81,80.07,1.51635,1.49865,0.4628,-0.48324,100,306.21819,0.8433,4.36702,0.29,0.05,0.6325,0.0225,0.0,0.005
30,64,21.81,80.09,1.49103,1.546,0.48301,-0.49677,100,315.26418,1.0147,4.01797,0.615,0.11,0.2725,0.0025,0.0,0.0
30,65,21.81,80.11,1.73756,1.30457,0.26569,-0.36885,100,321.02618,1.23397,5.02748,0.095,0.2725,0.585,0.015,0.02,0.0125
30,66,21.81,80.13,1.68781,1.33457,0.28358,-0.39709,100,322.45138,2.23457,11.47944,0.2075,0.3575,0.385,0.0425,0.0,0.0075
30,67,21.81,80.15,1.61407,1.32176,0.29229,-0.38518,100,305.04621,1.16891,5.92549,0.255,0.31,0.2525,0.12,0.0175,0.045
30,68,21.81,80.17,1.48682,1.39766,0.33823,-0.42152,100,306.3513,1.91361,7.79742,0.6625,0.175,0.0075,0.1,0.005,0.05
30,69,21.81,80.19,1.40668,1.18739,0.20438,-0.27399,100,308.21536,0.90744,5.11803,0.1575,0.055,0.04,0.72,0.0,0.0275
30,70,21.81,80.21,1.40864,1.42642,0.39499,-0.40145,100,302.94112,0.4755,1.87528,0.0675,0.0175,0.6825,0.225,0.0,0.0075
30,71,21.81,80.23,1.26025,1.58324,0.50315,-0.43103,100,301.09532,0.25102,0.87809,0.05,0.0,0.9225,0.0275,0.0,0.0
30,72,21.81,80.25,1.45617,1.41482,0.43403,-0.4398,100,298.09078,0.68385,1.59213,0.2,0.075,0.6925,0.0325,0.0,0.0
30,73,21.81,80.27,1.54069,1.40792,0.40481,-0.44504,100,303.76736,1.23735,8.0538,0.2125,0.1525,0.6225,0.0125,0.0,0.0
30,74,21.81,80.29,1.511,1.48311,0.43879,-0.46677,100,334.78138,4.74075,35.03679,0.7325,0.1175,0.15,0.0,0.0,0.0
30,75,21.81,80.31,1.30004,1.85993,0.6419,-0.59234,100,450.13493,13.00482,81.60636,0.9625,0.025,0.0025,0.0,0.0,0.01
30,76,21.81,80.33,1.35306,1.85633,0.65578,-0.60684,100,643.91586,10.01765,56.87929,0.9975,0.0025,0.0,0.0,0.0,0.0
30,77,21.81,80.35,1.39472,1.81868,0.64428,-0.61257,100,704.97188,5.63504,33.47389,1.0,0.0,0.0,0.0,0.0,0.0
30,78,21.81,80.37,1.50129,1.7568,0.60909,-0.59777,100,705.35085,7.37299,30.93983,1.0,0.0,0.0,0.0,0.0,0.0
30,79,21.81,80.39,1.74857,1.55987,0.46576,-0.53404,100,611.31235,7.61065,65.92478,0.5525,0.375,0.0725,0.0,0.0,0.0
30,80,21.81,80.41,1.53517,1.77242,0.59247,-0.59091,100,571.62384,9.88036,72.10848,0.8175,0.0775,0.105,0.0,0.0,0.0
30,81,21.81,80.43,1.42673,1.8374,0.64048,-0.61753,100,691.29421,6.74345,51.20895,0.99,0.01,0.0,0.0,0.0,0.0
30,82,21.81,80.45,1.50365,1.74149,0.60975,-0.60362,100,728.02364,6.22404,39.57392,0.955,0.045,0.0,0.0,0.0,0.0
30,83,21.81,80.47,1.49481,1.80963,0.61732,-0.61702,100,665.70982,6.9648,55.91828,0.9775,0.015,0.0075,0.0,0.0,0.0
30,84,21.81,80.49,1.50035,1.74362,0.58385,-0.58869,100,545.92447,5.46792,36.93398,0.9925,0.0025,0.005,0.0,0.0,0.0
30,85,21.81,80.51,1.4855,1.74094,0.57379,-0.56441,100,430.86429,14.46232,65.05768,0.985,0.0025,0.0,0.0,0.0125,0.0
30,86,21.81,80.53,1.32366,1.84226,0.63862,-0.61283,100,537.04669,6.97018,34.82016,1.0,0.0,0.0,0.0,0.0,0.0
30,87,21.81,80.55,1.53321,1.58822,0.49554,-0.54041,100,555.20494,4.59469,17.07655,0.8375,0.135,0.0275,0.0,0.0,0.0
30,88,21.81,80.57,1.617,1.53965,0.43353,-0.50918,100,577.54738,4.03659,13.02068,0.6925,0.2375,0.07,0.0,0.0,0.0
30,89,21.81,80.59,1.64255,1.57694,0.48259,-0.54226,100,640.73809,6.14402,47.92516,0.7325,0.2275,0.04,0.0,0.0,0.0
31,0,21.83,78.81,1.79117,1.53276,0.43704,-0.4795,100,614.19855,8.90784,53.94784,0.43,0.4025,0.1675,0.0,0.0,0.0
31,1,21.83,78.83,1.8765,1.41616,0.3784,-0.47179,100,655.33796,3.36359,11.60618,0.1725,0.175,0.65,0.0025,0.0,0.0
31,2,21.83,78.85,1.85452,1.44274,0.40575,-0.49463,100,649.04236,1.69182,8.35459,0.065,0.1,0.83,0.0025,0.0025,0.0
31,3,21.83,78.87,1.92179,1.30917,0.27535,-0.41983,100,640.36771,2.07401,10.65905,0.0375,0.0775,0.8775,0.0,0.0075,0.0
31,4,21.83,78.89,1.88199,1.31644,0.26771,-0.4054,100,632.16647,2.69032,15.85869,0.035,0.2375,0.7275,0.0,0.0,0.0
31,5,21.83,78.91,1.76568,1.45295,0.36639,-0.45514,100,606.07765,5.1307,26.76033,0.37,0.43,0.1975,0.0025,0.0,0.0
31,6,21.83,78.93,1.72459,1.46224,0.37169,-0.4515,100,617.80256,4.72851,17.1366,0.34,0.515,0.145,0.0,0.0,0.0
31,7,21.83,78.95,1.71591,1.47007,0.4318,-0.47869,100,590.74575,6.80974,30.10989,0.3325,0.4125,0.255,0.0,0.0,0.0
31,8,21.83,78.97,1.7049,1.52295,0.44365,-0.50669,100,574.86091,7.28682,39.79584,0.5975,0.275,0.1275,0.0,0.0,0.0
31,9,21.83,78.99,1.75948,1.41753,0.36597,-0.46113,100,616.88988,4.96179,21.76233,0.22,0.305,0.475,0.0,0.0,0.0
31,10,21.83,79.01,1.76996,1.53119,0.43381,-0.49876,100,642.75799,1.22877,5.08457,0.005,0.015,0.96,0.02,0.0,0.0
31,11,21.83,79.03,1.65225,1.61796,0.55041,-0.56763,100,631.76313,1.06507,5.156,0.005,0.0125,0.9625,0.0075,0.0,0.0125
31,12,21.83,79.05,1.79951,1.55985,0.46124,-0.52033,100,641.76366,1.165,4.94542,0.01,0.01,0.97,0.01,0.0,0.0
31,13,21.83,79.07,1.85724,1.43268,0.33108,-0.45576,100,647.77723,1.45919,7.60723,0.005,0.01,0.9825,0.0025,0.0,0.0
31,14,21.83,79.09,1.77908,1.51953,0.431,-0.50953,100,630.23025,1.95772,9.27985,0.0525,0.0425,0.845,0.0025,0.0,0.0575
31,15,21.83,79.11,1.69741,1.50166,0.44273,-0.5021,100,626.89513,1.91437,9.72006,0.0425,0.035,0.885,0.005,0.0,0.0325
31,16,21.83,79.13,1.81604,1.43493,0.35181,-0.46884,100,627.88246,2.5464,13.83218,0.0325,0.1025,0.86,0.005,0.0,0.0
31,17,21.83,79.15,1.77292,1.38095,0.31719,-0.43249,100,614.09157,2.892,14.55608,0.1975,0.215,0.5775,0.0,0.0,0.01
31,18,21.83,79.17,1.93599,1.43043,0.37088,-0.48302,100,589.16835,4.15076,20.21614,0.52,0.125,0.295,0.0,0.0,0.06
31,19,21.83,79.19,1.89579,1.4012,0.32781,-0.44584,100,588.9973,3.55785,22.08406,0.48,0.375,0.13,0.0025,0.0,0.0125
31,20,21.83,79.21,1.92641,1.39923,0.3195,-0.44796,100,580.04996,3.28513,20.96902,0.2525,0.35,0.3975,0.0,0.0,0.0
31,21,21.83,79.23,1.89387,1.50429,0.42185,-0.50987,100,571.18571,3.07442,16.93513,0.8775,0.1,0.0225,0.0,0.0,0.0
31,22,21.83,79.25,1.9031,1.52788,0.45824,-0.52557,100,550.02742,1.78634,6.82625,0.985,0.015,0.0,0.0,0.0,0.0
31,23,21.83,79.27,1.92934,1.51246,0.45562,-0.52437,100,523.75294,2.25905,10.53994,0.9125,0.035,0.0,0.0,0.0125,0.04
31,24,21.83,79.29,1.99898,1.52728,0.47577,-0.548,100,521.11859,2.24528,9.35766,0.825,0.09,0.0375,0.0,0.015,0.0325
31,25,21.83,79.31,1.95702,1.55101,0.50193,-0.55761,100,532.94105,2.01489,7.78376,0.9525,0.0375,0.01,0.0,0.0,0.0
31,26,21.83,79.33,1.92229,1.50962,0.44901,-0.51645,100,556.50926,4.81809,20.89873,0.7525,0.1375,0.11,0.0,0.0,0.0
31,27,21.83,79.35,1.8889,1.58454,0.49232,-0.53854,100,565.24738,4.13784,19.37174,0.8425,0.075,0.0825,0.0,0.0,0.0
31,28,21.83,79.37,1.90612,1.61479,0.52673,-0.54521,100,532.21187,4.51371,26.85996,0.995,0.005,0.0,0.0,0.0,0.0
31,29,21.83,79.39,1.86604,1.62996,0.52248,-0.54598,100,544.33361,3.44227,13.98027,1.0,0.0,0.0,0.0,0.0,0.0
31,30,21.83,79.41,1.92736,1.6386,0.49748,-0.54323,100,553.50643,2.45139,14.50942,1.0,0.0,0.0,0.0,0.0,0.0
31,31,21.83,79.43,1.93438,1.60972,0.50572,-0.54816,100,545.09917,2.26055,10.02933,0.975,0.025,0.0,0.0,0.0,0.0
31,32,21.83,79.45,2.02331,1.56704,0.48245,-0.54576,100,550.0146,2.89429,12.13973,0.9925,0.0075,0.0,0.0,0.0,0.0
31,33,21.83,79.47,2.02816,1.5713,0.45676,-0.52207,100,523.28619,4.28557,28.98664,0.995,0.005,0.0,0.0,0.0,0.0
31,34,21.83,79.49,2.01868,1.62614,0.48703,-0.53674,100,476.88979,5.63471,32.0511,0.9975,0.0025,0.0,0.0,0.0,0.0
31,35,21.83,79.51,1.92659,1.61351,0.47519,-0.52928,100,463.48501,4.96292,37.30758,0.955,0.0125,0.0,0.03,0.0025,0.0
31,36,21.83,79.53,1.92886,1.65643,0.51602,-0.54141,100,471.32722,6.21844,27.43532,1.0,0.0,0.0,0.0,0.0,0.0
31,37,21.83,79.55,1.91092,1.66492,0.52565,-0.54961,100,477.1131,4.96868,34.79083,1.0,0.0,0.0,0.0,0.0,0.0
31,38,21.83,79.57,1.90988,1.59678,0.5088,-0.54899,100,456.68551,3.70882,30.63382,1.0,0.0,0.0,0.0,0.0,0.0
31,39,21.83,79.59,1.91727,1.57929,0.48732,-0.54782,100,444.35695,1.8224,10.31466,0.9975,0.0025,0.0,0.0,0.0,0.0
31,40,21.83,79.61,1.91744,1.56109,0.48308,-0.55638,100,438.01346,1.5091,5.43066,0.755,0.0925,0.1475,0.005,0.0,0.0
31,41,21.83,79.63,1.93976,1.50009,0.41933,-0.52491,100,463.70401,4.25555,35.79952,0.6475,0.13,0.2175,0.0025,0.0,0.0025
31,42,21.83,79.65,1.92467,1.58307,0.50684,-0.54795,100,468.31691,3.56905,20.90658,0.9675,0.0325,0.0,0.0,0.0,0.0
31,43,21.83,79.67,1.85539,1.63106,0.53419,-0.56712,100,483.66486,4.56568,28.01651,0.965,0.0325,0.0025,0.0,0.0,0.0
31,44,21.83,79.69,1.81483,1.60781,0.53386,-0.56096,100,506.08666,3.42959,17.76256,0.985,0.01,0.005,0.0,0.0,0.0
31,45,21.83,79.71,1.75988,1.6327,0.55698,-0.58536,100,516.29666,2.64852,10.34162,1.0,0.0,0.0,0.0,0.0,0.0
31,46,21.83,79.73,1.78249,1.63468,0.56745,-0.58977,100,503.56369,3.59108,18.52881,1.0,0.0,0.0,0.0,0.0,0.0
31,47,21.83,79.75,1.80203,1.62975,0.55762,-0.57181,100,480.22186,5.5181,24.25024,1.0,0.0,0.0,0.0,0.0,0.0
31,48,21.83,79.77,1.86263,1.5952,0.51447,-0.54781,100,434.15261,5.60415,24.785,0.99,0.0075,0.0,0.0,0.0,0.0025
31,49,21.83,79.79,1.82936,1.44255,0.42866,-0.48742,100,381.12066,3.13163,22.45921,0.5625,0.1675,0.055,0.0,0.0,0.215
31,50,21.83,79.81,1.79494,1.43824,0.42766,-0.49733,100,367.36002,1.28288,6.73403,0.54,0.185,0.185,0.0,0.0,0.09
31,51,21.83,79.83,1.8693,1.4236,0.40135,-0.48427,100,364.8485,2.3516,12.0759,0.495,0.1875,0.29,0.005,0.0,0.0225
31,52,21.83,79.85,1.89958,1.40501,0.36608,-0.45578,100,350.41123,1.14801,6.48301,0.2225,0.195,0.5325,0.02,0.0,0.03
31,53,21.83,79.87,1.89301,1.38922,0.32391,-0.4247,100,342.99013,0.86875,4.86074,0.1975,0.055,0.73,0.0125,0.0,0.005
31,54,21.83,79.89,2.05998,1.43859,0.33328,-0.46994,100,339.69778,0.90271,3.96769,0.4375,0.3425,0.22,0.0,0.0,0.0
31,55,21.83,79.91,1.92101,1.46444,0.39874,-0.48771,100,335.66689,1.2118,4.19754,0.455,0.205,0.2975,0.0,0.0,0.0425
31,56,21.83,79.93,1.78732,1.44362,0.44275,-0.50479,100,331.73942,0.80383,3.62983,0.2525,0.0575,0.6725,0.0175,0.0,0.0
31,57,21.83,79.95,1.80732,1.41625,0.42045,-0.49758,100,323.43007,1.11849,4.01341,0.3225,0.135,0.5325,0.0,0.005,0.005
31,58,21.83,79.97,1.87019,1.39611,0.35441,-0.45733,100,320.9411,1.09465,4.38195,0.2125,0.1025,0.65,0.035,0.0,0.0
31,59,21.83,79.99,1.96697,1.38243,0.33668,-0.45309,100,323.51489,1.17285,4.62996,0.4025,0.22,0.3625,0.0125,0.0,0.0025
31,60,21.83,80.01,1.91695,1.31537,0.27081,-0.40844,100,317.67069,1.01848,3.95275,0.0675,0.195,0.6925,0.0275,0.0,0.0175
31,61,21.83,80.03,1.89946,1.34981,0.30664,-0.41862,100,309.10062,0.69767,3.402,0.1025,0.0275,0.8425,0.0225,0.0,0.005
31,62,21.83,80.05,1.57905,1.46529,0.42676,-0.47112,100,308.8385,0.78434,3.35839,0.2425,0.1225,0.5575,0.0225,0.0025,0.0525
31,63,21.83,80.07,1.45921,1.55284,0.49337,-0.50957,100,306.87062,0.71418,3.39709,0.2375,0.025,0.7175,0.02,0.0,0.0
31,64,21.83,80.09,1.4296,1.54926,0.50281,-0.50239,100,311.76079,1.04909,3.69523,0.38,0.045,0.535,0.035,0.0,0.005
31,65,21.83,80.11,1.64504,1.41074,0.36713,-0.43953,100,320.75482,1.34678,4.46742,0.3075,0.19,0.46,0.03,0.0,0.0125
31,66,21.83,80.13,1.54997,1.43857,0.41309,-0.46015,100,313.26349,0.68386,3.50358,0.1525,0.04,0.7775,0.0275,0.0,0.0025
31,67,21.83,80.15,1.67689,1.34113,0.30816,-0.40084,100,306.32849,0.96905,3.73667,0.0925,0.38,0.4825,0.02,0.0225,0.0025
31,68,21.83,80.17,1.5768,1.31328,0.27947,-0.37296,100,301.6622,1.50921,6.0833,0.16,0.365,0.225,0.155,0.0225,0.0725
31,69,21.83,80.19,1.47851,1.31067,0.30974,-0.37211,100,306.05513,0.42255,2.12754,0.0925,0.0875,0.55,0.27,0.0,0.0
31,70,21.83,80.21,1.41952,1.41899,0.40136,-0.40559,100,303.54036,0.42493,1.46755,0.195,0.075,0.6425,0.0875,0.0,0.0
31,71,21.83,80.23,1.42117,1.42736,0.3855,-0.40743,100,302.84693,0.89029,4.86153,0.215,0.0675,0.64,0.0775,0.0,0.0
31,72,21.83,80.25,1.55819,1.39351,0.4034,-0.44221,100,301.02061,0.48844,1.77726,0.14,0.0175,0.8125,0.03,0.0,0.0
31,73,21.83,80.27,1.63367,1.3814,0.35951,-0.42572,100,308.23522,1.57999,9.07912,0.3975,0.09,0.5025,0.0075,0.0,0.0025
31,74,21.83,80.29,1.61738,1.41909,0.39281,-0.45623,100,315.52562,1.96258,10.01316,0.4675,0.11,0.42,0.0025,0.0,0.0
31,75,21.83,80.31,1.46041,1.70859,0.56745,-0.56228,100,382.70007,9.87063,65.83431,0.8275,0.1025,0.07,0.0,0.0,0.0
31,76,21.83,80.33,1.37245,1.83047,0.64533,-0.61097,100,592.30337,6.13017,36.85864,1.0,0.0,0.0,0.0,0.0,0.0
31,77,21.83,80.35,1.45133,1.72937,0.61734,-0.59162,100,626.92966,4.56589,22.04867,0.895,0.095,0.01,0.0,0.0,0.0
31,78,21.83,80.37,1.62509,1.68035,0.55352,-0.58368,100,668.53727,6.39519,38.87491,0.88,0.0775,0.0425,0.0,0.0,0.0
31,79,21.83,80.39,1.8319,1.33115,0.31582,-0.43482,100,610.39534,2.44385,12.96865,0.2025,0.65,0.145,0.0,0.0,0.0025
31,80,21.83,80.41,1.6649,1.55002,0.49625,-0.54364,100,626.18139,2.90621,11.50157,0.6725,0.2375,0.09,0.0,0.0,0.0
31,81,21.83,80.43,1.5469,1.70528,0.59093,-0.59852,100,654.94874,4.65339,23.8803,0.8225,0.1675,0.01,0.0,0.0,0.0
31,82,21.83,80.45,1.47281,1.83316,0.63904,-0.61998,100,704.89325,6.99543,34.98597,1.0,0.0,0.0,0.0,0.0,0.0
31,83,21.83,80.47,1.56022,1.70233,0.57205,-0.58283,100,628.67564,4.5821,33.63142,0.88,0.1025,0.0175,0.0,0.0,0.0
31,84,21.83,80.49,1.48742,1.70775,0.57395,-0.57701,100,588.20652,4.48825,16.40659,0.935,0.04,0.025,0.0,0.0,0.0
31,85,21.83,80.51,1.43684,1.75855,0.58632,-0.57955,100,512.2252,11.18087,60.63833,0.9825,0.005,0.0,0.0,0.0125,0.0
31,86,21.83,80.53,1.41217,1.76061,0.59169,-0.58649,100,514.1446,8.2772,34.74017,0.9375,0.0525,0.0,0.0025,0.0075,0.0
31,87,21.83,80.55,1.40895,1.75217,0.59537,-0.5928,100,572.69865,5.24004,29.40573,0.8825,0.1025,0.015,0.0,0.0,0.0
31,88,21.83,80.57,1.43926,1.74553,0.58936,-0.59537,100,606.53261,4.94449,25.35931,0.955,0.035,0.01,0.0,0.0,0.0
31,89,21.83,80.59,1.71411,1.4898,0.41667,-0.50369,100,642.67321,5.65765,32.90772,0.66,0.3025,0.0375,0.0,0.0,0.0
32,0,21.85,78.81,1.694,1.57027,0.45096,-0.49105,100,568.62586,11.85531,42.38457,0.7375,0.2525,0.01,0.0,0.0,0.0
32,1,21.85,78.83,1.75989,1.49095,0.42727,-0.48736,100,620.92932,7.15037,41.37171,0.4575,0.2825,0.26,0.0,0.0,0.0
32,2,21.85,78.85,1.88251,1.33965,0.32119,-0.44364,100,654.95832,2.38154,15.40326,0.0725,0.1375,0.79,0.0,0.0,0.0
32,3,21.85,78.87,1.81654,1.39072,0.39771,-0.4809,100,658.02644,1.36978,6.86277,0.015,0.03,0.935,0.0175,0.0,0.0025
32,4,21.85,78.89,1.83608,1.38998,0.37136,-0.46592,100,655.38382,2.21954,10.00591,0.0325,0.1725,0.795,0.0,0.0,0.0
32,5,21.85,78.91,1.73742,1.45289,0.42504,-0.49898,100,652.36807,2.17398,11.76639,0.0875,0.1125,0.8,0.0,0.0,0.0
32,6,21.85,78.93,1.85719,1.34667,0.33185,-0.44588,100,648.37154,2.10785,9.24749,0.055,0.0725,0.87,0.0025,0.0,0.0
32,7,21.85,78.95,1.69235,1.41122,0.38056,-0.45673,100,635.7206,3.97202,14.65582,0.3425,0.25,0.4075,0.0,0.0,0.0
32,8,21.85,78.97,1.84522,1.36048,0.31223,-0.43272,100,641.98562,2.79795,12.71877,0.085,0.155,0.76,0.0,0.0,0.0
32,9,21.85,78.99,1.82942,1.40799,0.38079,-0.48049,100,633.39978,2.81348,13.00703,0.0875,0.1525,0.76,0.0,0.0,0.0
32,10,21.85,79.01,1.65533,1.57279,0.56756,-0.5771,100,635.57853,1.86624,10.39948,0.075,0.0575,0.8575,0.005,0.0,0.005
32,11,21.85,79.03,1.61688,1.5997,0.559,-0.57604,100,623.05396,2.31827,9.63208,0.0775,0.11,0.7925,0.005,0.0,0.015
32,12,21.85,79.05,1.78532,1.46127,0.45158,-0.52182,100,636.98006,1.58826,6.62508,0.02,0.01,0.965,0.005,0.0,0.0
32,13,21.85,79.07,1.8629,1.46051,0.35792,-0.47086,100,639.9445,1.75614,8.03022,0.015,0.0475,0.9275,0.0,0.0,0.01
32,14,21.85,79.09,1.70152,1.52403,0.49274,-0.53708,100,611.04669,2.20204,11.34661,0.02,0.0775,0.875,0.02,0.0,0.0075
32,15,21.85,79.11,1.71287,1.48484,0.44501,-0.50602,100,608.72723,2.22803,11.83659,0.03,0.09,0.84,0.04,0.0,0.0
32,16,21.85,79.13,1.76708,1.48542,0.412,-0.4991,100,610.84517,2.2967,13.50133,0.06,0.21,0.715,0.0,0.0025,0.0125
32,17,21.85,79.15,1.79112,1.38047,0.31155,-0.43189,100,629.32508,2.4931,10.44294,0.0425,0.1625,0.795,0.0,0.0,0.0
32,18,21.85,79.17,2.01441,1.40162,0.28512,-0.43212,100,616.15344,3.28226,14.41702,0.1225,0.2,0.665,0.0,0.0,0.0125
32,19,21.85,79.19,1.93627,1.41831,0.34618,-0.46251,100,600.44814,2.96767,13.38665,0.185,0.21,0.59,0.0025,0.0,0.0125
32,20,21.85,79.21,1.98792,1.35836,0.28881,-0.42209,100,583.90085,1.68354,9.04216,0.0925,0.1225,0.7825,0.0025,0.0,0.0
32,21,21.85,79.23,1.88184,1.4052,0.37816,-0.47589,100,564.30712,3.12218,18.05696,0.62,0.33,0.05,0.0,0.0,0.0
32,22,21.85,79.25,1.96057,1.38534,0.35543,-0.46987,100,532.41772,2.17017,8.14227,0.35,0.245,0.4,0.005,0.0,0.0
32,23,21.85,79.27,1.98408,1.47802,0.42215,-0.50813,100,526.15474,2.04302,9.30304,0.8525,0.035,0.1125,0.0,0.0,0.0
32,24,21.85,79.29,2.01176,1.40793,0.39291,-0.48988,100,518.37293,2.15843,8.0569,0.5125,0.08,0.35,0.0025,0.035,0.02
32,25,21.85,79.31,2.00082,1.53338,0.47132,-0.53052,100,547.1727,2.92712,12.94233,0.935,0.035,0.03,0.0,0.0,0.0
32,26,21.85,79.33,1.95708,1.50505,0.46805,-0.52845,100,571.54509,3.29977,18.59956,0.605,0.13,0.2625,0.0025,0.0,0.0
32,27,21.85,79.35,1.96438,1.40655,0.33455,-0.4578,100,572.04223,2.61149,12.35444,0.1225,0.265,0.6125,0.0,0.0,0.0
32,28,21.85,79.37,1.9431,1.5013,0.43044,-0.50603,100,576.56394,3.24551,14.16894,0.61,0.17,0.22,0.0,0.0,0.0
32,29,21.85,79.39,1.93546,1.55758,0.47674,-0.53563,100,558.22908,3.00818,13.17999,0.9825,0.0175,0.0,0.0,0.0,0.0
32,30,21.85,79.41,1.98414,1.47329,0.38236,-0.49457,100,574.77877,2.54551,8.49774,0.5375,0.19,0.2725,0.0,0.0,0.0
32,31,21.85,79.43,1.97577,1.52979,0.45388,-0.54222,100,581.09678,2.53856,15.99463,0.7475,0.125,0.1275,0.0,0.0,0.0
32,32,21.85,79.45,2.03475,1.4755,0.36701,-0.48618,100,591.51949,2.71181,15.95067,0.53,0.13,0.34,0.0,0.0,0.0
32,33,21.85,79.47,2.00483,1.52935,0.44494,-0.5338,100,580.66429,3.365,18.19389,0.92,0.035,0.045,0.0,0.0,0.0
32,34,21.85,79.49,2.01317,1.58461,0.49507,-0.55081,100,540.45181,4.65294,25.93112,1.0,0.0,0.0,0.0,0.0,0.0
32,35,21.85,79.51,1.97886,1.62917,0.48284,-0.54224,100,556.32435,4.354,16.24727,0.975,0.0,0.0,0.02,0.0,0.005
32,36,21.85,79.53,2.00939,1.69489,0.52001,-0.54068,100,553.82077,5.82712,30.4088,1.0,0.0,0.0,0.0,0.0,0.0
32,37,21.85,79.55,1.91088,1.66904,0.54329,-0.56352,100,549.42743,5.71028,21.82986,1.0,0.0,0.0,0.0,0.0,0.0
32,38,21.85,79.57,1.90535,1.75098,0.56204,-0.56357,100,560.90018,5.31882,22.66568,1.0,0.0,0.0,0.0,0.0,0.0
32,39,21.85,79.59,1.84838,1.74003,0.58263,-0.57257,100,501.68521,6.52264,35.66012,1.0,0.0,0.0,0.0,0.0,0.0
32,40,21.85,79.61,1.85881,1.62436,0.54484,-0.56745,100,468.55827,4.37341,19.90983,1.0,0.0,0.0,0.0,0.0,0.0
32,41,21.85,79.63,1.85818,1.68584,0.5888,-0.59013,100,503.28942,7.35937,43.171,1.0,0.0,0.0,0.0,0.0,0.0
32,42,21.85,79.65,1.83765,1.6395,0.55992,-0.5635,100,576.71186,8.42004,43.57837,1.0,0.0,0.0,0.0,0.0,0.0
32,43,21.85,79.67,1.82838,1.62564,0.56583,-0.56695,100,552.30781,6.12269,26.56065,0.9975,0.0025,0.0,0.0,0.0,0.0
32,44,21.85,79.69,1.79269,1.6295,0.58671,-0.59272,100,521.96004,4.12584,20.31038,1.0,0.0,0.0,0.0,0.0,0.0
32,45,21.85,79.71,1.85067,1.63144,0.54129,-0.58272,100,530.52545,2.13729,8.61696,1.0,0.0,0.0,0.0,0.0,0.0
32,46,21.85,79.73,1.88293,1.59574,0.5045,-0.55972,100,517.60168,2.43206,10.62883,1.0,0.0,0.0,0.0,0.0,0.0
32,47,21.85,79.75,1.88815,1.57856,0.50605,-0.5387,100,507.62415,3.17058,18.91865,0.9575,0.0425,0.0,0.0,0.0,0.0
32,48,21.85,79.77,1.83142,1.59454,0.53382,-0.54488,100,494.01472,3.74322,24.41368,0.9925,0.0075,0.0,0.0,0.0,0.0
32,49,21.85,79.79,1.86268,1.61443,0.54083,-0.55093,100,467.31333,7.92951,47.94338,0.9975,0.0025,0.0,0.0,0.0,0.0
32,50,21.85,79.81,1.8785,1.61407,0.51947,-0.5478,100,499.81664,7.62166,54.2114,0.995,0.005,0.0,0.0,0.0,0.0
32,51,21.85,79.83,1.93687,1.6209,0.5173,-0.55585,100,474.7155,9.30885,70.52378,0.9875,0.01,0.0025,0.0,0.0,0.0
32,52,21.85,79.85,2.02615,1.60584,0.48893,-0.5524,100,416.08983,6.92133,70.77148,0.9725,0.025,0.0025,0.0,0.0,0.0
32,53,21.85,79.87,2.02756,1.55181,0.44801,-0.51157,100,403.33633,5.43647,60.43174,0.9625,0.0375,0.0,0.0,0.0,0.0
32,54,21.85,79.89,2.07783,1.54323,0.39594,-0.51501,100,379.83657,4.60903,42.7124,0.8275,0.1625,0.005,0.0,0.0,0.005
32,55,21.85,79.91,1.96815,1.5499,0.45785,-0.54032,100,352.05896,3.2646,25.19514,0.685,0.055,0.25,0.0,0.0,0.01
32,56,21.85,79.93,1.8084,1.4323,0.41369,-0.49997,100,337.96402,1.34454,5.61381,0.4525,0.1425,0.375,0.005,0.0025,0.0225
32,57,21.85,79.95,1.91754,1.48234,0.43301,-0.52059,100,332.99847,1.19607,6.43189,0.755,0.1,0.08,0.0,0.0,0.065
32,58,21.85,79.97,1.88999,1.3756,0.33915,-0.44492,100,331.57028,0.87167,4.06576,0.21,0.2,0.58,0.0075,0.0,0.0025
32,59,21.85,79.99,1.92947,1.38803,0.32872,-0.45015,100,325.50741,0.86028,4.8861,0.245,0.17,0.575,0.0025,0.0,0.0075
32,60,21.85,80.01,1.93185,1.35083,0.3229,-0.4341,100,316.05132,0.77058,3.14309,0.1375,0.0325,0.785,0.015,0.0,0.03
32,61,21.85,80.03,1.92207,1.3801,0.33099,-0.44756,100,317.27862,1.00449,3.91058,0.3025,0.225,0.4625,0.0,0.0,0.01
32,62,21.85,80.05,1.67961,1.43063,0.37038,-0.44913,100,318.15747,1.00993,4.21038,0.4475,0.1925,0.3525,0.0,0.0025,0.005
32,63,21.85,80.07,1.70858,1.39263,0.33367,-0.42344,100,316.38015,1.00454,4.21097,0.1925,0.2125,0.5725,0.01,0.005,0.0075
32,64,21.85,80.09,1.70727,1.40362,0.33792,-0.42188,100,318.48057,1.08737,4.31303,0.24,0.355,0.4,0.005,0.0,0.0
32,65,21.85,80.11,1.76451,1.37815,0.30889,-0.42336,100,319.8748,1.32528,4.89217,0.28,0.3725,0.3175,0.0275,0.0,0.0025
32,66,21.85,80.13,1.60441,1.42195,0.39688,-0.4474,100,314.65649,1.11572,3.83619,0.1425,0.155,0.6625,0.04,0.0,0.0
32,67,21.85,80.15,1.59768,1.44221,0.3987,-0.44032,100,309.62038,0.63896,3.09152,0.12,0.03,0.795,0.05,0.0,0.005
32,68,21.85,80.17,1.49838,1.40825,0.36849,-0.41543,100,301.87219,1.69648,5.41479,0.4075,0.245,0.25,0.005,0.0175,0.075
32,69,21.85,80.19,1.44811,1.4333,0.38991,-0.40323,100,306.32838,0.29579,0.90629,0.1425,0.01,0.815,0.0325,0.0,0.0
32,70,21.85,80.21,1.37472,1.48532,0.43706,-0.41406,100,305.14842,0.34088,1.06161,0.1025,0.015,0.84,0.0425,0.0,0.0
32,71,21.85,80.23,1.50562,1.38134,0.36833,-0.42865,100,324.25266,4.20621,28.4078,0.47,0.135,0.23,0.1275,0.0375,0.0
32,72,21.85,80.25,1.61013,1.33488,0.30972,-0.3923,100,306.30465,0.59406,2.70685,0.07,0.1425,0.705,0.0625,0.01,0.01
32,73,21.85,80.27,1.55177,1.38496,0.39707,-0.41875,100,307.86448,0.77565,2.24966,0.2925,0.0875,0.6,0.02,0.0,0.0
32,74,21.85,80.29,1.57587,1.52895,0.47746,-0.51031,100,316.12002,1.77963,10.01265,0.835,0.11,0.055,0.0,0.0,0.0
32,75,21.85,80.31,1.38561,1.77112,0.61519,-0.56611,100,401.38245,9.25664,88.0448,0.75,0.085,0.165,0.0,0.0,0.0
32,76,21.85,80.33,1.38512,1.8395,0.65179,-0.60805,100,522.00495,11.9725,86.41438,0.995,0.005,0.0,0.0,0.0,0.0
32,77,21.85,80.35,1.50465,1.72005,0.60191,-0.59496,100,601.04332,3.93535,18.29016,0.86,0.0775,0.0625,0.0,0.0,0.0
32,78,21.85,80.37,1.83475,1.33441,0.31699,-0.42568,100,600.76371,2.83933,10.09955,0.165,0.3925,0.4425,0.0,0.0,0.0
32,79,21.85,80.39,1.82224,1.34728,0.30757,-0.42952,100,603.69038,2.42139,11.21921,0.2,0.5075,0.29,0.0025,0.0,0.0
32,80,21.85,80.41,1.71613,1.47778,0.45351,-0.51315,100,634.82761,3.40141,17.8997,0.6025,0.315,0.0825,0.0,0.0,0.0
32,81,21.85,80.43,1.65269,1.59297,0.53046,-0.55784,100,660.01734,4.52561,28.7916,0.6125,0.3475,0.04,0.0,0.0,0.0
32,82,21.85,80.45,1.61885,1.68005,0.57014,-0.59018,100,673.4187,6.64476,47.51396,0.8225,0.1525,0.025,0.0,0.0,0.0
32,83,21.85,80.47,1.83407,1.33991,0.31167,-0.44248,100,594.18038,2.47071,10.21154,0.1725,0.49,0.3375,0.0,0.0,0.0
32,84,21.85,80.49,1.60297,1.58728,0.50369,-0.53505,100,579.17499,2.66895,10.70663,0.875,0.09,0.035,0.0,0.0,0.0
32,85,21.85,80.51,1.50089,1.68038,0.54306,-0.55415,100,543.91661,5.53214,19.83249,0.9825,0.01,0.005,0.0,0.0025,0.0
32,86,21.85,80.53,1.52907,1.66589,0.53983,-0.55779,100,559.83442,6.96508,26.14276,0.985,0.015,0.0,0.0,0.0,0.0
32,87,21.85,80.55,1.36254,1.77725,0.60003,-0.59062,100,589.35711,4.5637,28.02808,1.0,0.0,0.0,0.0,0.0,0.0
32,88,21.85,80.57,1.44986,1.72392,0.58052,-0.59639,100,641.77974,5.21854,26.74247,0.855,0.105,0.04,0.0,0.0,0.0
32,89,21.85,80.59,1.64612,1.50597,0.4321,-0.51007,100,642.11392,5.62738,20.17411,0.655,0.28,0.065,0.0,0.0,0.0
33,0,21.87,78.81,1.78451,1.44537,0.38342,-0.4681,100,637.61699,5.93992,28.5308,0.3575,0.2325,0.4075,0.0025,0.0,0.0
33,1,21.87,78.83,1.84178,1.4618,0.42175,-0.50011,100,642.49868,3.57319,18.36434,0.16,0.21,0.63,0.0,0.0,0.0
33,2,21.87,78.85,1.76036,1.52051,0.48692,-0.53388,100,644.65182,1.96265,11.27402,0.0625,0.06,0.875,0.0025,0.0,0.0
33,3,21.87,78.87,1.6692,1.54223,0.5255,-0.55078,100,640.41533,1.2201,4.51143,0.0625,0.0575,0.8075,0.0725,0.0,0.0
33,4,21.87,78.89,1.5983,1.59463,0.59559,-0.59838,100,636.93986,1.64842,8.13538,0.07,0.065,0.8525,0.01,0.0025,0.0
33,5,21.87,78.91,1.61795,1.56547,0.56167,-0.58002,100,638.99545,1.91268,14.7046,0.055,0.115,0.8025,0.005,0.0225,0.0
33,6,21.87,78.93,1.7964,1.39776,0.41244,-0.47922,100,646.2088,1.87258,14.79916,0.005,0.09,0.905,0.0,0.0,0.0
33,7,21.87,78.95,1.77213,1.35299,0.34832,-0.45033,100,645.04217,1.85553,13.9768,0.0425,0.085,0.8475,0.025,0.0,0.0
33,8,21.87,78.97,1.77158,1.40918,0.39111,-0.47241,100,639.64352,1.70614,14.46479,0.02,0.0675,0.9125,0.0,0.0,0.0
33,9,21.87,78.99,1.79805,1.38593,0.38082,-0.47064,100,640.55391,2.44797,9.68806,0.0425,0.06,0.8975,0.0,0.0,0.0
33,10,21.87,79.01,1.58323,1.57803,0.57343,-0.58185,100,617.76771,1.595,9.87298,0.025,0.0475,0.865,0.01,0.0,0.0525
33,11,21.87,79.03,1.64197,1.53988,0.56164,-0.57918,100,615.63984,1.97184,10.97935,0.05,0.07,0.875,0.005,0.0,0.0
33,12,21.87,79.05,1.76887,1.38037,0.37802,-0.47,100,646.05023,2.09451,10.40983,0.035,0.065,0.9,0.0,0.0,0.0
33,13,21.87,79.07,1.80537,1.4206,0.35506,-0.45634,100,645.59524,1.65182,8.20506,0.0525,0.0025,0.935,0.01,0.0,0.0
33,14,21.87,79.09,1.70272,1.4981,0.46131,-0.52789,100,611.73394,2.15346,11.27143,0.125,0.0625,0.8,0.01,0.0,0.0025
33,15,21.87,79.11,1.71887,1.47851,0.44987,-0.51018,100,592.41349,1.00475,4.87633,0.0525,0.0225,0.925,0.0,0.0,0.0
33,16,21.87,79.13,1.70252,1.5835,0.47086,-0.53401,100,591.91775,1.22875,7.82082,0.0275,0.0375,0.91,0.0175,0.0,0.0075
33,17,21.87,79.15,1.76862,1.3742,0.30093,-0.43385,100,603.50859,2.83764,14.25859,0.03,0.2075,0.7475,0.0025,0.0,0.0125
33,18,21.87,79.17,2.03893,1.47251,0.38166,-0.48758,100,578.76925,1.88991,10.84548,0.075,0.0625,0.8525,0.01,0.0,0.0
33,19,21.87,79.19,1.8762,1.44865,0.45344,-0.51139,100,570.50761,1.74277,12.86839,0.1075,0.065,0.8175,0.01,0.0,0.0
33,20,21.87,79.21,1.98989,1.45963,0.41788,-0.49872,100,574.65697,1.49822,7.45871,0.025,0.03,0.9025,0.02,0.0,0.0225
33,21,21.87,79.23,1.9614,1.40972,0.37513,-0.4794,100,576.56692,1.99977,10.6253,0.1225,0.2025,0.6525,0.005,0.0,0.0175
33,22,21.87,79.25,1.95994,1.39805,0.36164,-0.47398,100,557.60446,2.53497,14.12729,0.5225,0.235,0.2425,0.0,0.0,0.0
33,23,21.87,79.27,1.98106,1.42239,0.37345,-0.47924,100,550.29028,2.59201,9.92291,0.5525,0.17,0.275,0.0025,0.0,0.0
33,24,21.87,79.29,2.04824,1.48307,0.44567,-0.52378,100,534.03053,2.26832,12.81516,0.9425,0.0225,0.0,0.0,0.0275,0.0075
33,25,21.87,79.31,1.96716,1.49123,0.4545,-0.5244,100,531.5569,2.7678,13.47317,0.7,0.0725,0.19,0.0025,0.0325,0.0025
33,26,21.87,79.33,1.94928,1.48458,0.43981,-0.51903,100,548.17875,2.17828,9.65554,0.7675,0.13,0.1025,0.0,0.0,0.0
33,27,21.87,79.35,1.99155,1.4025,0.37185,-0.48627,100,562.04066,1.76509,7.18519,0.195,0.235,0.5625,0.0075,0.0,0.0
33,28,21.87,79.37,1.9775,1.41737,0.37396,-0.48695,100,573.01226,1.25849,5.08078,0.0275,0.11,0.855,0.0075,0.0,0.0
33,29,21.87,79.39,2.00543,1.42847,0.32293,-0.45768,100,585.25575,1.98459,9.96657,0.15,0.155,0.6875,0.0075,0.0,0.0
33,30,21.87,79.41,2.00282,1.39552,0.31482,-0.45675,100,597.05381,2.72365,15.36177,0.0925,0.305,0.6025,0.0,0.0,0.0
33,31,21.87,79.43,2.04437,1.3822,0.26749,-0.42763,100,607.7196,2.76134,10.90643,0.0575,0.3475,0.59,0.0025,0.0,0.0025
33,32,21.87,79.45,2.03052,1.39321,0.30727,-0.44585,100,593.55082,1.68968,8.24727,0.0275,0.0575,0.9075,0.0075,0.0,0.0
33,33,21.87,79.47,2.03393,1.45979,0.33515,-0.47426,100,601.01367,3.03885,13.06505,0.5475,0.1525,0.2975,0.0025,0.0,0.0
33,34,21.87,79.49,1.98985,1.53048,0.44687,-0.53281,100,582.27534,3.50146,15.20703,0.9775,0.0125,0.01,0.0,0.0,0.0
33,35,21.87,79.51,1.93482,1.59318,0.4823,-0.54785,100,573.58547,3.32794,12.67183,1.0,0.0,0.0,0.0,0.0,0.0
33,36,21.87,79.53,1.96259,1.59542,0.4558,-0.53065,100,581.22451,2.5153,7.13039,0.9275,0.0375,0.03,0.005,0.0,0.0
33,37,21.87,79.55,1.86533,1.65892,0.54222,-0.57709,100,578.76374,3.34292,13.20123,1.0,0.0,0.0,0.0,0.0,0.0
33,38,21.87,79.57,1.83817,1.71881,0.57759,-0.5855,100,575.71727,3.46329,13.25159,1.0,0.0,0.0,0.0,0.0,0.0
33,39,21.87,79.59,1.79657,1.71935,0.59485,-0.59067,100,533.50866,5.36742,23.71231,1.0,0.0,0.0,0.0,0.0,0.0
33,40,21.87,79.61,1.86609,1.66848,0.55551,-0.56645,100,539.03899,6.59857,33.9656,1.0,0.0,0.0,0.0,0.0,0.0
33,41,21.87,79.63,1.86758,1.6237,0.54994,-0.56668,100,561.8848,4.09601,23.01583,1.0,0.0,0.0,0.0,0.0,0.0
33,42,21.87,79.65,1.84818,1.63914,0.58437,-0.59418,100,589.44026,4.62623,23.99109,0.9725,0.0125,0.015,0.0,0.0,0.0
33,43,21.87,79.67,1.91452,1.5167,0.45224,-0.53409,100,587.79734,3.46634,11.54375,0.665,0.1125,0.2225,0.0,0.0,0.0
33,44,21.87,79.69,1.84054,1.61594,0.54907,-0.57314,100,563.74537,2.62442,13.78133,1.0,0.0,0.0,0.0,0.0,0.0
33,45,21.87,79.71,1.90969,1.60724,0.52093,-0.56897,100,544.55606,2.16186,10.58658,1.0,0.0,0.0,0.0,0.0,0.0
33,46,21.87,79.73,1.95989,1.54792,0.47223,-0.54397,100,537.18807,1.8879,6.60523,0.975,0.025,0.0,0.0,0.0,0.0
33,47,21.87,79.75,1.98565,1.49844,0.43811,-0.53015,100,535.59729,1.52976,4.6637,0.825,0.09,0.085,0.0,0.0,0.0
33,48,21.87,79.77,1.95918,1.42692,0.38317,-0.4896,100,529.42125,1.83971,6.88062,0.635,0.3,0.06,0.0025,0.0,0.0025
33,49,21.87,79.79,1.95324,1.45586,0.39685,-0.50201,100,542.98361,1.78278,9.91773,0.7125,0.23,0.0575,0.0,0.0,0.0
33,50,21.87,79.81,1.99612,1.37402,0.35004,-0.46846,100,553.80632,2.37487,11.31153,0.5025,0.335,0.15,0.0075,0.005,0.0
33,51,21.87,79.83,2.05918,1.53032,0.45372,-0.53585,100,580.40809,4.85733,17.6831,0.91,0.08,0.01,0.0,0.0,0.0
33,52,21.87,79.85,1.93021,1.60791,0.53136,-0.56453,100,511.60323,6.25212,28.44497,1.0,0.0,0.0,0.0,0.0,0.0
33,53,21.87,79.87,1.83659,1.65039,0.57081,-0.58293,100,465.87154,9.20726,42.67253,1.0,0.0,0.0,0.0,0.0,0.0
33,54,21.87,79.89,1.83296,1.61942,0.55412,-0.5689,100,402.33359,7.38614,28.41665,1.0,0.0,0.0,0.0,0.0,0.0
33,55,21.87,79.91,1.81563,1.65822,0.5606,-0.56409,100,444.80305,8.29539,37.66112,0.9975,0.0025,0.0,0.0,0.0,0.0
33,56,21.87,79.93,1.88023,1.59211,0.48883,-0.53794,100,403.68774,7.70996,61.62904,0.79,0.0975,0.11,0.0025,0.0,0.0
33,57,21.87,79.95,1.92037,1.63735,0.50962,-0.55525,100,424.03353,7.4105,77.3716,0.995,0.0025,0.0025,0.0,0.0,0.0
33,58,21.87,79.97,1.95997,1.57314,0.47863,-0.54273,100,367.01192,4.36561,42.37359,0.93,0.0675,0.0025,0.0,0.0,0.0
33,59,21.87,79.99,2.04247,1.47785,0.36968,-0.49855,100,344.99508,3.6835,28.33103,0.715,0.2175,0.065,0.0,0.0,0.0025
33,60,21.87,80.01,1.92058,1.36688,0.32455,-0.43631,100,324.65998,0.66507,4.01183,0.29,0.2175,0.4575,0.005,0.0,0.03
33,61,21.87,80.03,1.85256,1.35535,0.32736,-0.42486,100,325.49569,0.83147,2.72994,0.0625,0.065,0.8425,0.03,0.0,0.0
33,62,21.87,80.05,1.7104,1.36099,0.31767,-0.40837,100,323.33499,0.73792,3.56029,0.1325,0.055,0.76,0.0475,0.0,0.005
33,63,21.87,80.07,1.71264,1.3608,0.31502,-0.40956,100,321.70494,0.86934,4.01006,0.0675,0.2225,0.6725,0.0225,0.0025,0.0125
33,64,21.87,80.09,1.57551,1.44812,0.40435,-0.44787,100,315.28373,0.68173,3.52798,0.1675,0.0725,0.75,0.0075,0.0,0.0025
33,65,21.87,80.11,1.66664,1.40024,0.36396,-0.43624,100,309.94891,0.76253,2.687,0.1275,0.2075,0.6275,0.0375,0.0,0.0
33,66,21.87,80.13,1.61554,1.45591,0.41555,-0.4647,100,307.51553,0.93165,3.63164,0.2,0.1525,0.61,0.0375,0.0,0.0
33,67,21.87,80.15,1.59681,1.44325,0.40097,-0.45743,100,307.9263,1.32241,5.61629,0.3425,0.2225,0.435,0.0,0.0,0.0
33,68,21.87,80.17,1.55004,1.40188,0.35833,-0.42454,100,301.21379,1.59758,4.84491,0.5275,0.1575,0.195,0.0,0.01,0.11
33,69,21.87,80.19,1.41496,1.47033,0.42696,-0.43278,100,306.48554,0.43381,2.25871,0.095,0.0275,0.84,0.0375,0.0,0.0
33,70,21.87,80.21,1.56832,1.40906,0.39204,-0.43033,100,307.57656,0.52706,2.37025,0.07,0.0225,0.875,0.03,0.0,0.0025
33,71,21.87,80.23,1.65227,1.42754,0.37873,-0.45036,100,350.78486,7.29821,56.68804,0.46,0.215,0.3225,0.0,0.0,0.0025
33,72,21.87,80.25,1.59736,1.3843,0.33467,-0.41261,100,333.82936,4.82703,43.59711,0.465,0.1475,0.3775,0.0025,0.0,0.0075
33,73,21.87,80.27,1.58844,1.36401,0.35997,-0.41911,100,314.16803,0.74052,3.52591,0.2275,0.1175,0.625,0.02,0.0,0.01
33,74,21.87,80.29,1.66447,1.50323,0.4288,-0.49084,100,317.79411,1.48423,6.34541,0.75,0.175,0.0725,0.0,0.0025,0.0
33,75,21.87,80.31,1.49652,1.75604,0.58795,-0.57169,100,406.93364,8.61424,84.32901,0.9975,0.0025,0.0,0.0,0.0,0.0
33,76,21.87,80.33,1.45208,1.75568,0.61049,-0.59009,100,572.21283,6.64742,45.16475,1.0,0.0,0.0,0.0,0.0,0.0
33,77,21.87,80.35,1.66262,1.41954,0.38052,-0.45614,100,595.30881,3.06015,10.95885,0.47,0.3475,0.1825,0.0,0.0,0.0
33,78,21.87,80.37,1.71702,1.42269,0.39188,-0.47816,100,595.00727,2.87491,11.9657,0.5375,0.355,0.1075,0.0,0.0,0.0
33,79,21.87,80.39,1.62806,1.62949,0.54743,-0.56362,100,619.66574,2.97111,13.46929,0.6725,0.1775,0.15,0.0,0.0,0.0
33,80,21.87,80.41,1.5323,1.72428,0.60301,-0.60021,100,686.90756,5.84541,49.72948,0.99,0.01,0.0,0.0,0.0,0.0
33,81,21.87,80.43,1.60651,1.67896,0.57281,-0.5928,100,764.50295,5.485,39.44382,0.8925,0.1075,0.0,0.0,0.0,0.0
33,82,21.87,80.45,1.54464,1.71978,0.60191,-0.60464,100,709.914,6.68655,56.4773,0.84,0.1325,0.0275,0.0,0.0,0.0
33,83,21.87,80.47,1.754,1.39915,0.38477,-0.47157,100,604.6769,3.06638,18.07994,0.345,0.4125,0.235,0.0,0.0,0.0075
33,84,21.87,80.49,1.70223,1.37962,0.3324,-0.43349,100,581.97821,2.3228,10.68081,0.31,0.31,0.365,0.005,0.0,0.01
33,85,21.87,80.51,1.55924,1.6059,0.50384,-0.53408,100,571.252,2.9763,10.56137,0.9625,0.0275,0.0075,0.0,0.0025,0.0
33,86,21.87,80.53,1.67938,1.48954,0.40275,-0.48192,100,577.49189,3.49505,11.99494,0.6425,0.27,0.0875,0.0,0.0,0.0
33,87,21.87,80.55,1.67578,1.46528,0.4016,-0.48763,100,594.65788,4.26965,22.73604,0.54,0.3225,0.1375,0.0,0.0,0.0
33,88,21.87,80.57,1.60959,1.53728,0.46351,-0.52168,100,602.21721,2.53861,8.44596,0.6775,0.255,0.0675,0.0,0.0,0.0
33,89,21.87,80.59,1.73535,1.38438,0.34902,-0.4615,100,625.87171,4.05926,22.0764,0.475,0.37,0.155,0.0,0.0,0.0
34,0,21.89,78.81,1.83355,1.46001,0.44045,-0.50862,100,670.66378,2.31874,12.85741,0.085,0.1325,0.7825,0.0,0.0,0.0
34,1,21.89,78.83,1.75427,1.48882,0.47899,-0.52435,100,667.18256,1.18761,6.39578,0.02,0.0225,0.91,0.0475,0.0,0.0
34,2,21.89,78.85,1.73986,1.55125,0.51418,-0.55014,100,654.00946,0.96524,5.27789,0.0225,0.065,0.8925,0.02,0.0,0.0
34,3,21.89,78.87,1.74285,1.51051,0.48672,-0.53096,100,652.9004,1.00126,6.34989,0.025,0.0375,0.9225,0.015,0.0,0.0
34,4,21.89,78.89,1.73014,1.44927,0.44226,-0.5008,100,644.7632,1.09041,5.81563,0.0425,0.0325,0.9225,0.0025,0.0,0.0
34,5,21.89,78.91,1.63794,1.57011,0.57839,-0.58682,100,629.25729,1.4972,7.14447,0.0575,0.045,0.895,0.0,0.0025,0.0
34,6,21.89,78.93,1.66193,1.55019,0.5429,-0.56571,100,621.13565,1.42715,6.83904,0.08,0.0425,0.8675,0.01,0.0,0.0
34,7,21.89,78.95,1.57987,1.58391,0.58492,-0.58433,100,613.69193,1.20742,6.22724,0.115,0.0275,0.8375,0.0025,0.0075,0.01
34,8,21.89,78.97,1.72457,1.50971,0.4932,-0.53563,100,618.0147,1.56825,9.45224,0.025,0.05,0.8925,0.015,0.0175,0.0
34,9,21.89,78.99,1.73784,1.47877,0.48168,-0.53242,100,624.25425,1.87353,11.11387,0.0125,0.0475,0.8975,0.0425,0.0,0.0
34,10,21.89,79.01,1.53053,1.59238,0.60793,-0.59619,100,612.37332,1.10887,5.70176,0.01,0.0075,0.9675,0.015,0.0,0.0
34,11,21.89,79.03,1.45955,1.68844,0.67075,-0.63707,100,601.48018,1.20845,6.05082,0.055,0.01,0.9225,0.0125,0.0,0.0
34,12,21.89,79.05,1.67057,1.49723,0.5361,-0.55961,100,616.28724,2.44627,11.10483,0.0525,0.0775,0.855,0.015,0.0,0.0
34,13,21.89,79.07,1.79217,1.385,0.34776,-0.45936,100,637.53868,2.32274,10.41248,0.045,0.06,0.8925,0.0025,0.0,0.0
34,14,21.89,79.09,1.81628,1.4353,0.34223,-0.46107,100,630.75943,3.75454,16.20325,0.14,0.2475,0.59,0.0,0.0,0.0225
34,15,21.89,79.11,1.70297,1.46456,0.44606,-0.50779,100,596.37489,1.82302,9.42998,0.04,0.0875,0.7975,0.0325,0.0,0.0425
34,16,21.89,79.13,1.65506,1.54944,0.51958,-0.55264,100,580.86297,1.09758,5.70158,0.06,0.02,0.9175,0.0025,0.0,0.0
34,17,21.89,79.15,1.82393,1.3468,0.28247,-0.41472,100,591.43507,1.68951,6.77988,0.0025,0.0825,0.9125,0.0025,0.0,0.0
34,18,21.89,79.17,2.04342,1.4164,0.3076,-0.44247,100,578.14699,1.64886,9.51779,0.015,0.1075,0.8625,0.0125,0.0,0.0025
34,19,21.89,79.19,1.8196,1.46162,0.49054,-0.5233,100,560.28808,1.40906,5.04307,0.0875,0.0575,0.7725,0.01,0.0125,0.06
34,20,21.89,79.21,1.80963,1.43578,0.45292,-0.50428,100,559.52774,1.20325,4.86203,0.135,0.05,0.7525,0.0225,0.0,0.04
34,21,21.89,79.23,1.90392,1.4489,0.43468,-0.50232,100,557.74856,1.22585,5.21569,0.075,0.015,0.835,0.0075,0.0175,0.05
34,22,21.89,79.25,1.99955,1.44534,0.4015,-0.49209,100,565.06368,2.09062,11.07412,0.135,0.09,0.745,0.015,0.0,0.015
34,23,21.89,79.27,1.96339,1.40392,0.32713,-0.45985,100,587.17707,3.67268,11.74841,0.4325,0.355,0.2125,0.0,0.0,0.0
34,24,21.89,79.29,2.01024,1.44453,0.40494,-0.50647,100,549.41908,2.3898,13.27327,0.725,0.145,0.12,0.0,0.0025,0.0075
34,25,21.89,79.31,1.99748,1.44591,0.42527,-0.5163,100,532.46849,2.29271,8.6964,0.5825,0.065,0.2825,0.0,0.03,0.04
34,26,21.89,79.33,2.00452,1.44516,0.40436,-0.50312,100,552.62055,2.40421,12.45133,0.59,0.215,0.195,0.0,0.0,0.0
34,27,21.89,79.35,2.01271,1.34905,0.3118,-0.44781,100,570.41194,1.6646,7.47056,0.0725,0.2325,0.695,0.0,0.0,0.0
34,28,21.89,79.37,1.98644,1.31764,0.28048,-0.42344,100,560.95809,1.65581,6.85717,0.03,0.2075,0.7625,0.0,0.0,0.0
34,29,21.89,79.39,2.04071,1.39366,0.30347,-0.44732,100,589.29429,1.97387,11.95933,0.0475,0.2575,0.6875,0.005,0.0,0.0025
34,30,21.89,79.41,2.01232,1.42333,0.34438,-0.47252,100,597.14562,3.61488,17.06032,0.1625,0.3125,0.525,0.0,0.0,0.0
34,31,21.89,79.43,2.05418,1.44873,0.36395,-0.49608,100,593.81217,3.32187,17.79544,0.1825,0.2975,0.515,0.005,0.0,0.0
34,32,21.89,79.45,2.03384,1.41385,0.31966,-0.45277,100,581.12195,1.74201,9.47978,0.055,0.125,0.8175,0.0025,0.0,0.0
34,33,21.89,79.47,2.06876,1.46849,0.31725,-0.46269,100,590.65942,1.94168,14.17921,0.05,0.215,0.735,0.0,0.0,0.0
34,34,21.89,79.49,1.97383,1.4364,0.31047,-0.43375,100,596.45819,1.82867,6.95742,0.3125,0.1275,0.5575,0.0,0.0,0.0025
34,35,21.89,79.51,1.94334,1.55546,0.44518,-0.53164,100,595.9802,3.02086,17.25552,0.98,0.01,0.01,0.0,0.0,0.0
34,36,21.89,79.53,1.96907,1.51262,0.42345,-0.51352,100,601.18652,3.24239,16.16655,0.7575,0.15,0.08,0.0125,0.0,0.0
34,37,21.89,79.55,1.92384,1.56548,0.45822,-0.52808,100,603.47095,2.9337,12.26804,0.9525,0.03,0.0175,0.0,0.0,0.0
34,38,21.89,79.57,1.87183,1.58915,0.49601,-0.55769,100,592.36504,2.66384,11.20284,0.815,0.09,0.095,0.0,0.0,0.0
34,39,21.89,79.59,1.9076,1.63049,0.5378,-0.58285,100,572.61764,2.97028,17.4664,0.995,0.005,0.0,0.0,0.0,0.0
34,40,21.89,79.61,1.91988,1.586,0.50966,-0.56935,100,559.62657,3.01704,13.24601,1.0,0.0,0.0,0.0,0.0,0.0
34,41,21.89,79.63,1.9651,1.52314,0.45444,-0.55359,100,580.60593,2.47476,9.24499,0.75,0.09,0.1525,0.005,0.0,0.0025
34,42,21.89,79.65,1.89131,1.54548,0.48805,-0.54268,100,588.60994,3.45148,22.00679,0.64,0.08,0.275,0.005,0.0,0.0
34,43,21.89,79.67,1.86446,1.5906,0.52133,-0.57603,100,579.63155,3.01858,14.77479,0.755,0.0725,0.17,0.0025,0.0,0.0
34,44,21.89,79.69,1.85573,1.61692,0.55115,-0.59066,100,571.71405,2.02408,9.34668,0.9025,0.0725,0.025,0.0,0.0,0.0
34,45,21.89,79.71,1.89196,1.5052,0.46835,-0.52725,100,558.64499,1.63159,7.88752,0.595,0.115,0.28,0.01,0.0,0.0
34,46,21.89,79.73,1.86613,1.46653,0.44882,-0.50943,100,548.03636,1.02357,4.02122,0.3,0.1225,0.5675,0.01,0.0,0.0
34,47,21.89,79.75,1.79977,1.39964,0.39329,-0.46542,100,542.33793,0.82165,3.19247,0.0525,0.0775,0.815,0.0425,0.0,0.0125
34,48,21.89,79.77,1.85345,1.41278,0.4075,-0.48146,100,538.43603,0.71678,3.36882,0.04,0.095,0.8425,0.0225,0.0,0.0
34,49,21.89,79.79,1.87005,1.4037,0.39043,-0.46836,100,544.77731,0.96974,4.74163,0.08,0.185,0.7075,0.0175,0.0,0.01
34,50,21.89,79.81,1.83489,1.37714,0.36862,-0.45477,100,552.22893,0.88101,3.93153,0.05,0.0125,0.915,0.02,0.0,0.0025
34,51,21.89,79.83,2.01832,1.47964,0.40584,-0.51396,100,560.26687,1.79442,7.77322,0.61,0.15,0.2225,0.01,0.005,0.0025
34,52,21.89,79.85,2.00964,1.53202,0.44534,-0.5259,100,537.63011,4.13697,20.76577,1.0,0.0,0.0,0.0,0.0,0.0
34,53,21.89,79.87,1.84693,1.61327,0.54596,-0.56402,100,470.36332,8.25963,30.41061,1.0,0.0,0.0,0.0,0.0,0.0
34,54,21.89,79.89,1.84842,1.62033,0.54804,-0.55725,100,465.79914,7.5795,31.23462,1.0,0.0,0.0,0.0,0.0,0.0
34,55,21.89,79.91,1.86279,1.64255,0.56216,-0.57031,100,487.11633,3.9224,20.91043,1.0,0.0,0.0,0.0,0.0,0.0
34,56,21.89,79.93,1.86589,1.64613,0.56309,-0.58036,100,500.04167,4.6359,19.4687,1.0,0.0,0.0,0.0,0.0,0.0
34,57,21.89,79.95,1.87447,1.68591,0.57119,-0.58586,100,536.37432,5.19656,18.03029,0.99,0.01,0.0,0.0,0.0,0.0
34,58,21.89,79.97,1.79527,1.70492,0.57799,-0.57838,100,486.66153,9.53923,54.82158,1.0,0.0,0.0,0.0,0.0,0.0
34,59,21.89,79.99,1.9677,1.53069,0.44187,-0.52462,100,387.70232,5.95615,35.82388,0.9325,0.065,0.0025,0.0,0.0,0.0
34,60,21.89,80.01,1.90922,1.37132,0.3482,-0.44446,100,339.86887,1.14077,7.71799,0.3025,0.305,0.3775,0.0125,0.0,0.0025
34,61,21.89,80.03,1.84766,1.36888,0.33575,-0.4398,100,328.17128,0.52162,3.11926,0.0325,0.015,0.9425,0.01,0.0,0.0
34,62,21.89,80.05,1.69671,1.37656,0.34706,-0.43191,100,321.475,0.46422,2.38372,0.0225,0.03,0.9075,0.04,0.0,0.0
34,63,21.89,80.07,1.49467,1.50731,0.43873,-0.4616,100,315.8193,0.41449,2.32649,0.09,0.0125,0.8925,0.005,0.0,0.0
34,64,21.89,80.09,1.61397,1.43834,0.38472,-0.44795,100,312.79739,0.4799,2.18845,0.0775,0.0625,0.83,0.03,0.0,0.0
34,65,21.89,80.11,1.62117,1.4843,0.40836,-0.4605,100,314.26128,0.39254,1.59931,0.0175,0.005,0.975,0.0025,0.0,0.0
34,66,21.89,80.13,1.46061,1.51346,0.44816,-0.44155,100,311.78028,0.5267,2.09714,0.095,0.0,0.905,0.0,0.0,0.0
34,67,21.89,80.15,1.51437,1.47194,0.41278,-0.43995,100,307.81961,0.92312,2.90128,0.3025,0.045,0.6025,0.0475,0.0,0.0025
34,68,21.89,80.17,1.47319,1.42782,0.40397,-0.42799,100,302.02116,1.33474,4.47334,0.2925,0.065,0.4875,0.03,0.025,0.1
34,69,21.89,80.19,1.61364,1.39743,0.35837,-0.41988,100,310.233,0.87419,4.24974,0.13,0.1575,0.665,0.045,0.0025,0.0
34,70,21.89,80.21,1.61616,1.38284,0.36982,-0.43812,100,314.52552,0.76479,4.86812,0.16,0.13,0.6875,0.0225,0.0,0.0
34,71,21.89,80.23,1.50008,1.70891,0.5294,-0.55096,100,356.62275,6.60179,44.80268,0.975,0.0225,0.0025,0.0,0.0,0.0
34,72,21.89,80.25,1.52717,1.74278,0.53761,-0.5493,100,432.88633,15.14372,87.60485,0.9975,0.0025,0.0,0.0,0.0,0.0
34,73,21.89,80.27,1.57854,1.64859,0.51708,-0.54044,100,342.82684,3.82966,31.61364,0.8225,0.11,0.0525,0.0025,0.0,0.0125
34,74,21.89,80.29,1.48218,1.62927,0.51421,-0.52534,100,344.14273,4.1632,31.23175,0.68,0.11,0.015,0.0,0.0,0.195
34,75,21.89,80.31,1.49133,1.80332,0.60469,-0.58874,100,518.28087,13.10199,87.2484,0.995,0.005,0.0,0.0,0.0,0.0
34,76,21.89,80.33,1.45267,1.79558,0.6267,-0.60574,100,621.58585,5.83272,28.10398,1.0,0.0,0.0,0.0,0.0,0.0
34,77,21.89,80.35,1.50946,1.69579,0.57994,-0.57042,100,589.65281,3.60443,11.18274,0.9375,0.0575,0.005,0.0,0.0,0.0
34,78,21.89,80.37,1.48986,1.72288,0.5965,-0.58399,100,611.58782,2.97354,11.87667,1.0,0.0,0.0,0.0,0.0,0.0
34,79,21.89,80.39,1.48492,1.75025,0.61043,-0.60259,100,663.96027,4.84477,41.87021,0.995,0.005,0.0,0.0,0.0,0.0
34,80,21.89,80.41,1.5369,1.74209,0.60435,-0.60324,100,731.21069,5.97942,33.94637,0.9725,0.0275,0.0,0.0,0.0,0.0
34,81,21.89,80.43,1.67834,1.56829,0.50062,-0.55876,100,761.062,5.35964,28.54901,0.8875,0.1125,0.0,0.0,0.0,0.0
34,82,21.89,80.45,1.55681,1.66821,0.56891,-0.58378,100,755.34085,5.95128,28.95907,0.985,0.015,0.0,0.0,0.0,0.0
34,83,21.89,80.47,1.61822,1.63999,0.54206,-0.56691,100,655.82015,5.51343,38.54858,0.755,0.2225,0.0175,0.0,0.0,0.005
34,84,21.89,80.49,1.72518,1.41323,0.38033,-0.46631,100,595.07067,4.05456,11.95435,0.4425,0.3875,0.15,0.0,0.0,0.02
34,85,21.89,80.51,1.60156,1.57941,0.47904,-0.52408,100,584.3702,2.74186,8.69555,0.945,0.0525,0.0025,0.0,0.0,0.0
34,86,21.89,80.53,1.60344,1.56932,0.47751,-0.52351,100,588.29368,3.10752,12.97745,0.8875,0.06,0.0525,0.0,0.0,0.0
34,87,21.89,80.55,1.74926,1.44363,0.38332,-0.47545,100,603.41468,3.5543,25.83231,0.5525,0.23,0.2175,0.0,0.0,0.0
34,88,21.89,80.57,1.65662,1.57166,0.43581,-0.51574,100,618.19304,4.776,32.35559,0.7525,0.1175,0.13,0.0,0.0,0.0
34,89,21.89,80.59,1.7713,1.40739,0.36556,-0.47229,100,645.00244,5.071,37.08785,0.43,0.39,0.18,0.0,0.0,0.0
35,0,21.91,78.81,1.6086,1.60571,0.58926,-0.59055,100,680.82583,1.15931,7.35613,0.1325,0.0575,0.685,0.0075,0.0025,0.115
35,1,21.91,78.83,1.63039,1.67548,0.6347,-0.62222,100,669.94987,1.13251,5.92905,0.12,0.005,0.87,0.005,0.0,0.0
35,2,21.91,78.85,1.78518,1.56274,0.51174,-0.54487,100,668.32707,0.84516,4.821,0.01,0.0,0.99,0.0,0.0,0.0
35,3,21.91,78.87,1.70222,1.58086,0.54409,-0.55673,100,665.80942,1.11544,5.42276,0.0075,0.0525,0.94,0.0,0.0,0.0
35,4,21.91,78.89,1.75059,1.40237,0.39255,-0.47088,100,650.24095,1.45387,8.6538,0.005,0.145,0.845,0.005,0.0,0.0
35,5,21.91,78.91,1.78958,1.34036,0.35339,-0.45663,100,643.22485,2.42159,13.22393,0.025,0.2275,0.7375,0.01,0.0,0.0
35,6,21.91,78.93,1.57606,1.56516,0.58678,-0.57721,100,617.87582,1.50605,7.36023,0.0775,0.0625,0.8525,0.0,0.0075,0.0
35,7,21.91,78.95,1.55596,1.5491,0.58156,-0.58046,100,618.02581,1.09185,6.45958,0.0325,0.0375,0.865,0.06,0.005,0.0
35,8,21.91,78.97,1.45564,1.70396,0.67542,-0.63482,100,606.34042,1.32364,6.83836,0.0975,0.0475,0.845,0.0,0.0,0.01
35,9,21.91,78.99,1.39405,1.76008,0.70661,-0.65947,100,604.4515,1.4592,9.81534,0.075,0.0275,0.8725,0.0025,0.0125,0.01
35,10,21.91,79.01,1.37931,1.78856,0.71528,-0.66911,100,598.5357,1.23535,6.01752,0.0675,0.025,0.885,0.005,0.005,0.0125
35,11,21.91,79.03,1.39603,1.60572,0.6419,-0.6006,100,594.07125,1.07379,4.23002,0.045,0.025,0.885,0.0275,0.005,0.0125
35,12,21.91,79.05,1.44835,1.6534,0.64211,-0.60586,100,594.73825,2.0323,11.8826,0.1425,0.08,0.75,0.0,0.0,0.0275
35,13,21.91,79.07,1.68451,1.43635,0.45141,-0.50386,100,611.54932,2.71384,17.44103,0.0575,0.145,0.7775,0.0125,0.0,0.0075
35,14,21.91,79.09,1.80165,1.4368,0.3939,-0.49267,100,617.43223,2.97166,14.3904,0.0175,0.1725,0.81,0.0,0.0,0.0
35,15,21.91,79.11,1.74902,1.45493,0.42779,-0.49837,100,604.27012,2.51258,12.03123,0.0225,0.1975,0.7425,0.0375,0.0,0.0
35,16,21.91,79.13,1.61326,1.68236,0.59901,-0.60173,100,579.00992,0.94289,6.85251,0.025,0.01,0.9425,0.0225,0.0,0.0
35,17,21.91,79.15,1.66905,1.45397,0.45329,-0.50277,100,575.98327,1.62976,9.45414,0.0475,0.105,0.8175,0.0275,0.0,0.0025
35,18,21.91,79.17,1.83951,1.42453,0.4364,-0.50125,100,571.54264,0.85105,5.56379,0.0525,0.0075,0.94,0.0,0.0,0.0
35,19,21.91,79.19,1.72716,1.45909,0.49126,-0.51099,100,563.84703,1.28968,5.31184,0.1025,0.025,0.7775,0.04,0.0,0.055
35,20,21.91,79.21,1.84432,1.41475,0.44638,-0.50082,100,572.15473,0.78255,4.22886,0.0225,0.035,0.925,0.0175,0.0,0.0
35,21,21.91,79.23,1.88505,1.42602,0.43722,-0.5077,100,560.97085,0.85095,4.16596,0.0375,0.03,0.9125,0.02,0.0,0.0
35,22,21.91,79.25,1.85827,1.41813,0.47425,-0.50914,100,552.4518,1.59962,5.16185,0.1375,0.04,0.7175,0.0,0.005,0.1
35,23,21.91,79.27,1.97889,1.38286,0.35034,-0.45982,100,574.61157,2.7536,17.50831,0.2225,0.23,0.54,0.0025,0.0,0.005
35,24,21.91,79.29,1.97962,1.40358,0.35537,-0.47469,100,559.95243,3.23285,16.84944,0.39,0.2975,0.3075,0.005,0.0,0.0
35,25,21.91,79.31,1.95037,1.34156,0.37203,-0.47078,100,535.45024,1.33068,5.91456,0.0375,0.0425,0.8925,0.01,0.015,0.0025
35,26,21.91,79.33,1.95416,1.36807,0.39286,-0.48876,100,536.12076,1.6268,9.49583,0.0425,0.0825,0.805,0.0175,0.0175,0.035
35,27,21.91,79.35,2.03631,1.36358,0.34399,-0.47094,100,544.4067,1.34333,6.74724,0.0075,0.0525,0.9175,0.02,0.0,0.0025
35,28,21.91,79.37,2.05924,1.34553,0.30944,-0.44768,100,549.69178,1.40061,6.10585,0.0125,0.0775,0.8925,0.0175,0.0,0.0
35,29,21.91,79.39,2.06559,1.41085,0.32391,-0.46569,100,568.2818,2.04019,12.70041,0.1525,0.26,0.5825,0.005,0.0,0.0
35,30,21.91,79.41,2.01127,1.38948,0.32998,-0.45852,100,580.59231,2.31456,11.79992,0.105,0.41,0.4725,0.0125,0.0,0.0
35,31,21.91,79.43,2.06769,1.38982,0.32398,-0.4546,100,567.32227,1.25551,4.83138,0.0275,0.0625,0.895,0.015,0.0,0.0
35,32,21.91,79.45,2.04389,1.41414,0.33205,-0.46225,100,581.73184,1.46008,8.3186,0.0475,0.1075,0.82,0.005,0.0,0.02
35,33,21.91,79.47,2.09627,1.48877,0.31452,-0.4638,100,587.7661,1.27539,7.1898,0.015,0.08,0.8925,0.0125,0.0,0.0
35,34,21.91,79.49,2.06689,1.47216,0.28303,-0.43665,100,597.42516,1.79783,9.73349,0.075,0.1175,0.7975,0.0025,0.0,0.0075
35,35,21.91,79.51,1.95132,1.41163,0.35741,-0.47186,100,626.36622,2.35204,13.63776,0.3325,0.1775,0.4775,0.01,0.0025,0.0
35,36,21.91,79.53,1.97109,1.42865,0.37132,-0.4835,100,641.29689,2.55047,10.11321,0.48,0.115,0.3525,0.0375,0.01,0.005
35,37,21.91,79.55,1.96174,1.45274,0.40976,-0.50008,100,632.31859,2.79781,13.21422,0.475,0.1325,0.3875,0.005,0.0,0.0
35,38,21.91,79.57,1.97165,1.49615,0.42653,-0.52813,100,617.7749,3.23241,17.54027,0.6825,0.155,0.1625,0.0,0.0,0.0
35,39,21.91,79.59,1.94923,1.454,0.38747,-0.47414,100,599.19685,1.94527,10.45409,0.3925,0.1125,0.4825,0.01,0.0,0.0025
35,40,21.91,79.61,1.93612,1.45546,0.41467,-0.49375,100,585.02848,1.48041,6.32538,0.4425,0.07,0.485,0.0025,0.0,0.0
35,41,21.91,79.63,1.83433,1.40087,0.37435,-0.45329,100,575.91304,1.04319,5.42623,0.115,0.1075,0.7475,0.0275,0.0,0.0025
35,42,21.91,79.65,1.9193,1.40203,0.36619,-0.46714,100,580.29779,2.63797,19.10813,0.345,0.2,0.4475,0.0075,0.0,0.0
35,43,21.91,79.67,1.98431,1.49134,0.42982,-0.53082,100,566.59004,2.67571,14.18451,0.6575,0.16,0.1825,0.0,0.0,0.0
35,44,21.91,79.69,2.01951,1.47952,0.40737,-0.51559,100,581.99426,5.43883,34.50161,0.6175,0.305,0.0775,0.0,0.0,0.0
35,45,21.91,79.71,1.87913,1.44202,0.41401,-0.48929,100,543.21902,0.97925,4.81319,0.19,0.1825,0.5925,0.0325,0.0,0.0025
35,46,21.91,79.73,1.79527,1.41983,0.41541,-0.48005,100,539.68259,1.07933,5.79845,0.09,0.0975,0.7425,0.0625,0.0,0.0075
35,47,21.91,79.75,1.79132,1.44302,0.42671,-0.48289,100,536.90448,0.82431,4.15471,0.065,0.0375,0.85,0.045,0.0,0.0025
35,48,21.91,79.77,1.77578,1.4762,0.46837,-0.51085,100,532.23149,0.56343,2.72631,0.12,0.0175,0.845,0.0175,0.0,0.0
35,49,21.91,79.79,1.77001,1.46781,0.43899,-0.49259,100,538.66262,0.69059,4.15469,0.17,0.055,0.7625,0.0125,0.0,0.0
35,50,21.91,79.81,1.80148,1.39608,0.37778,-0.45494,100,550.07798,0.84791,5.44792,0.0575,0.0225,0.8675,0.0475,0.0,0.005
35,51,21.91,79.83,1.89378,1.40753,0.39319,-0.47914,100,548.49886,1.1907,6.07584,0.3775,0.1125,0.51,0.0,0.0,0.0
35,52,21.91,79.85,1.9357,1.55476,0.47735,-0.55207,100,541.34125,2.64878,9.77529,0.9375,0.0575,0.005,0.0,0.0,0.0
35,53,21.91,79.87,1.8297,1.64086,0.55854,-0.57481,100,520.44105,5.03748,17.68823,0.9975,0.0025,0.0,0.0,0.0,0.0
35,54,21.91,79.89,1.87059,1.67086,0.58141,-0.57431,100,526.33082,3.66206,13.88176,1.0,0.0,0.0,0.0,0.0,0.0
35,55,21.91,79.91,1.90278,1.62832,0.55815,-0.5745,100,523.9629,3.2248,11.75478,1.0,0.0,0.0,0.0,0.0,0.0
35,56,21.91,79.93,1.8849,1.70188,0.59504,-0.59603,100,529.75421,5.57379,29.97255,1.0,0.0,0.0,0.0,0.0,0.0
35,57,21.91,79.95,1.82503,1.70309,0.60397,-0.58731,100,473.2396,10.18065,62.65093,0.985,0.015,0.0,0.0,0.0,0.0
35,58,21.91,79.97,1.72078,1.76568,0.62424,-0.60577,100,492.20899,11.31221,61.14245,1.0,0.0,0.0,0.0,0.0,0.0
35,59,21.91,79.99,1.88458,1.62303,0.53753,-0.55744,100,388.76798,6.81807,43.62513,0.9025,0.085,0.0125,0.0,0.0,0.0
35,60,21.91,80.01,1.86447,1.39127,0.37778,-0.4523,100,342.40225,0.64932,4.24794,0.195,0.0925,0.69,0.0,0.0,0.0225
35,61,21.91,80.03,1.70749,1.37786,0.37228,-0.43813,100,333.12431,0.565,2.84882,0.1075,0.015,0.81,0.055,0.0,0.0125
35,62,21.91,80.05,1.71072,1.37578,0.3531,-0.43871,100,325.74276,0.4005,2.6814,0.03,0.0075,0.955,0.0075,0.0,0.0
35,63,21.91,80.07,1.64266,1.40604,0.38878,-0.43988,100,320.37852,0.40638,2.18022,0.025,0.0125,0.9275,0.035,0.0,0.0
35,64,21.91,80.09,1.54703,1.4702,0.4175,-0.45364,100,315.5458,0.49169,2.379,0.095,0.055,0.81,0.035,0.005,0.0
35,65,21.91,80.11,1.51622,1.47534,0.41907,-0.44562,100,311.44385,0.86193,2.80902,0.255,0.095,0.595,0.0175,0.0275,0.01
35,66,21.91,80.13,1.495,1.48541,0.4331,-0.45458,100,308.7886,0.92821,2.98409,0.495,0.1225,0.3475,0.0275,0.005,0.0025
35,67,21.91,80.15,1.5451,1.41635,0.39185,-0.43324,100,303.79363,1.45535,4.35845,0.47,0.1075,0.2925,0.0125,0.0275,0.09
35,68,21.91,80.17,1.49867,1.48042,0.41584,-0.44843,100,303.9413,1.40586,4.5361,0.4225,0.09,0.39,0.0,0.03,0.0675
35,69,21.91,80.19,1.58216,1.50263,0.4454,-0.4927,100,310.05188,1.22143,6.15914,0.7675,0.175,0.0525,0.005,0.0,0.0
35,70,21.91,80.21,1.63245,1.53422,0.45102,-0.50489,100,323.38697,1.56059,7.07039,0.73,0.1025,0.1575,0.0075,0.0,0.0025
35,71,21.91,80.23,1.55479,1.64347,0.51634,-0.5363,100,349.87508,3.10976,16.15665,0.995,0.005,0.0,0.0,0.0,0.0
35,72,21.91,80.25,1.38773,1.8687,0.6211,-0.5904,100,465.32329,13.40598,95.67847,1.0,0.0,0.0,0.0,0.0,0.0
35,73,21.91,80.27,1.40197,1.83033,0.6324,-0.59437,100,573.68356,11.73678,59.77468,0.9975,0.0025,0.0,0.0,0.0,0.0
35,74,21.91,80.29,1.46726,1.79338,0.61573,-0.58967,100,549.46047,12.172,90.65226,0.9875,0.0125,0.0,0.0,0.0,0.0
35,75,21.91,80.31,1.40317,1.84036,0.657,-0.60896,100,566.2869,9.23671,34.70505,1.0,0.0,0.0,0.0,0.0,0.0
35,76,21.91,80.33,1.34822,1.86279,0.67182,-0.62723,100,596.87601,4.53584,19.84907,0.9975,0.0025,0.0,0.0,0.0,0.0
35,77,21.91,80.35,1.55925,1.70176,0.57992,-0.577,100,606.43103,6.85012,29.67992,0.995,0.005,0.0,0.0,0.0,0.0
35,78,21.91,80.37,1.56319,1.76047,0.5947,-0.59344,100,633.69001,4.41984,23.60563,1.0,0.0,0.0,0.0,0.0,0.0
35,79,21.91,80.39,1.53889,1.77038,0.62017,-0.61651,100,728.84608,6.35691,42.50194,0.9725,0.0275,0.0,0.0,0.0,0.0
35,80,21.91,80.41,1.53239,1.75019,0.61864,-0.59913,100,699.55287,6.38442,39.10331,0.945,0.03,0.025,0.0,0.0,0.0
35,81,21.91,80.43,1.54433,1.69219,0.57273,-0.58938,100,695.77489,7.23997,37.81816,0.8525,0.0675,0.035,0.0,0.005,0.04
35,82,21.91,80.45,1.55018,1.65628,0.54144,-0.57424,100,716.08145,7.16486,30.1252,0.94,0.06,0.0,0.0,0.0,0.0
35,83,21.91,80.47,1.59615,1.63719,0.53264,-0.56352,100,653.86745,4.91058,44.65294,0.9725,0.025,0.0025,0.0,0.0,0.0
35,84,21.91,80.49,1.68372,1.45525,0.41717,-0.49195,100,598.27285,3.87641,12.03079,0.5825,0.2775,0.14,0.0,0.0,0.0
35,85,21.91,80.51,1.5583,1.62317,0.51756,-0.54242,100,598.5398,3.4597,13.64996,0.9325,0.035,0.0325,0.0,0.0,0.0
35,86,21.91,80.53,1.60714,1.58056,0.45869,-0.52671,100,615.26837,3.76542,20.90981,0.8675,0.0625,0.07,0.0,0.0,0.0
35,87,21.91,80.55,1.60095,1.64751,0.49487,-0.54552,100,664.2173,5.53642,29.2341,1.0,0.0,0.0,0.0,0.0,0.0
35,88,21.91,80.57,1.59206,1.62385,0.48167,-0.53223,100,667.33538,7.46414,24.92518,1.0,0.0,0.0,0.0,0.0,0.0
35,89,21.91,80.59,1.55715,1.63873,0.50269,-0.55381,100,741.51748,6.49593,29.73237,0.93,0.07,0.0,0.0,0.0,0.0
36,0,21.93,78.81,1.72283,1.53327,0.53164,-0.56325,100,698.07575,1.37541,8.80778,0.1075,0.01,0.875,0.005,0.0,0.0025
36,1,21.93,78.83,1.79844,1.52831,0.4842,-0.53859,100,688.41719,1.15691,6.52212,0.03,0.015,0.945,0.01,0.0,0.0
36,2,21.93,78.85,1.77978,1.52971,0.50594,-0.54965,100,675.65427,1.53692,8.87423,0.11,0.0325,0.845,0.01,0.0,0.0025
36,3,21.93,78.87,1.65632,1.60313,0.587,-0.59408,100,659.78489,2.02399,9.31961,0.11,0.0625,0.815,0.005,0.0,0.0075
36,4,21.93,78.89,1.73507,1.52747,0.52758,-0.55853,100,644.97494,1.72671,10.45562,0.045,0.075,0.875,0.005,0.0,0.0
36,5,21.93,78.91,1.78255,1.46211,0.44337,-0.5043,100,629.65632,1.66904,7.76733,0.025,0.095,0.87,0.01,0.0,0.0
36,6,21.93,78.93,1.57137,1.62296,0.61547,-0.605,100,620.96497,1.22167,5.18837,0.065,0.045,0.885,0.005,0.0,0.0
36,7,21.93,78.95,1.78532,1.33683,0.35513,-0.44324,100,634.38502,1.65312,9.68864,0.0075,0.0575,0.935,0.0,0.0,0.0
36,8,21.93,78.97,1.73221,1.38846,0.42261,-0.4909,100,629.14822,2.43863,18.09129,0.015,0.11,0.8625,0.0125,0.0,0.0
36,9,21.93,78.99,1.44079,1.71739,0.70089,-0.65839,100,614.73166,1.26835,8.92542,0.0425,0.015,0.9125,0.0275,0.0,0.0025
36,10,21.93,79.01,1.39075,1.75837,0.71935,-0.66595,100,616.89555,1.40597,9.08165,0.02,0.0225,0.955,0.0025,0.0,0.0
36,11,21.93,79.03,1.38526,1.76746,0.7173,-0.65969,100,604.24379,1.09852,6.6691,0.0475,0.025,0.92,0.0075,0.0,0.0
36,12,21.93,79.05,1.54465,1.59164,0.6236,-0.61054,100,594.42744,1.1484,6.98816,0.06,0.065,0.855,0.02,0.0,0.0
36,13,21.93,79.07,1.53555,1.53954,0.56943,-0.56166,100,585.76172,1.24215,5.68282,0.135,0.0475,0.7825,0.0,0.0075,0.0275
36,14,21.93,79.09,1.61229,1.63115,0.60487,-0.59934,100,594.80189,1.70209,12.36959,0.0575,0.07,0.855,0.005,0.0,0.0125
36,15,21.93,79.11,1.60794,1.65536,0.58763,-0.5896,100,593.88773,1.34715,7.40597,0.0175,0.0375,0.935,0.005,0.0,0.005
36,16,21.93,79.13,1.5863,1.66028,0.60682,-0.60074,100,576.87397,0.75039,4.92262,0.015,0.0025,0.98,0.0,0.0,0.0025
36,17,21.93,79.15,1.5778,1.60597,0.58934,-0.58862,100,570.14808,1.0076,4.39849,0.0725,0.025,0.8475,0.0225,0.005,0.0275
36,18,21.93,79.17,1.78948,1.44288,0.50721,-0.53916,100,566.31135,1.50116,5.66802,0.195,0.06,0.66,0.0075,0.0225,0.055
36,19,21.93,79.19,1.80816,1.46496,0.49475,-0.52317,100,575.26761,1.11559,6.4617,0.05,0.035,0.89,0.0225,0.0,0.0025
36,20,21.93,79.21,1.8226,1.48901,0.52235,-0.55839,100,570.2697,0.91232,6.12949,0.03,0.055,0.905,0.0,0.0075,0.0025
36,21,21.93,79.23,1.9161,1.39527,0.36486,-0.47326,100,563.52845,1.32451,7.46618,0.0625,0.2675,0.67,0.0,0.0,0.0
36,22,21.93,79.25,1.91799,1.46858,0.4525,-0.51361,100,554.79449,1.05353,5.99093,0.06,0.0725,0.815,0.02,0.0,0.0325
36,23,21.93,79.27,1.99722,1.47167,0.48319,-0.54364,100,549.4662,1.43434,4.71457,0.115,0.0375,0.785,0.0,0.0,0.0625
36,24,21.93,79.29,1.98905,1.42787,0.43041,-0.51029,100,553.96512,1.29451,6.6432,0.1125,0.0425,0.8125,0.0125,0.0,0.02
36,25,21.93,79.31,2.02944,1.3967,0.38349,-0.4904,100,549.1762,1.89395,8.20416,0.445,0.1775,0.36,0.0,0.01,0.0075
36,26,21.93,79.33,1.9895,1.40324,0.38639,-0.48732,100,541.13103,1.79264,10.91169,0.22,0.185,0.545,0.015,0.005,0.03
36,27,21.93,79.35,1.98122,1.47482,0.46458,-0.53286,100,532.17566,1.3519,4.57732,0.0525,0.025,0.8525,0.0025,0.0325,0.035
36,28,21.93,79.37,2.10934,1.40747,0.3275,-0.46263,100,537.31262,1.29912,5.14738,0.01,0.0975,0.865,0.0275,0.0,0.0
36,29,21.93,79.39,1.96807,1.44136,0.36093,-0.49138,100,556.7517,1.85609,11.60279,0.4875,0.3725,0.14,0.0,0.0,0.0
36,30,21.93,79.41,2.01785,1.41406,0.32196,-0.4632,100,566.00198,1.74026,10.66405,0.1575,0.315,0.5175,0.0075,0.0,0.0025
36,31,21.93,79.43,2.07841,1.45494,0.33383,-0.47006,100,564.68418,1.3086,7.27756,0.0175,0.13,0.8325,0.02,0.0,0.0
36,32,21.93,79.45,2.02044,1.44533,0.32577,-0.46391,100,585.25131,1.8259,9.17646,0.045,0.2375,0.6925,0.02,0.0,0.005
36,33,21.93,79.47,2.01439,1.39457,0.28014,-0.4295,100,601.52838,1.47298,6.79946,0.0075,0.075,0.9075,0.0075,0.0,0.0025
36,34,21.93,79.49,2.04696,1.48055,0.34679,-0.47774,100,608.82392,1.89224,9.1197,0.0975,0.2,0.685,0.005,0.0075,0.005
36,35,21.93,79.51,2.07572,1.48613,0.38631,-0.49875,100,630.98314,1.74986,11.23441,0.345,0.115,0.53,0.01,0.0,0.0
36,36,21.93,79.53,1.99196,1.43811,0.41636,-0.51551,100,633.42718,0.78209,3.95132,0.03,0.04,0.885,0.0275,0.0,0.0175
36,37,21.93,79.55,1.9725,1.4274,0.40387,-0.49468,100,631.62701,0.68954,4.242,0.02,0.0225,0.94,0.015,0.0025,0.0
36,38,21.93,79.57,2.09411,1.43581,0.38458,-0.51195,100,635.81313,1.19511,6.18669,0.345,0.1125,0.5425,0.0,0.0,0.0
36,39,21.93,79.59,1.91402,1.44537,0.38888,-0.48809,100,617.5854,3.30738,17.51399,0.285,0.2225,0.4875,0.005,0.0,0.0
36,40,21.93,79.61,1.87508,1.40378,0.36753,-0.45139,100,590.69254,1.44615,8.839,0.1275,0.15,0.7025,0.02,0.0,0.0
36,41,21.93,79.63,1.8363,1.4569,0.40011,-0.47674,100,573.8281,1.04919,5.80724,0.08,0.0925,0.8075,0.015,0.0,0.005
36,42,21.93,79.65,1.92861,1.49931,0.44106,-0.52412,100,572.73227,3.55857,15.48212,0.5525,0.1775,0.23,0.0025,0.0,0.0375
36,43,21.93,79.67,1.83689,1.49404,0.43816,-0.50891,100,561.91555,2.60133,17.83124,0.3725,0.1675,0.3025,0.0,0.0,0.1575
36,44,21.93,79.69,1.79618,1.49218,0.44631,-0.5001,100,550.95773,0.87151,4.9726,0.105,0.0775,0.805,0.0125,0.0,0.0
36,45,21.93,79.71,1.72254,1.52703,0.46476,-0.5087,100,545.67911,0.56845,3.43685,0.0175,0.0125,0.9525,0.0125,0.0,0.005
36,46,21.93,79.73,1.74772,1.52072,0.47214,-0.51138,100,538.85898,0.64844,3.32265,0.05,0.005,0.93,0.01,0.0,0.005
36,47,21.93,79.75,1.75605,1.51829,0.48748,-0.5237,100,530.98178,0.87626,3.21427,0.1275,0.0275,0.82,0.0225,0.0,0.0025
36,48,21.93,79.77,1.78445,1.50408,0.4817,-0.5278,100,527.74029,0.60163,2.81395,0.1,0.02,0.8675,0.0125,0.0,0.0
36,49,21.93,79.79,1.78628,1.40958,0.38847,-0.45959,100,531.4014,0.7926,5.32445,0.0775,0.0525,0.8325,0.0325,0.005,0.0
36,50,21.93,79.81,1.78461,1.34526,0.34773,-0.4277,100,543.30632,0.88401,4.78596,0.0475,0.0375,0.8725,0.04,0.0,0.0025
36,51,21.93,79.83,1.81993,1.40275,0.38409,-0.46663,100,543.13235,0.86889,4.14788,0.0725,0.1275,0.785,0.015,0.0,0.0
36,52,21.93,79.85,1.95142,1.46951,0.42462,-0.51156,100,550.39066,1.39893,5.92558,0.74,0.185,0.075,0.0,0.0,0.0
36,53,21.93,79.87,1.85895,1.5746,0.50627,-0.54782,100,538.08709,2.6178,11.34343,1.0,0.0,0.0,0.0,0.0,0.0
36,54,21.93,79.89,1.8152,1.66661,0.56891,-0.57907,100,534.76291,3.03573,10.83868,0.9975,0.0025,0.0,0.0,0.0,0.0
36,55,21.93,79.91,1.884,1.54274,0.50453,-0.53387,100,500.66561,5.82283,24.3405,1.0,0.0,0.0,0.0,0.0,0.0
36,56,21.93,79.93,1.85741,1.55332,0.47997,-0.50222,100,486.06626,7.04053,75.39711,0.9625,0.0175,0.02,0.0,0.0,0.0
36,57,21.93,79.95,1.81653,1.64433,0.56858,-0.5674,100,416.87749,8.00771,58.00964,0.9775,0.0125,0.0075,0.0,0.0,0.0025
36,58,21.93,79.97,1.51951,1.56561,0.45148,-0.48919,100,368.80036,3.15851,16.98979,0.5325,0.2425,0.0325,0.0,0.0,0.1925
36,59,21.93,79.99,1.74504,1.47923,0.46014,-0.50785,100,360.25307,3.32949,26.26529,0.5575,0.04,0.37,0.02,0.0,0.0125
36,60,21.93,80.01,1.77636,1.46381,0.45725,-0.49551,100,342.35256,0.8068,3.4237,0.3475,0.1125,0.5275,0.01,0.0,0.0025
36,61,21.93,80.03,1.71961,1.38375,0.39187,-0.46245,100,333.60998,0.64494,2.92619,0.2075,0.07,0.7225,0.0,0.0,0.0
36,62,21.93,80.05,1.53924,1.41104,0.39931,-0.4382,100,326.50214,0.56357,2.38292,0.085,0.065,0.7775,0.0725,0.0,0.0
36,63,21.93,80.07,1.55452,1.42906,0.40633,-0.44309,100,320.04438,0.44871,2.47762,0.0425,0.0425,0.8925,0.0225,0.0,0.0
36,64,21.93,80.09,1.55913,1.44787,0.41425,-0.44438,100,314.87319,0.55355,1.7217,0.065,0.0275,0.835,0.0475,0.025,0.0
36,65,21.93,80.11,1.48221,1.50773,0.45029,-0.46484,100,313.60003,0.71685,2.18062,0.2625,0.03,0.69,0.01,0.0,0.0075
36,66,21.93,80.13,1.50471,1.48257,0.41527,-0.44295,100,308.79265,1.27715,4.94634,0.5175,0.0525,0.3325,0.01,0.025,0.0625
36,67,21.93,80.15,1.51608,1.4655,0.40401,-0.42157,100,308.43814,1.22367,5.87256,0.3625,0.09,0.43,0.015,0.0175,0.085
36,68,21.93,80.17,1.52856,1.45299,0.40008,-0.4188,100,310.5673,0.68653,2.60015,0.2225,0.0475,0.71,0.02,0.0,0.0
36,69,21.93,80.19,1.67261,1.45288,0.38284,-0.45879,100,312.49975,0.93548,4.53316,0.5925,0.19,0.2175,0.0,0.0,0.0
36,70,21.93,80.21,1.60555,1.585,0.48809,-0.51745,100,326.68573,1.4037,9.00087,0.8825,0.05,0.0675,0.0,0.0,0.0
36,71,21.93,80.23,1.55575,1.69308,0.54574,-0.54792,100,385.10942,8.31,75.36508,0.96,0.0225,0.0175,0.0,0.0,0.0
36,72,21.93,80.25,1.31275,1.94642,0.68155,-0.6166,100,530.87929,13.06498,92.36923,0.995,0.0025,0.0025,0.0,0.0,0.0
36,73,21.93,80.27,1.36146,1.92827,0.68265,-0.63063,100,622.53747,5.50042,23.57716,1.0,0.0,0.0,0.0,0.0,0.0
36,74,21.93,80.29,1.46713,1.81681,0.64505,-0.61012,100,618.77545,3.77479,13.44268,1.0,0.0,0.0,0.0,0.0,0.0
36,75,21.93,80.31,1.52953,1.76405,0.61766,-0.59428,100,609.80689,5.91374,21.44385,0.9875,0.0125,0.0,0.0,0.0,0.0
36,76,21.93,80.33,1.51613,1.74957,0.60658,-0.58977,100,583.48127,5.71972,18.66776,1.0,0.0,0.0,0.0,0.0,0.0
36,77,21.93,80.35,1.45566,1.76103,0.6257,-0.59832,100,582.03765,3.96835,13.95732,0.95,0.0275,0.0225,0.0,0.0,0.0
36,78,21.93,80.37,1.42102,1.83457,0.65333,-0.62049,100,646.92073,5.97099,41.12143,1.0,0.0,0.0,0.0,0.0,0.0
36,79,21.93,80.39,1.51519,1.77059,0.61488,-0.60674,100,725.81859,6.08139,38.67659,0.9975,0.0025,0.0,0.0,0.0,0.0
36,80,21.93,80.41,1.63929,1.65911,0.54124,-0.56995,100,659.91771,4.75186,28.32669,0.83,0.0675,0.0975,0.0,0.0,0.005
36,81,21.93,80.43,1.70802,1.41838,0.40512,-0.4795,100,638.9485,3.74077,17.05921,0.4875,0.2025,0.3025,0.0,0.0,0.0075
36,82,21.93,80.45,1.73884,1.40692,0.37259,-0.4528,100,650.38008,3.50343,33.81137,0.4225,0.1225,0.45,0.0025,0.0,0.0025
36,83,21.93,80.47,1.727,1.46366,0.4047,-0.49495,100,623.1936,2.70521,14.45078,0.5825,0.2325,0.1825,0.0025,0.0,0.0
36,84,21.93,80.49,1.70269,1.48229,0.4316,-0.5042,100,600.59129,3.1016,12.67273,0.755,0.135,0.11,0.0,0.0,0.0
36,85,21.93,80.51,1.65073,1.53127,0.44728,-0.50622,100,607.93199,3.35654,11.81426,0.97,0.0225,0.0075,0.0,0.0,0.0
36,86,21.93,80.53,1.73723,1.59837,0.43544,-0.53126,100,657.08204,5.28753,31.59404,1.0,0.0,0.0,0.0,0.0,0.0
36,87,21.93,80.55,1.65344,1.64545,0.47841,-0.5426,100,698.77438,7.27861,28.25213,1.0,0.0,0.0,0.0,0.0,0.0
36,88,21.93,80.57,1.63531,1.60099,0.45923,-0.52013,100,652.41544,6.83,26.8431,0.9975,0.0025,0.0,0.0,0.0,0.0
36,89,21.93,80.59,1.58555,1.63575,0.49405,-0.54143,100,690.66937,7.28351,35.92261,0.97,0.03,0.0,0.0,0.0,0.0
37,0,21.95,78.81,1.83289,1.45199,0.41826,-0.50609,100,714.12725,1.94989,11.28612,0.105,0.0325,0.85,0.0,0.0,0.0125
37,1,21.95,78.83,1.83422,1.53134,0.47462,-0.5375,100,709.1274,1.74447,9.42417,0.0675,0.05,0.87,0.0125,0.0,0.0
37,2,21.95,78.85,1.76002,1.58428,0.56126,-0.58506,100,694.75939,2.39279,11.07052,0.155,0.0925,0.725,0.0,0.0,0.0275
37,3,21.95,78.87,1.78128,1.5411,0.54128,-0.57159,100,685.92796,2.08523,12.36381,0.1,0.0625,0.8375,0.0,0.0,0.0
37,4,21.95,78.89,1.83347,1.42267,0.40162,-0.48575,100,662.54723,2.74124,13.82376,0.055,0.125,0.82,0.0,0.0,0.0
37,5,21.95,78.91,1.7959,1.41561,0.41157,-0.48902,100,649.33408,2.51596,19.95193,0.0775,0.1475,0.7675,0.0075,0.0,0.0
37,6,21.95,78.93,1.52342,1.65208,0.63943,-0.62116,100,628.82419,1.36199,6.58395,0.0425,0.08,0.8525,0.0225,0.0025,0.0
37,7,21.95,78.95,1.67558,1.459,0.52097,-0.5372,100,636.50724,2.00524,9.13549,0.0675,0.0925,0.8275,0.01,0.0025,0.0
37,8,21.95,78.97,1.80866,1.36275,0.37587,-0.46525,100,643.5969,2.6454,14.36281,0.045,0.0925,0.8625,0.0,0.0,0.0
37,9,21.95,78.99,1.82221,1.42124,0.39642,-0.47466,100,629.38981,1.93671,10.26,0.0225,0.0325,0.9375,0.0075,0.0,0.0
37,10,21.95,79.01,1.68163,1.50271,0.52378,-0.5538,100,628.90542,2.31276,13.39724,0.025,0.0525,0.9025,0.02,0.0,0.0
37,11,21.95,79.03,1.41167,1.7422,0.71504,-0.66562,100,616.02396,1.65765,12.56785,0.0925,0.0275,0.8675,0.0125,0.0,0.0
37,12,21.95,79.05,1.52115,1.58938,0.6249,-0.60717,100,619.23119,2.26684,14.75194,0.1075,0.125,0.7575,0.0025,0.0,0.0075
37,13,21.95,79.07,1.58043,1.55704,0.58484,-0.5833,100,592.7783,0.95876,6.81106,0.0775,0.0175,0.885,0.02,0.0,0.0
37,14,21.95,79.09,1.60565,1.54329,0.5273,-0.55689,100,583.85709,1.94093,9.43824,0.15,0.0625,0.7475,0.0025,0.0075,0.03
37,15,21.95,79.11,1.64324,1.5011,0.50518,-0.53553,100,581.20389,1.61651,7.71617,0.08,0.065,0.7925,0.0275,0.015,0.02
37,16,21.95,79.13,1.5605,1.54801,0.5897,-0.57756,100,575.80872,1.26888,6.0365,0.0775,0.04,0.7675,0.09,0.0075,0.0175
37,17,21.95,79.15,1.59934,1.60237,0.58033,-0.58047,100,575.44125,0.97953,4.7747,0.055,0.01,0.8925,0.015,0.0,0.0275
37,18,21.95,79.17,1.76154,1.512,0.55596,-0.5613,100,571.33069,1.13602,4.5795,0.1675,0.015,0.76,0.03,0.0025,0.025
37,19,21.95,79.19,1.81255,1.50439,0.50274,-0.54419,100,585.2717,0.91814,6.13345,0.0225,0.0275,0.9425,0.0075,0.0,0.0
37,20,21.95,79.21,1.80714,1.53385,0.5262,-0.55983,100,578.09392,0.97896,6.54495,0.0425,0.0025,0.9375,0.0175,0.0,0.0
37,21,21.95,79.23,1.89611,1.45355,0.4346,-0.51242,100,584.97499,1.80006,10.94268,0.04,0.2075,0.7375,0.015,0.0,0.0
37,22,21.95,79.25,2.04033,1.41418,0.34176,-0.46028,100,573.86198,2.10846,12.38293,0.0325,0.3375,0.625,0.0,0.0,0.005
37,23,21.95,79.27,2.07835,1.42998,0.40008,-0.50437,100,555.52224,1.30016,5.99712,0.0375,0.1175,0.825,0.02,0.0,0.0
37,24,21.95,79.29,2.07636,1.43044,0.38482,-0.49574,100,550.63742,1.43139,7.90478,0.04,0.085,0.83,0.0075,0.0075,0.03
37,25,21.95,79.31,2.04179,1.4228,0.38674,-0.49143,100,548.48632,1.90901,7.23544,0.4325,0.225,0.2775,0.0075,0.05,0.0075
37,26,21.95,79.33,1.93327,1.5123,0.49376,-0.54657,100,541.34613,1.72554,7.11042,0.3,0.0725,0.595,0.0,0.0125,0.02
37,27,21.95,79.35,1.92557,1.46662,0.40364,-0.49737,100,540.1221,1.42331,7.1481,0.0925,0.19,0.68,0.005,0.005,0.0275
37,28,21.95,79.37,2.08288,1.41467,0.32306,-0.46788,100,544.30599,1.12571,5.06608,0.005,0.045,0.9375,0.0125,0.0,0.0
37,29,21.95,79.39,2.01608,1.37617,0.31513,-0.45133,100,549.67564,1.45423,6.89294,0.065,0.1675,0.7675,0.0,0.0,0.0
37,30,21.95,79.41,2.12851,1.47259,0.34727,-0.48211,100,556.85471,1.50104,5.99182,0.1025,0.08,0.8025,0.015,0.0,0.0
37,31,21.95,79.43,2.06727,1.48202,0.32209,-0.4721,100,577.49759,3.50784,19.39703,0.2,0.175,0.625,0.0,0.0,0.0
37,32,21.95,79.45,2.02253,1.48058,0.32375,-0.47097,100,592.90387,3.11304,16.50097,0.2225,0.1675,0.61,0.0,0.0,0.0
37,33,21.95,79.47,1.96559,1.48465,0.42253,-0.5239,100,596.50238,1.81535,10.28562,0.025,0.1875,0.7575,0.005,0.0,0.025
37,34,21.95,79.49,2.06265,1.45114,0.30364,-0.45948,100,627.69251,2.22139,11.62045,0.2375,0.185,0.5725,0.0025,0.0,0.0025
37,35,21.95,79.51,2.11442,1.48764,0.33547,-0.47793,100,636.28086,1.09343,6.72529,0.0725,0.2175,0.7025,0.0025,0.005,0.0
37,36,21.95,79.53,1.97876,1.4532,0.42929,-0.51592,100,629.32102,0.70137,4.53466,0.015,0.055,0.9025,0.0275,0.0,0.0
37,37,21.95,79.55,1.92472,1.4742,0.44759,-0.53019,100,624.0573,0.67806,3.7027,0.0525,0.0175,0.92,0.005,0.0,0.005
37,38,21.95,79.57,2.07122,1.40138,0.38875,-0.49711,100,632.30016,0.78551,4.55715,0.045,0.0525,0.8925,0.005,0.0,0.005
37,39,21.95,79.59,2.10647,1.40918,0.36116,-0.48089,100,636.17395,2.15004,9.93023,0.2575,0.1975,0.545,0.0,0.0,0.0
37,40,21.95,79.61,1.9575,1.40903,0.32788,-0.45922,100,615.26191,3.77935,19.23558,0.345,0.45,0.1725,0.0,0.0,0.0325
37,41,21.95,79.63,2.04058,1.45002,0.37904,-0.49697,100,602.6928,3.47339,22.47707,0.5225,0.3025,0.1675,0.0075,0.0,0.0
37,42,21.95,79.65,2.0034,1.44474,0.38812,-0.50834,100,588.63438,3.92984,17.40655,0.54,0.2125,0.24,0.0075,0.0,0.0
37,43,21.95,79.67,1.99347,1.52892,0.45703,-0.53068,100,588.37676,5.05328,25.17552,0.735,0.2025,0.0625,0.0,0.0,0.0
37,44,21.95,79.69,1.80732,1.44375,0.38843,-0.46309,100,555.06639,0.97585,5.5792,0.045,0.2125,0.715,0.01,0.0,0.0175
37,45,21.95,79.71,1.73894,1.48853,0.45563,-0.50317,100,545.00129,0.89513,4.62476,0.085,0.0425,0.8125,0.06,0.0,0.0
37,46,21.95,79.73,1.75475,1.50418,0.44956,-0.50123,100,540.85622,0.7303,3.98524,0.05,0.025,0.9075,0.015,0.0,0.0025
37,47,21.95,79.75,1.78149,1.43632,0.36661,-0.44963,100,536.8401,0.73542,3.4562,0.0425,0.04,0.91,0.005,0.0,0.0025
37,48,21.95,79.77,1.84978,1.41279,0.38948,-0.46515,100,525.30306,0.83845,5.09897,0.0475,0.045,0.8825,0.025,0.0,0.0
37,49,21.95,79.79,1.83454,1.47889,0.4351,-0.49802,100,523.99914,0.74888,3.92841,0.1175,0.04,0.8375,0.005,0.0,0.0
37,50,21.95,79.81,1.82161,1.39074,0.38734,-0.45544,100,534.14667,0.77868,4.303,0.025,0.0175,0.925,0.03,0.0,0.0025
37,51,21.95,79.83,1.83152,1.38511,0.3735,-0.45887,100,535.87926,0.82752,3.19969,0.0575,0.1325,0.7925,0.015,0.0025,0.0
37,52,21.95,79.85,1.97277,1.46702,0.42075,-0.51804,100,528.29543,2.64578,12.43887,0.785,0.2,0.015,0.0,0.0,0.0
37,53,21.95,79.87,1.90212,1.57354,0.51678,-0.55026,100,512.09148,7.54968,32.19585,0.9875,0.0125,0.0,0.0,0.0,0.0
37,54,21.95,79.89,1.768,1.67755,0.59799,-0.59312,100,482.2251,10.09182,43.76054,0.995,0.005,0.0,0.0,0.0,0.0
37,55,21.95,79.91,1.88808,1.59981,0.54368,-0.55565,100,456.81167,8.72147,53.67991,0.995,0.005,0.0,0.0,0.0,0.0
37,56,21.95,79.93,1.86608,1.51845,0.44841,-0.50194,100,464.82043,5.99508,64.61463,0.9375,0.0425,0.02,0.0,0.0,0.0
37,57,21.95,79.95,1.77718,1.65483,0.5855,-0.57525,100,416.05828,6.03808,45.10759,0.9925,0.0075,0.0,0.0,0.0,0.0
37,58,21.95,79.97,1.81972,1.61775,0.53228,-0.53724,100,427.5158,10.76609,46.56604,0.9575,0.0425,0.0,0.0,0.0,0.0
37,59,21.95,79.99,1.83784,1.43592,0.42738,-0.48301,100,366.2647,4.59881,33.94358,0.36,0.13,0.5025,0.0025,0.0025,0.0025
37,60,21.95,80.01,1.75376,1.47864,0.46255,-0.48967,100,340.91106,0.54711,3.11903,0.125,0.005,0.84,0.03,0.0,0.0
37,61,21.95,80.03,1.75191,1.40352,0.40618,-0.46724,100,332.89632,0.54893,2.82777,0.0575,0.015,0.895,0.0275,0.0,0.005
37,62,21.95,80.05,1.59833,1.35352,0.35675,-0.4148,100,326.30267,0.64326,2.84653,0.0475,0.06,0.6825,0.19,0.0,0.02
37,63,21.95,80.07,1.55505,1.4246,0.41262,-0.44626,100,319.39551,0.25764,1.74325,0.005,0.0225,0.9675,0.005,0.0,0.0
37,64,21.95,80.09,1.51326,1.48867,0.42018,-0.43669,100,318.15885,0.93621,4.07352,0.0725,0.055,0.855,0.0175,0.0,0.0
37,65,21.95,80.11,1.62887,1.431,0.38607,-0.4493,100,308.26146,1.36385,6.80194,0.25,0.0825,0.47,0.0,0.0775,0.12
37,66,21.95,80.13,1.5909,1.43192,0.39502,-0.45222,100,310.92072,1.03889,4.24194,0.405,0.1125,0.435,0.0125,0.01,0.025
37,67,21.95,80.15,1.51782,1.4326,0.39592,-0.43281,100,317.34264,0.70276,3.60236,0.16,0.0975,0.67,0.06,0.0025,0.01
37,68,21.95,80.17,1.58014,1.46028,0.41671,-0.45797,100,319.36252,0.72847,5.1144,0.5,0.1825,0.3025,0.0125,0.0,0.0025
37,69,21.95,80.19,1.68818,1.54333,0.42793,-0.49141,100,352.73684,4.73762,65.15579,0.87,0.1225,0.0075,0.0,0.0,0.0
37,70,21.95,80.21,1.41622,1.82836,0.6252,-0.58587,100,477.43859,11.92069,91.09221,1.0,0.0,0.0,0.0,0.0,0.0
37,71,21.95,80.23,1.37034,1.86863,0.65158,-0.60576,100,577.12365,4.99733,36.23759,1.0,0.0,0.0,0.0,0.0,0.0
37,72,21.95,80.25,1.367,1.8369,0.65243,-0.60572,100,588.5083,4.32816,17.23644,0.955,0.045,0.0,0.0,0.0,0.0
37,73,21.95,80.27,1.39951,1.83518,0.64185,-0.60484,100,599.87162,3.12012,13.91713,1.0,0.0,0.0,0.0,0.0,0.0
37,74,21.95,80.29,1.37457,1.87931,0.67448,-0.62318,100,608.28231,2.97933,13.27752,1.0,0.0,0.0,0.0,0.0,0.0
37,75,21.95,80.31,1.45478,1.82109,0.64073,-0.60412,100,594.24575,3.26047,13.67192,0.9875,0.0125,0.0,0.0,0.0,0.0
37,76,21.95,80.33,1.54343,1.72527,0.59074,-0.58029,100,572.56687,5.39885,16.57285,0.9875,0.0125,0.0,0.0,0.0,0.0
37,77,21.95,80.35,1.57823,1.70862,0.57155,-0.58449,100,596.66092,3.96901,15.17397,1.0,0.0,0.0,0.0,0.0,0.0
37,78,21.95,80.37,1.56446,1.70685,0.57334,-0.5833,100,623.76565,2.94594,13.93607,1.0,0.0,0.0,0.0,0.0,0.0
37,79,21.95,80.39,1.65239,1.62215,0.53355,-0.56545,100,649.43704,3.48296,17.71385,0.875,0.0575,0.0675,0.0,0.0,0.0
37,80,21.95,80.41,1.72947,1.35591,0.33458,-0.42574,100,620.01402,1.73264,11.00776,0.32,0.08,0.5775,0.015,0.0,0.0075
37,81,21.95,80.43,1.73454,1.43997,0.40192,-0.47958,100,626.29495,3.26003,16.22301,0.6325,0.2225,0.08,0.025,0.025,0.015
37,82,21.95,80.45,1.75172,1.36742,0.33341,-0.42953,100,611.87904,1.05828,4.59676,0.1275,0.145,0.7175,0.01,0.0,0.0
37,83,21.95,80.47,1.76945,1.31745,0.27716,-0.38061,100,613.49284,0.85159,3.5808,0.0725,0.0425,0.8525,0.025,0.0,0.0075
37,84,21.95,80.49,1.85662,1.37617,0.32932,-0.44293,100,607.07921,2.33512,8.34271,0.525,0.1825,0.285,0.0025,0.0,0.005
37,85,21.95,80.51,1.69396,1.53335,0.45251,-0.52034,100,614.71094,2.99364,18.17519,0.8425,0.0525,0.105,0.0,0.0,0.0
37,86,21.95,80.53,1.8109,1.51725,0.38037,-0.50186,100,647.00954,4.51821,16.59723,0.915,0.085,0.0,0.0,0.0,0.0
37,87,21.95,80.55,1.75656,1.45798,0.39564,-0.48244,100,613.64503,3.74668,20.53408,0.66,0.1625,0.1775,0.0,0.0,0.0
37,88,21.95,80.57,1.66389,1.53001,0.45015,-0.51475,100,625.62631,4.96081,28.52535,0.75,0.08,0.17,0.0,0.0,0.0
37,89,21.95,80.59,1.75268,1.35067,0.32231,-0.43142,100,623.9329,3.15519,13.28765,0.4125,0.2,0.3875,0.0,0.0,0.0
38,0,21.97,78.81,1.82166,1.52833,0.48184,-0.54413,100,752.00007,2.24378,9.86075,0.1175,0.055,0.82,0.0,0.0,0.0075
38,1,21.97,78.83,1.85307,1.45894,0.4175,-0.50923,100,727.6175,2.11113,11.63878,0.11,0.07,0.82,0.0,0.0,0.0
38,2,21.97,78.85,1.86342,1.44228,0.43899,-0.51995,100,712.91026,1.72423,9.73989,0.0225,0.1125,0.8575,0.0075,0.0,0.0
38,3,21.97,78.87,1.83091,1.39036,0.4017,-0.49445,100,701.58523,3.0092,16.65905,0.0975,0.305,0.5775,0.0,0.0075,0.0125
38,4,21.97,78.89,1.76009,1.54119,0.56272,-0.58088,100,670.53648,2.06868,12.58541,0.055,0.0775,0.8575,0.005,0.0,0.005
38,5,21.97,78.91,1.61115,1.55427,0.56157,-0.57828,100,654.50857,2.36188,10.69522,0.045,0.14,0.78,0.005,0.0,0.03
38,6,21.97,78.93,1.5862,1.51316,0.53298,-0.53898,100,646.77548,1.59513,9.06034,0.05,0.2025,0.68,0.0675,0.0,0.0
38,7,21.97,78.95,1.59349,1.64509,0.62313,-0.61671,100,638.69346,1.67856,8.34777,0.0775,0.105,0.815,0.0,0.0025,0.0
38,8,21.97,78.97,1.65705,1.45245,0.49711,-0.53423,100,664.66613,2.67146,13.63172,0.1175,0.16,0.71,0.0125,0.0,0.0
38,9,21.97,78.99,1.81756,1.43953,0.40606,-0.49504,100,659.18601,3.04862,15.24164,0.0825,0.075,0.8425,0.0,0.0,0.0
38,10,21.97,79.01,1.55148,1.70875,0.67751,-0.65516,100,633.01195,2.02586,12.66806,0.07,0.04,0.87,0.02,0.0,0.0
38,11,21.97,79.03,1.78662,1.44719,0.45756,-0.52284,100,650.58727,3.45395,16.70341,0.065,0.1175,0.8175,0.0,0.0,0.0
38,12,21.97,79.05,1.59286,1.57263,0.60421,-0.60923,100,628.53444,3.55631,18.71132,0.1475,0.1425,0.71,0.0,0.0,0.0
38,13,21.97,79.07,1.50155,1.56789,0.55028,-0.5677,100,598.99599,1.25238,7.96079,0.0675,0.0425,0.73,0.035,0.0,0.125
38,14,21.97,79.09,1.6698,1.54053,0.55877,-0.57754,100,593.42372,1.9832,10.71751,0.0925,0.2025,0.7025,0.0,0.0025,0.0
38,15,21.97,79.11,1.5854,1.47437,0.52931,-0.54276,100,584.76005,1.34936,7.15385,0.1925,0.03,0.715,0.0575,0.0,0.005
38,16,21.97,79.13,1.62233,1.52021,0.5501,-0.56192,100,586.46314,2.27502,12.83778,0.09,0.1025,0.7825,0.01,0.0,0.015
38,17,21.97,79.15,1.62534,1.55717,0.56112,-0.57007,100,574.67507,1.41684,4.88255,0.1175,0.0375,0.795,0.02,0.0075,0.0225
38,18,21.97,79.17,1.78411,1.48136,0.51112,-0.54736,100,581.59571,0.86918,4.76226,0.0525,0.0225,0.895,0.03,0.0,0.0
38,19,21.97,79.19,1.81035,1.5449,0.54948,-0.57384,100,592.45078,1.19686,7.44029,0.02,0.0125,0.9625,0.0025,0.0,0.0025
38,20,21.97,79.21,1.82469,1.57223,0.58502,-0.59442,100,594.08064,1.52497,9.40256,0.0175,0.02,0.96,0.0025,0.0,0.0
38,21,21.97,79.23,1.89969,1.48795,0.41257,-0.51143,100,592.96205,2.42758,8.70085,0.15,0.285,0.565,0.0,0.0,0.0
38,22,21.97,79.25,1.98237,1.46257,0.40592,-0.51253,100,570.51149,1.544,7.16558,0.03,0.1,0.85,0.02,0.0,0.0
38,23,21.97,79.27,2.04247,1.38962,0.33931,-0.46468,100,566.58638,1.29973,7.70156,0.02,0.235,0.725,0.02,0.0,0.0
38,24,21.97,79.29,2.09256,1.37165,0.30359,-0.45179,100,566.91191,1.51608,6.71161,0.0225,0.225,0.7475,0.005,0.0,0.0
38,25,21.97,79.31,2.02322,1.42299,0.35265,-0.47767,100,557.79963,1.59157,8.61738,0.18,0.325,0.4925,0.0025,0.0,0.0
38,26,21.97,79.33,2.00293,1.50784,0.46957,-0.54351,100,549.49452,1.38066,5.55285,0.2275,0.08,0.6925,0.0,0.0,0.0
38,27,21.97,79.35,2.02455,1.47235,0.39308,-0.49253,100,559.02916,1.13919,4.64857,0.0525,0.1375,0.795,0.015,0.0,0.0
38,28,21.97,79.37,2.0789,1.48715,0.3726,-0.49861,100,562.13187,1.26773,6.90148,0.035,0.07,0.89,0.005,0.0,0.0
38,29,21.97,79.39,2.05927,1.41865,0.34692,-0.47102,100,564.21014,1.07975,6.19285,0.015,0.0125,0.945,0.0275,0.0,0.0
38,30,21.97,79.41,2.08994,1.49418,0.38524,-0.50414,100,568.85712,1.58412,9.4317,0.035,0.0275,0.9375,0.0,0.0,0.0
38,31,21.97,79.43,2.07241,1.47425,0.34916,-0.47627,100,580.41719,2.29835,16.03213,0.1625,0.0575,0.7775,0.0,0.0025,0.0
38,32,21.97,79.45,2.09535,1.45336,0.26877,-0.42332,100,583.99365,1.98077,11.30101,0.1075,0.055,0.8275,0.01,0.0,0.0
38,33,21.97,79.47,2.02013,1.4722,0.36606,-0.49081,100,608.45748,3.05449,16.11799,0.405,0.2,0.385,0.0,0.0,0.01
38,34,21.97,79.49,2.05978,1.50892,0.43968,-0.5397,100,636.786,2.06877,8.85656,0.6,0.1375,0.2625,0.0,0.0,0.0
38,35,21.97,79.51,2.0538,1.55438,0.49322,-0.56237,100,624.96096,0.80045,4.17028,0.05,0.0075,0.9275,0.015,0.0,0.0
38,36,21.97,79.53,2.10938,1.46845,0.39426,-0.51085,100,623.76128,0.8446,4.30094,0.015,0.085,0.8575,0.0375,0.0,0.005
38,37,21.97,79.55,2.0048,1.43007,0.42501,-0.52812,100,621.90918,1.11186,5.66026,0.13,0.0725,0.7925,0.005,0.0,0.0
38,38,21.97,79.57,2.01657,1.46235,0.44591,-0.53203,100,629.54306,0.94242,5.91182,0.08,0.04,0.87,0.01,0.0,0.0
38,39,21.97,79.59,2.05429,1.44675,0.43733,-0.53012,100,638.4288,1.06076,6.08029,0.1,0.06,0.835,0.005,0.0,0.0
38,40,21.97,79.61,2.17546,1.40826,0.34356,-0.48114,100,643.31043,1.85199,10.97012,0.4525,0.265,0.2825,0.0,0.0,0.0
38,41,21.97,79.63,2.00892,1.5095,0.44697,-0.52915,100,618.2087,3.89582,15.67689,0.835,0.1075,0.0575,0.0,0.0,0.0
38,42,21.97,79.65,2.00536,1.50393,0.43784,-0.52268,100,611.9511,5.39513,22.60291,0.74,0.085,0.17,0.0025,0.0,0.0025
38,43,21.97,79.67,2.0119,1.51822,0.41895,-0.51884,100,603.49035,4.20398,38.35309,0.76,0.19,0.0475,0.0,0.0,0.0025
38,44,21.97,79.69,1.77903,1.46813,0.43113,-0.49174,100,551.00254,0.87391,4.40164,0.2075,0.14,0.6225,0.0275,0.0,0.0025
38,45,21.97,79.71,1.8631,1.4675,0.44093,-0.51152,100,539.05893,0.85572,4.18651,0.1875,0.16,0.63,0.02,0.0,0.0025
38,46,21.97,79.73,1.81555,1.45411,0.43736,-0.49879,100,530.74119,0.76168,3.19089,0.1575,0.06,0.77,0.01,0.0,0.0025
38,47,21.97,79.75,1.77251,1.47409,0.4224,-0.47939,100,527.21787,0.97319,4.7733,0.155,0.0725,0.6075,0.0275,0.0,0.1375
38,48,21.97,79.77,1.81203,1.40049,0.38254,-0.45693,100,521.32903,0.85665,4.8997,0.075,0.065,0.82,0.0125,0.005,0.0225
38,49,21.97,79.79,1.92584,1.34905,0.32484,-0.4267,100,523.60107,1.22211,5.78966,0.1325,0.3125,0.535,0.0175,0.0,0.0025
38,50,21.97,79.81,1.82395,1.33651,0.31927,-0.41797,100,533.92684,0.79511,3.84639,0.025,0.05,0.9,0.0225,0.0025,0.0
38,51,21.97,79.83,1.89208,1.4182,0.41621,-0.48875,100,529.31076,0.86298,3.27809,0.1275,0.13,0.73,0.01,0.0025,0.0
38,52,21.97,79.85,2.05222,1.49594,0.43539,-0.52915,100,522.54223,2.44786,12.43851,0.925,0.0725,0.0025,0.0,0.0,0.0
38,53,21.97,79.87,2.0486,1.45505,0.4043,-0.51096,100,540.43652,3.68882,21.90089,0.7825,0.1075,0.11,0.0,0.0,0.0
38,54,21.97,79.89,2.01414,1.49818,0.43589,-0.53323,100,533.54126,3.08016,15.53078,0.815,0.11,0.0725,0.0,0.0,0.0025
38,55,21.97,79.91,1.96793,1.53935,0.47438,-0.54698,100,534.30792,2.39667,7.32912,0.815,0.0425,0.1375,0.005,0.0,0.0
38,56,21.97,79.93,1.94783,1.56945,0.50471,-0.54537,100,537.79286,5.51569,18.29275,0.975,0.0225,0.0025,0.0,0.0,0.0
38,57,21.97,79.95,1.87223,1.53083,0.44432,-0.51214,100,487.66509,6.43279,33.45898,0.995,0.005,0.0,0.0,0.0,0.0
38,58,21.97,79.97,1.80315,1.53044,0.4729,-0.50767,100,443.78335,10.99586,53.06118,0.975,0.015,0.01,0.0,0.0,0.0
38,59,21.97,79.99,1.86176,1.40903,0.35784,-0.44487,100,364.53878,3.69172,28.14706,0.3625,0.32,0.295,0.0125,0.0,0.01
38,60,21.97,80.01,1.82286,1.43301,0.42369,-0.46719,100,339.25043,0.52137,3.33039,0.03,0.0225,0.9025,0.025,0.0,0.02
38,61,21.97,80.03,1.71652,1.43236,0.42386,-0.4749,100,331.22178,0.42192,2.33816,0.0275,0.0075,0.92,0.0425,0.0,0.0025
38,62,21.97,80.05,1.56612,1.47734,0.47873,-0.49961,100,324.67699,0.26744,1.74646,0.03,0.015,0.94,0.015,0.0,0.0
38,63,21.97,80.07,1.51961,1.47847,0.42892,-0.43152,100,320.2493,0.30349,1.45622,0.045,0.0575,0.8675,0.03,0.0,0.0
38,64,21.97,80.09,1.57733,1.47737,0.41759,-0.45765,100,315.19981,0.88911,3.80754,0.1575,0.105,0.71,0.0175,0.0,0.01
38,65,21.97,80.11,1.56008,1.45749,0.40617,-0.45413,100,316.51475,3.38586,25.15572,0.4825,0.06,0.325,0.01,0.035,0.0875
38,66,21.97,80.13,1.51509,1.49791,0.44437,-0.4687,100,343.575,6.38009,43.63783,0.585,0.1475,0.2375,0.0275,0.0,0.0025
38,67,21.97,80.15,1.53665,1.5333,0.46828,-0.49026,100,341.64786,4.36032,34.63421,0.7475,0.1275,0.09,0.0,0.0,0.035
38,68,21.97,80.17,1.45375,1.68797,0.57506,-0.55748,100,373.74594,7.88659,48.93722,0.935,0.06,0.005,0.0,0.0,0.0
38,69,21.97,80.19,1.45584,1.75155,0.59139,-0.5687,100,509.18024,12.00379,80.63437,0.9975,0.0025,0.0,0.0,0.0,0.0
38,70,21.97,80.21,1.44572,1.74514,0.59581,-0.57592,100,587.67755,7.51235,46.48038,1.0,0.0,0.0,0.0,0.0,0.0
38,71,21.97,80.23,1.41495,1.81084,0.62642,-0.59234,100,579.49435,4.86342,27.47004,1.0,0.0,0.0,0.0,0.0,0.0
38,72,21.97,80.25,1.44975,1.7815,0.61114,-0.58798,100,578.62236,3.27811,13.03993,0.9975,0.0025,0.0,0.0,0.0,0.0
38,73,21.97,80.27,1.42272,1.79392,0.62675,-0.59415,100,580.89184,3.04596,14.2469,0.965,0.035,0.0,0.0,0.0,0.0
38,74,21.97,80.29,1.43231,1.77617,0.61824,-0.58826,100,576.09299,3.35394,13.13069,0.9975,0.0025,0.0,0.0,0.0,0.0
38,75,21.97,80.31,1.43287,1.78895,0.62608,-0.59677,100,582.26483,3.49997,12.00941,1.0,0.0,0.0,0.0,0.0,0.0
38,76,21.97,80.33,1.48831,1.73803,0.59329,-0.58756,100,565.42389,4.22271,16.59907,1.0,0.0,0.0,0.0,0.0,0.0
38,77,21.97,80.35,1.55163,1.71926,0.57024,-0.58065,100,587.17807,3.18803,16.36809,0.9975,0.0025,0.0,0.0,0.0,0.0
38,78,21.97,80.37,1.65176,1.62929,0.52068,-0.55927,100,619.33244,2.40422,9.32789,0.9875,0.0075,0.005,0.0,0.0,0.0
38,79,21.97,80.39,1.76473,1.48152,0.4389,-0.51392,100,626.73084,2.39064,12.48222,0.745,0.0675,0.1775,0.0075,0.0,0.0025
38,80,21.97,80.41,1.71898,1.38561,0.35278,-0.43588,100,611.28821,1.55813,10.02235,0.3575,0.1125,0.53,0.0,0.0,0.0
38,81,21.97,80.43,1.77494,1.40607,0.38017,-0.46716,100,602.28372,1.47178,5.38937,0.435,0.1225,0.4425,0.0,0.0,0.0
38,82,21.97,80.45,1.70369,1.41373,0.39031,-0.47479,100,612.19887,1.5624,6.79482,0.255,0.1375,0.54,0.0625,0.0,0.005
38,83,21.97,80.47,1.75672,1.32921,0.31332,-0.40347,100,627.23971,2.05038,12.66437,0.21,0.135,0.54,0.115,0.0,0.0
38,84,21.97,80.49,1.80545,1.43941,0.3845,-0.48235,100,633.45927,2.42927,8.85318,0.655,0.07,0.2525,0.02,0.0,0.0025
38,85,21.97,80.51,1.65326,1.53036,0.46264,-0.51826,100,627.2871,3.12667,13.29383,0.93,0.035,0.035,0.0,0.0,0.0
38,86,21.97,80.53,1.74077,1.55835,0.42914,-0.51956,100,633.56494,5.13398,25.86129,0.975,0.025,0.0,0.0,0.0,0.0
38,87,21.97,80.55,1.81135,1.36195,0.32421,-0.43408,100,590.04557,1.99344,9.91782,0.3725,0.2175,0.4075,0.0,0.0025,0.0
38,88,21.97,80.57,1.76988,1.487,0.41186,-0.50908,100,632.21835,5.12637,30.54735,0.6425,0.1925,0.1625,0.0,0.0,0.0025
38,89,21.97,80.59,1.67024,1.54422,0.45473,-0.52228,100,633.62267,4.10282,17.95395,0.6375,0.1375,0.225,0.0,0.0,0.0
39,0,21.99,78.81,1.75207,1.44682,0.49543,-0.54483,100,727.3474,1.73714,10.74126,0.09,0.1525,0.7525,0.0025,0.0,0.0025
39,1,21.99,78.83,1.79792,1.46493,0.51227,-0.55646,100,726.88296,2.0849,10.56956,0.075,0.1275,0.77,0.0075,0.005,0.015
39,2,21.99,78.85,1.7023,1.49758,0.53179,-0.57449,100,711.03787,2.23466,13.05264,0.07,0.16,0.72,0.02,0.0025,0.0275
39,3,21.99,78.87,1.73517,1.4563,0.53019,-0.57221,100,696.44297,1.62275,6.95315,0.0225,0.0925,0.865,0.0175,0.0,0.0025
39,4,21.99,78.89,1.68411,1.50794,0.55594,-0.58468,100,682.20168,2.1477,10.80364,0.0775,0.1575,0.7125,0.0075,0.0125,0.0325
39,5,21.99,78.91,1.68352,1.51008,0.53635,-0.56119,100,664.23018,1.70135,8.92965,0.055,0.1125,0.83,0.0025,0.0,0.0
39,6,21.99,78.93,1.59875,1.46313,0.515,-0.5394,100,649.86516,1.51109,8.28432,0.095,0.1575,0.6975,0.0425,0.0025,0.005
39,7,21.99,78.95,1.49389,1.69555,0.69084,-0.65523,100,648.14966,1.87911,8.10977,0.0575,0.06,0.8275,0.045,0.0,0.01
39,8,21.99,78.97,1.68804,1.50362,0.50681,-0.55646,100,676.59291,3.44257,13.9425,0.0925,0.195,0.6875,0.01,0.0,0.015
39,9,21.99,78.99,1.74088,1.45842,0.48315,-0.53753,100,685.57865,2.94163,12.03238,0.1075,0.195,0.6875,0.01,0.0,0.0
39,10,21.99,79.01,1.7247,1.44364,0.45395,-0.49494,100,656.87303,3.73825,17.6332,0.0575,0.3,0.575,0.0,0.015,0.0525
39,11,21.99,79.03,1.83071,1.48214,0.47487,-0.53752,100,655.67049,3.23622,16.12971,0.09,0.2025,0.7075,0.0,0.0,0.0
39,12,21.99,79.05,1.57107,1.59134,0.60113,-0.60038,100,626.94944,2.5763,10.85167,0.07,0.075,0.835,0.015,0.0,0.005
39,13,21.99,79.07,1.58758,1.60827,0.6084,-0.60354,100,609.66771,1.26319,7.67531,0.1425,0.0325,0.82,0.005,0.0,0.0
39,14,21.99,79.09,1.62674,1.6822,0.63391,-0.62541,100,608.16971,2.33292,17.5357,0.1125,0.085,0.785,0.0175,0.0,0.0
39,15,21.99,79.11,1.64498,1.60333,0.58502,-0.59842,100,611.5041,2.9347,13.13643,0.1175,0.1125,0.76,0.01,0.0,0.0
39,16,21.99,79.13,1.74265,1.48888,0.46372,-0.53192,100,606.58993,3.50405,15.37257,0.1425,0.185,0.6725,0.0,0.0,0.0
39,17,21.99,79.15,1.63605,1.56402,0.54786,-0.56187,100,582.0488,2.38504,9.62859,0.2,0.0575,0.72,0.0,0.005,0.0175
39,18,21.99,79.17,1.70364,1.54715,0.60883,-0.61107,100,583.29016,1.16483,6.35504,0.045,0.025,0.91,0.0075,0.0,0.0125
39,19,21.99,79.19,1.81386,1.4826,0.54054,-0.56788,100,596.92022,1.20769,7.02819,0.03,0.01,0.955,0.005,0.0,0.0
39,20,21.99,79.21,1.82528,1.56046,0.55498,-0.57197,100,607.37787,1.09735,5.83148,0.015,0.02,0.95,0.0125,0.0,0.0025
39,21,21.99,79.23,1.89816,1.43092,0.36648,-0.4909,100,610.59384,2.06902,10.65909,0.1075,0.4275,0.46,0.0,0.0,0.005
39,22,21.99,79.25,1.98277,1.42262,0.33485,-0.47156,100,587.02505,2.54795,13.76417,0.1925,0.255,0.5525,0.0,0.0,0.0
39,23,21.99,79.27,2.00355,1.46809,0.39352,-0.49799,100,585.35829,1.88595,9.12881,0.0125,0.0725,0.9125,0.0025,0.0,0.0
39,24,21.99,79.29,2.004,1.42764,0.38518,-0.49725,100,583.4423,1.62672,9.6261,0.0975,0.35,0.55,0.0,0.0025,0.0
39,25,21.99,79.31,2.08029,1.42151,0.33178,-0.47986,100,576.10361,1.50771,6.28908,0.1375,0.2725,0.58,0.01,0.0,0.0
39,26,21.99,79.33,1.95067,1.48447,0.48729,-0.55365,100,558.76624,1.38115,5.77045,0.2125,0.1025,0.68,0.005,0.0,0.0
39,27,21.99,79.35,1.94084,1.50708,0.49006,-0.55013,100,567.07574,1.27151,5.45252,0.0925,0.1975,0.6875,0.0225,0.0,0.0
39,28,21.99,79.37,2.06748,1.53253,0.4415,-0.53282,100,578.66673,0.89309,4.73565,0.015,0.0,0.985,0.0,0.0,0.0
39,29,21.99,79.39,2.03306,1.43249,0.29405,-0.44047,100,580.88363,1.10476,7.74391,0.0025,0.025,0.9625,0.0025,0.0,0.0075
39,30,21.99,79.41,2.04039,1.54138,0.41727,-0.50979,100,582.02519,1.11674,6.52352,0.005,0.0375,0.9,0.0,0.0,0.0575
39,31,21.99,79.43,2.02555,1.53855,0.42609,-0.52452,100,605.99632,3.9429,16.84602,0.47,0.1625,0.3675,0.0,0.0,0.0
39,32,21.99,79.45,2.05746,1.52453,0.49549,-0.54853,100,624.81782,2.8021,13.88299,0.78,0.0525,0.16,0.0,0.0,0.0075
39,33,21.99,79.47,2.04603,1.5748,0.50331,-0.576,100,627.35262,1.719,7.9602,0.535,0.02,0.4425,0.0,0.0,0.0025
39,34,21.99,79.49,2.02823,1.53552,0.50782,-0.57402,100,639.78002,1.8487,9.50889,0.7325,0.035,0.2325,0.0,0.0,0.0
39,35,21.99,79.51,2.02515,1.48685,0.4511,-0.53923,100,629.57417,1.88711,10.58036,0.475,0.07,0.445,0.0,0.0,0.01
39,36,21.99,79.53,2.01521,1.47659,0.4519,-0.53122,100,615.61731,1.41392,5.57643,0.0925,0.1025,0.7325,0.0725,0.0,0.0
39,37,21.99,79.55,2.06918,1.48465,0.43704,-0.54766,100,627.01352,1.60433,7.41358,0.335,0.0975,0.5625,0.005,0.0,0.0
39,38,21.99,79.57,2.1354,1.57696,0.49491,-0.57815,100,633.1998,1.0695,6.77984,0.1225,0.0475,0.82,0.01,0.0,0.0
39,39,21.99,79.59,2.10434,1.42772,0.35687,-0.49727,100,643.69814,1.15196,5.0226,0.1275,0.1925,0.6675,0.0125,0.0,0.0
39,40,21.99,79.61,2.08077,1.50334,0.45273,-0.54128,100,634.8777,0.81749,4.34755,0.1025,0.105,0.7925,0.0,0.0,0.0
39,41,21.99,79.63,2.01119,1.50893,0.43949,-0.53145,100,641.54652,2.82148,9.21382,0.645,0.1225,0.23,0.0025,0.0,0.0
39,42,21.99,79.65,1.92056,1.51242,0.43871,-0.52446,100,618.88998,3.44447,21.60034,0.8925,0.1075,0.0,0.0,0.0,0.0
39,43,21.99,79.67,1.88655,1.48167,0.4402,-0.52346,100,576.35833,2.12267,13.17799,0.69,0.1325,0.17,0.0075,0.0,0.0
39,44,21.99,79.69,1.79419,1.43073,0.397,-0.47253,100,552.35812,1.0259,5.64833,0.115,0.1925,0.6825,0.01,0.0,0.0
39,45,21.99,79.71,1.79576,1.41719,0.40266,-0.48123,100,541.73698,0.80939,4.14909,0.1775,0.09,0.7225,0.01,0.0,0.0
39,46,21.99,79.73,1.8076,1.44291,0.41798,-0.49077,100,534.16875,0.74393,3.94869,0.2025,0.055,0.7275,0.005,0.0,0.01
39,47,21.99,79.75,1.64549,1.45274,0.39813,-0.46663,100,524.34143,0.94853,4.85251,0.235,0.08,0.335,0.02,0.0025,0.3275
39,48,21.99,79.77,1.76194,1.44901,0.40271,-0.4673,100,521.90478,2.35422,15.76375,0.22,0.1125,0.535,0.0225,0.0,0.11
39,49,21.99,79.79,1.909,1.40954,0.37193,-0.4577,100,520.71534,1.35097,8.16903,0.2775,0.3,0.4225,0.0,0.0,0.0
39,50,21.99,79.81,1.86704,1.42243,0.40781,-0.47685,100,525.86414,0.87338,4.95362,0.055,0.055,0.8725,0.015,0.0,0.0025
39,51,21.99,79.83,1.89186,1.32927,0.32323,-0.42168,100,532.8753,1.07801,5.13782,0.0425,0.115,0.8075,0.0325,0.0,0.0025
39,52,21.99,79.85,2.03957,1.36224,0.33635,-0.46639,100,539.80226,1.81659,9.36582,0.3125,0.49,0.1925,0.0,0.0,0.005
39,53,21.99,79.87,2.03072,1.3643,0.34793,-0.46779,100,544.33315,1.91344,8.98605,0.3575,0.34,0.295,0.0,0.0,0.0075
39,54,21.99,79.89,1.91165,1.32018,0.306,-0.42377,100,529.39225,1.1751,5.4972,0.095,0.105,0.7925,0.0075,0.0,0.0
39,55,21.99,79.91,1.90646,1.35892,0.3265,-0.43214,100,535.16593,1.34558,6.95629,0.2175,0.125,0.6425,0.0075,0.0,0.0075
39,56,21.99,79.93,1.85886,1.59053,0.52499,-0.56478,100,524.33822,3.95043,17.03998,0.9925,0.0,0.0075,0.0,0.0,0.0
39,57,21.99,79.95,1.82278,1.61066,0.52936,-0.55734,100,422.21779,7.98526,41.40864,1.0,0.0,0.0,0.0,0.0,0.0
39,58,21.99,79.97,1.8183,1.52376,0.47962,-0.52181,100,383.29094,4.14224,23.06185,0.825,0.0975,0.03,0.0,0.0,0.0475
39,59,21.99,79.99,1.73136,1.44729,0.43405,-0.47545,100,356.5326,1.99738,14.327,0.4075,0.1225,0.445,0.0,0.0,0.025
39,60,21.99,80.01,1.81666,1.42951,0.44026,-0.49281,100,341.05556,0.45284,3.27618,0.035,0.0025,0.95,0.0125,0.0,0.0
39,61,21.99,80.03,1.73196,1.39874,0.41148,-0.47362,100,332.54314,0.40801,2.09709,0.015,0.03,0.9175,0.035,0.0,0.0025
39,62,21.99,80.05,1.50018,1.50429,0.47788,-0.49401,100,326.45826,0.31305,2.13073,0.03,0.0125,0.9375,0.0175,0.0,0.0025
39,63,21.99,80.07,1.52036,1.51978,0.46023,-0.47581,100,321.96052,0.253,1.14846,0.015,0.0025,0.9675,0.0125,0.0,0.0025
39,64,21.99,80.09,1.48709,1.4926,0.43254,-0.44628,100,318.36809,0.88633,2.89081,0.2775,0.03,0.67,0.0225,0.0,0.0
39,65,21.99,80.11,1.54051,1.49066,0.44739,-0.46981,100,313.19177,1.99949,6.64208,0.63,0.0375,0.2075,0.005,0.025,0.095
39,66,21.99,80.13,1.57856,1.41808,0.38967,-0.43384,100,328.10805,3.11964,25.39042,0.5675,0.125,0.2975,0.005,0.0025,0.0025
39,67,21.99,80.15,1.62663,1.41109,0.37957,-0.4524,100,349.46627,4.65143,35.26121,0.52,0.1525,0.3225,0.005,0.0,0.0
39,68,21.99,80.17,1.48817,1.59304,0.52065,-0.51042,100,400.40182,9.69017,46.72614,0.9075,0.045,0.0475,0.0,0.0,0.0
39,69,21.99,80.19,1.43603,1.75913,0.60131,-0.57505,100,500.38296,8.04551,46.31923,1.0,0.0,0.0,0.0,0.0,0.0
39,70,21.99,80.21,1.35708,1.80146,0.63163,-0.59652,100,478.69992,5.58848,36.62097,1.0,0.0,0.0,0.0,0.0,0.0
39,71,21.99,80.23,1.52621,1.73417,0.57199,-0.55979,100,551.72931,8.48054,66.86056,1.0,0.0,0.0,0.0,0.0,0.0
39,72,21.99,80.25,1.45693,1.79454,0.61896,-0.59662,100,600.94369,4.54436,22.52603,0.995,0.005,0.0,0.0,0.0,0.0
39,73,21.99,80.27,1.45998,1.74866,0.59571,-0.57959,100,573.32499,3.59419,12.78311,0.94,0.0575,0.0025,0.0,0.0,0.0
39,74,21.99,80.29,1.44398,1.72293,0.5869,-0.57221,100,562.07141,5.50266,20.36127,0.96,0.03,0.01,0.0,0.0,0.0
39,75,21.99,80.31,1.44179,1.72172,0.5926,-0.57676,100,549.42676,4.76931,15.55396,1.0,0.0,0.0,0.0,0.0,0.0
39,76,21.99,80.33,1.47953,1.72854,0.58844,-0.58326,100,573.56144,6.10145,22.3817,0.9975,0.0025,0.0,0.0,0.0,0.0
39,77,21.99,80.35,1.56732,1.67653,0.55212,-0.57228,100,596.42523,2.66492,13.8981,0.9925,0.005,0.0025,0.0,0.0,0.0
39,78,21.99,80.37,1.65152,1.65086,0.52775,-0.56308,100,622.01916,2.64604,9.54881,0.8925,0.05,0.0575,0.0,0.0,0.0
39,79,21.99,80.39,1.72977,1.4892,0.44341,-0.50937,100,610.235,2.69898,9.29607,0.755,0.0775,0.1675,0.0,0.0,0.0
39,80,21.99,80.41,1.75493,1.39137,0.36206,-0.45171,100,598.31999,1.84328,8.72406,0.455,0.0775,0.465,0.0,0.0025,0.0
39,81,21.99,80.43,1.79992,1.45166,0.40188,-0.49462,100,610.09741,2.29907,9.22188,0.6575,0.125,0.215,0.0,0.0025,0.0
39,82,21.99,80.45,1.80911,1.40309,0.38929,-0.48079,100,621.38663,1.58703,8.39084,0.4525,0.065,0.475,0.0075,0.0,0.0
39,83,21.99,80.47,1.74185,1.47071,0.41752,-0.49365,100,645.29626,2.93972,16.26607,0.7775,0.09,0.13,0.0025,0.0,0.0
39,84,21.99,80.49,1.75413,1.61456,0.47135,-0.54375,100,696.40075,5.63037,41.14673,0.945,0.035,0.02,0.0,0.0,0.0
39,85,21.99,80.51,1.63335,1.65083,0.52124,-0.5667,100,688.99245,6.20391,50.22901,0.9825,0.0175,0.0,0.0,0.0,0.0
39,86,21.99,80.53,1.67803,1.63938,0.481,-0.55789,100,656.32295,5.66523,38.86276,0.985,0.01,0.005,0.0,0.0,0.0
39,87,21.99,80.55,1.73814,1.36692,0.34288,-0.44405,100,582.14512,1.83835,8.57081,0.415,0.205,0.38,0.0,0.0,0.0
39,88,21.99,80.57,1.74326,1.38218,0.33763,-0.42467,100,598.61638,3.6258,27.60642,0.3825,0.1375,0.4775,0.0,0.0,0.0025
39,89,21.99,80.59,1.67046,1.3794,0.34739,-0.42772,100,589.4666,2.0594,14.62276,0.295,0.1375,0.5425,0.005,0.0,0.02
40,0,22.01,78.81,1.558,1.66519,0.67963,-0.6582,100,706.88822,1.24955,8.82344,0.07,0.08,0.7225,0.0025,0.0,0.125
40,1,22.01,78.83,1.5987,1.66227,0.68568,-0.66155,100,703.44609,1.33668,7.15346,0.055,0.0625,0.8675,0.015,0.0,0.0
40,2,22.01,78.85,1.50563,1.74259,0.73997,-0.69624,100,697.28366,1.76164,10.09684,0.05,0.03,0.92,0.0,0.0,0.0
40,3,22.01,78.87,1.45517,1.70269,0.72253,-0.67968,100,680.86413,1.25014,7.18827,0.02,0.07,0.865,0.045,0.0,0.0
40,4,22.01,78.89,1.64207,1.51618,0.5822,-0.58344,100,680.49267,1.49209,9.26044,0.025,0.1025,0.835,0.015,0.0175,0.005
40,5,22.01,78.91,1.6718,1.55101,0.58567,-0.59413,100,662.37479,1.51529,9.74956,0.035,0.1075,0.8275,0.0275,0.0,0.0025
40,6,22.01,78.93,1.56604,1.45796,0.53252,-0.53648,100,650.64702,1.47253,6.22893,0.105,0.1975,0.595,0.095,0.0075,0.0
40,7,22.01,78.95,1.62856,1.50473,0.54728,-0.55848,100,653.72196,1.98497,12.72665,0.09,0.1025,0.775,0.0175,0.0025,0.0125
40,8,22.01,78.97,1.84125,1.36723,0.35931,-0.46012,100,692.51065,3.70431,15.74823,0.025,0.255,0.72,0.0,0.0,0.0
40,9,22.01,78.99,1.77858,1.37206,0.37031,-0.45896,100,703.22552,2.27036,9.6443,0.0125,0.1775,0.79,0.02,0.0,0.0
40,10,22.01,79.01,1.77451,1.36301,0.33621,-0.43917,100,703.96564,1.94225,8.20324,0.0075,0.1725,0.8075,0.01,0.0025,0.0
40,11,22.01,79.03,1.83301,1.38763,0.34566,-0.46251,100,678.15093,3.62964,17.18577,0.1025,0.28,0.6175,0.0,0.0,0.0
40,12,22.01,79.05,1.63012,1.51649,0.54701,-0.56173,100,650.98312,3.6092,23.08405,0.11,0.18,0.645,0.0075,0.0,0.0575
40,13,22.01,79.07,1.80838,1.44635,0.37026,-0.47481,100,651.55417,4.54008,19.50604,0.1575,0.2175,0.625,0.0,0.0,0.0
40,14,22.01,79.09,1.66876,1.61832,0.57801,-0.59611,100,632.30094,5.18409,22.07754,0.22,0.18,0.5825,0.0,0.0,0.0175
40,15,22.01,79.11,1.60638,1.64466,0.63596,-0.63716,100,597.66718,2.08972,10.51617,0.1125,0.035,0.83,0.0225,0.0,0.0
40,16,22.01,79.13,1.57697,1.6589,0.64527,-0.62865,100,591.37013,2.02131,9.71634,0.15,0.0625,0.775,0.01,0.0,0.0025
40,17,22.01,79.15,1.57642,1.67969,0.63517,-0.62955,100,581.19207,1.899,6.91004,0.16,0.05,0.76,0.0025,0.0025,0.025
40,18,22.01,79.17,1.80892,1.66665,0.66061,-0.64663,100,587.11818,1.38785,8.11678,0.1175,0.02,0.8575,0.0,0.0,0.005
40,19,22.01,79.19,1.83118,1.56878,0.565,-0.58421,100,604.87727,1.16187,6.60857,0.0175,0.01,0.955,0.0175,0.0,0.0
40,20,22.01,79.21,1.90973,1.5357,0.47897,-0.54059,100,619.32778,1.58127,7.03717,0.015,0.0225,0.93,0.0325,0.0,0.0
40,21,22.01,79.23,1.91049,1.41615,0.30341,-0.44278,100,627.528,1.46101,7.89358,0.11,0.3425,0.545,0.0025,0.0,0.0
40,22,22.01,79.25,2.04587,1.35532,0.27347,-0.42347,100,620.65114,1.4093,7.2455,0.005,0.23,0.7575,0.0075,0.0,0.0
40,23,22.01,79.27,1.83991,1.41064,0.3438,-0.4707,100,609.58525,2.11293,12.59067,0.05,0.5025,0.445,0.0025,0.0,0.0
40,24,22.01,79.29,1.88708,1.51571,0.5126,-0.56398,100,601.87954,1.62526,7.67659,0.0,0.1675,0.8275,0.0,0.005,0.0
40,25,22.01,79.31,1.98895,1.51029,0.49695,-0.55609,100,578.76205,1.57398,8.55463,0.055,0.1525,0.7825,0.01,0.0,0.0
40,26,22.01,79.33,2.05006,1.48971,0.48877,-0.55037,100,569.52335,1.41402,6.94159,0.1125,0.1025,0.77,0.015,0.0,0.0
40,27,22.01,79.35,1.97721,1.4988,0.48079,-0.55346,100,571.43284,1.49918,7.85362,0.1225,0.1275,0.6675,0.01,0.0,0.0725
40,28,22.01,79.37,2.09029,1.45285,0.38719,-0.49295,100,576.37355,1.53995,6.58237,0.2525,0.1425,0.4775,0.0,0.0,0.1275
40,29,22.01,79.39,2.01732,1.42226,0.34068,-0.46383,100,584.74582,1.04793,5.82364,0.04,0.11,0.83,0.02,0.0,0.0
40,30,22.01,79.41,2.09631,1.45473,0.33937,-0.46915,100,596.22968,1.46752,5.96017,0.025,0.0375,0.92,0.0175,0.0,0.0
40,31,22.01,79.43,2.05321,1.42385,0.32266,-0.46363,100,618.82266,2.2824,11.787,0.235,0.085,0.68,0.0,0.0,0.0
40,32,22.01,79.45,2.12961,1.56238,0.49379,-0.55964,100,638.95305,2.09228,10.98976,0.45,0.055,0.495,0.0,0.0,0.0
40,33,22.01,79.47,2.22609,1.55352,0.41393,-0.53434,100,620.12554,0.78839,5.01691,0.03,0.0025,0.96,0.005,0.0025,0.0
40,34,22.01,79.49,2.0811,1.52049,0.44109,-0.54002,100,625.33641,1.46507,13.44902,0.2325,0.115,0.6475,0.005,0.0,0.0
40,35,22.01,79.51,2.00659,1.50918,0.44785,-0.54527,100,632.81301,2.24353,12.89575,0.6125,0.115,0.27,0.0,0.0,0.0025
40,36,22.01,79.53,2.02984,1.58774,0.51253,-0.57592,100,610.90774,1.17601,5.74064,0.0675,0.035,0.885,0.0125,0.0,0.0
40,37,22.01,79.55,2.07876,1.63895,0.56229,-0.61441,100,621.35744,0.91847,6.60108,0.0625,0.01,0.91,0.0175,0.0,0.0
40,38,22.01,79.57,2.10375,1.52309,0.45718,-0.54221,100,631.97105,1.54192,7.97817,0.14,0.0225,0.8325,0.0,0.0025,0.0025
40,39,22.01,79.59,2.03606,1.41766,0.38447,-0.50071,100,640.11159,1.54938,6.05583,0.1725,0.345,0.4775,0.0,0.0,0.005
40,40,22.01,79.61,1.98682,1.50606,0.51034,-0.56492,100,632.46264,0.77204,3.72576,0.0725,0.0925,0.8175,0.0125,0.0025,0.0025
40,41,22.01,79.63,1.9762,1.48626,0.42458,-0.52086,100,630.93153,4.11973,23.49318,0.7275,0.1975,0.075,0.0,0.0,0.0
40,42,22.01,79.65,1.84573,1.40847,0.38305,-0.46859,100,585.14766,2.27896,11.34887,0.3075,0.3925,0.2975,0.0025,0.0,0.0
40,43,22.01,79.67,1.83625,1.41022,0.39953,-0.48234,100,567.56516,1.54256,6.30956,0.2,0.255,0.5275,0.0175,0.0,0.0
40,44,22.01,79.69,1.78081,1.42526,0.39448,-0.47228,100,555.58793,1.05573,4.65594,0.1625,0.04,0.785,0.01,0.0,0.0025
40,45,22.01,79.71,1.81276,1.42644,0.39922,-0.48295,100,550.05599,1.09272,4.98985,0.135,0.0625,0.75,0.04,0.0,0.0125
40,46,22.01,79.73,1.77597,1.38223,0.35726,-0.44805,100,534.96911,0.95112,4.87287,0.0725,0.0775,0.8275,0.0225,0.0,0.0
40,47,22.01,79.75,1.80229,1.4343,0.40432,-0.48497,100,526.78698,0.81952,5.1439,0.22,0.0475,0.6825,0.0375,0.0,0.0125
40,48,22.01,79.77,1.82548,1.44951,0.43898,-0.49838,100,520.3902,1.50546,9.72141,0.22,0.055,0.695,0.03,0.0,0.0
40,49,22.01,79.79,1.91018,1.3775,0.36637,-0.45694,100,514.27723,1.19212,6.80838,0.2,0.125,0.665,0.01,0.0,0.0
40,50,22.01,79.81,1.87776,1.38893,0.37261,-0.45214,100,519.74686,0.96553,4.77,0.115,0.045,0.8225,0.015,0.0,0.0025
40,51,22.01,79.83,1.86386,1.33585,0.32736,-0.42386,100,527.03979,1.06305,4.53709,0.0375,0.0375,0.8925,0.0275,0.0,0.005
40,52,22.01,79.85,1.97877,1.37122,0.37222,-0.47409,100,523.76581,2.05063,6.495,0.4725,0.3675,0.155,0.005,0.0,0.0
40,53,22.01,79.87,1.98338,1.39824,0.39224,-0.48926,100,524.61476,2.05327,12.08822,0.8225,0.1625,0.015,0.0,0.0,0.0
40,54,22.01,79.89,1.93314,1.33617,0.33913,-0.45239,100,518.93491,1.48388,4.69488,0.3975,0.21,0.3875,0.005,0.0,0.0
40,55,22.01,79.91,1.99752,1.4526,0.39484,-0.51255,100,543.78191,2.60858,14.29235,0.79,0.12,0.0875,0.0,0.0,0.0025
40,56,22.01,79.93,1.83024,1.53417,0.45978,-0.52931,100,564.43485,4.20121,25.89424,0.995,0.005,0.0,0.0,0.0,0.0
40,57,22.01,79.95,1.7347,1.61017,0.50435,-0.54084,100,513.5676,11.40612,67.72166,0.9975,0.0025,0.0,0.0,0.0,0.0
40,58,22.01,79.97,1.8594,1.50094,0.44946,-0.51635,100,379.76785,3.14738,20.78251,0.7825,0.105,0.1125,0.0,0.0,0.0
40,59,22.01,79.99,1.79165,1.42407,0.41797,-0.47466,100,365.53547,3.09478,25.64285,0.235,0.135,0.6075,0.0225,0.0,0.0
40,60,22.01,80.01,1.85926,1.40092,0.40615,-0.4721,100,343.20112,0.65301,3.44998,0.0125,0.0375,0.9075,0.04,0.0,0.0025
40,61,22.01,80.03,1.77761,1.4331,0.41901,-0.47614,100,334.44876,0.51374,2.98795,0.0225,0.05,0.83,0.035,0.0,0.0625
40,62,22.01,80.05,1.71219,1.36215,0.3544,-0.42182,100,330.48369,0.58216,3.31913,0.025,0.085,0.755,0.08,0.0,0.055
40,63,22.01,80.07,1.50366,1.53498,0.50669,-0.49698,100,325.25007,0.28642,1.34389,0.0025,0.0025,0.98,0.015,0.0,0.0
40,64,22.01,80.09,1.49397,1.49979,0.43676,-0.44675,100,322.60547,0.64395,2.30534,0.1025,0.0125,0.87,0.015,0.0,0.0
40,65,22.01,80.11,1.56553,1.46595,0.43506,-0.46516,100,315.69283,2.01236,6.39597,0.685,0.0225,0.14,0.0225,0.0525,0.0775
40,66,22.01,80.13,1.50396,1.58136,0.49684,-0.51748,100,321.41461,2.23424,6.35036,0.9325,0.0325,0.0225,0.0,0.0025,0.01
40,67,22.01,80.15,1.52683,1.58096,0.48864,-0.51926,100,337.85397,2.37389,9.9214,0.825,0.04,0.1325,0.0,0.0,0.0025
40,68,22.01,80.17,1.54928,1.60147,0.50851,-0.51827,100,418.44744,9.33877,69.5727,0.9625,0.0225,0.0075,0.0,0.0,0.0075
40,69,22.01,80.19,1.52867,1.69622,0.55131,-0.54393,100,580.57328,8.09404,42.58969,1.0,0.0,0.0,0.0,0.0,0.0
40,70,22.01,80.21,1.42205,1.75865,0.59934,-0.57452,100,489.03966,8.64268,72.03598,1.0,0.0,0.0,0.0,0.0,0.0
40,71,22.01,80.23,1.38699,1.7755,0.61365,-0.58116,100,458.45049,7.25029,41.29711,1.0,0.0,0.0,0.0,0.0,0.0
40,72,22.01,80.25,1.40619,1.80666,0.62442,-0.59464,100,553.60501,5.03608,25.50157,1.0,0.0,0.0,0.0,0.0,0.0
40,73,22.01,80.27,1.48565,1.7537,0.58496,-0.57473,100,579.30499,3.23934,15.93852,1.0,0.0,0.0,0.0,0.0,0.0
40,74,22.01,80.29,1.47519,1.72343,0.58685,-0.57245,100,565.66299,4.57092,17.29627,0.9325,0.0625,0.005,0.0,0.0,0.0
40,75,22.01,80.31,1.53843,1.68396,0.55796,-0.56199,100,550.47176,6.53726,28.30789,0.9875,0.0125,0.0,0.0,0.0,0.0
40,76,22.01,80.33,1.53726,1.70097,0.57504,-0.57879,100,593.12598,4.78648,20.45644,0.98,0.02,0.0,0.0,0.0,0.0
40,77,22.01,80.35,1.6711,1.54325,0.4687,-0.52782,100,601.88801,2.9898,11.20066,0.745,0.11,0.14,0.005,0.0,0.0
40,78,22.01,80.37,1.78481,1.37816,0.34014,-0.43896,100,604.66474,2.27415,8.75122,0.42,0.2725,0.3075,0.0,0.0,0.0
40,79,22.01,80.39,1.72314,1.53412,0.4494,-0.52803,100,595.55991,2.51936,8.95087,0.7775,0.12,0.1025,0.0,0.0,0.0
40,80,22.01,80.41,1.81772,1.3625,0.31347,-0.42481,100,598.72136,1.9426,8.90574,0.255,0.1975,0.54,0.0,0.0,0.0075
40,81,22.01,80.43,1.79451,1.44285,0.38221,-0.49635,100,619.54431,2.10765,9.9532,0.6275,0.15,0.2225,0.0,0.0,0.0
40,82,22.01,80.45,1.65546,1.67401,0.53085,-0.56786,100,660.15159,4.32704,23.05971,0.9975,0.0025,0.0,0.0,0.0,0.0
40,83,22.01,80.47,1.6212,1.68576,0.53857,-0.56993,100,676.34189,4.4741,22.28791,0.9675,0.02,0.0125,0.0,0.0,0.0
40,84,22.01,80.49,1.6011,1.72595,0.57453,-0.59002,100,757.1925,7.03402,39.1954,0.8975,0.1025,0.0,0.0,0.0,0.0
40,85,22.01,80.51,1.60219,1.70027,0.5594,-0.58189,100,707.36474,6.82615,45.44966,0.975,0.025,0.0,0.0,0.0,0.0
40,86,22.01,80.53,1.56928,1.68102,0.53339,-0.56715,100,651.02769,6.18956,48.6704,0.97,0.01,0.01,0.0,0.0,0.01
40,87,22.01,80.55,1.68938,1.39016,0.3538,-0.44447,100,577.86312,1.6505,8.74861,0.4875,0.1575,0.34,0.0,0.0,0.015
40,88,22.01,80.57,1.69661,1.36363,0.32777,-0.4115,100,568.55915,1.09849,4.63188,0.1925,0.0625,0.7125,0.03,0.0025,0.0
40,89,22.01,80.59,1.69523,1.33917,0.28763,-0.38711,100,573.65036,0.88401,5.07966,0.0325,0.015,0.9275,0.02,0.0,0.005
41,0,22.03,78.81,1.47528,1.50769,0.60341,-0.59358,100,696.77777,0.92778,5.83413,0.0525,0.12,0.49,0.0,0.0,0.3375
41,1,22.03,78.83,1.49341,1.73893,0.74178,-0.69662,100,687.84787,1.21291,6.13185,0.1375,0.015,0.845,0.0025,0.0,0.0
41,2,22.03,78.85,1.52274,1.64216,0.71498,-0.68211,100,679.48022,1.03366,6.1692,0.0775,0.02,0.8925,0.01,0.0,0.0
41,3,22.03,78.87,1.54017,1.59856,0.66502,-0.63849,100,670.77037,1.0684,5.3375,0.0875,0.0425,0.855,0.01,0.0,0.005
41,4,22.03,78.89,1.51766,1.48779,0.62532,-0.61578,100,662.93552,0.96114,3.49661,0.0775,0.045,0.8725,0.005,0.0,0.0
41,5,22.03,78.91,1.63653,1.46169,0.555,-0.57861,100,662.19876,1.17295,6.90068,0.125,0.115,0.7375,0.02,0.0025,0.0
41,6,22.03,78.93,1.51193,1.35344,0.45899,-0.48674,100,661.24398,1.06866,5.38265,0.065,0.0975,0.545,0.29,0.0025,0.0
41,7,22.03,78.95,1.41107,1.7676,0.73156,-0.6815,100,653.33617,1.2409,5.25293,0.1,0.02,0.8625,0.0175,0.0,0.0
41,8,22.03,78.97,1.61376,1.6007,0.60171,-0.59866,100,665.75027,1.59858,7.39888,0.035,0.055,0.8725,0.035,0.0025,0.0
41,9,22.03,78.99,1.46071,1.75739,0.71147,-0.66691,100,680.10475,1.81294,8.33095,0.0225,0.0975,0.8525,0.0275,0.0,0.0
41,10,22.03,79.01,1.73032,1.46097,0.48717,-0.53689,100,697.22185,2.10505,10.87354,0.0625,0.0425,0.885,0.005,0.0,0.005
41,11,22.03,79.03,1.81153,1.44265,0.44593,-0.51566,100,684.34669,3.43719,15.33799,0.1175,0.1675,0.6825,0.0,0.0025,0.03
41,12,22.03,79.05,1.65408,1.56725,0.59525,-0.61137,100,665.26225,4.58375,24.69698,0.175,0.1725,0.625,0.0025,0.0,0.025
41,13,22.03,79.07,1.71794,1.51875,0.5089,-0.55753,100,634.70187,3.21094,14.99705,0.195,0.2125,0.585,0.0075,0.0,0.0
41,14,22.03,79.09,1.5818,1.74285,0.6767,-0.6574,100,611.20487,1.70697,10.06261,0.135,0.075,0.7875,0.0025,0.0,0.0
41,15,22.03,79.11,1.59629,1.65946,0.63287,-0.61656,100,606.13348,1.56246,8.41795,0.1275,0.0675,0.805,0.0,0.0,0.0
41,16,22.03,79.13,1.59967,1.63425,0.61875,-0.61463,100,615.89801,2.66407,10.7814,0.11,0.065,0.8025,0.01,0.0,0.0125
41,17,22.03,79.15,1.51306,1.71278,0.6707,-0.64441,100,588.8102,2.19759,10.80291,0.2575,0.02,0.7075,0.0,0.0025,0.0125
41,18,22.03,79.17,1.87366,1.50811,0.50828,-0.54007,100,590.4669,1.93285,8.50555,0.2275,0.0425,0.675,0.03,0.0025,0.0225
41,19,22.03,79.19,1.88792,1.48812,0.47906,-0.53613,100,605.07783,1.81838,9.32841,0.015,0.1825,0.78,0.02,0.0025,0.0
41,20,22.03,79.21,1.89821,1.59891,0.55557,-0.58954,100,614.37316,1.34542,7.95765,0.035,0.045,0.9075,0.005,0.0,0.0075
41,21,22.03,79.23,1.99698,1.44322,0.32472,-0.46115,100,635.13133,1.36687,5.77633,0.045,0.115,0.8225,0.015,0.0,0.0025
41,22,22.03,79.25,2.14105,1.53172,0.33765,-0.48839,100,629.57165,1.1493,6.36255,0.015,0.0075,0.9725,0.005,0.0,0.0
41,23,22.03,79.27,1.86573,1.57785,0.56129,-0.593,100,614.99453,1.07553,5.06722,0.025,0.13,0.83,0.01,0.0025,0.0025
41,24,22.03,79.29,1.92954,1.47817,0.43888,-0.52431,100,604.6588,1.53504,7.32613,0.01,0.22,0.745,0.0125,0.0,0.0125
41,25,22.03,79.31,1.97358,1.45237,0.43919,-0.52896,100,590.60916,2.05422,9.87848,0.055,0.385,0.56,0.0,0.0,0.0
41,26,22.03,79.33,2.06232,1.47429,0.37674,-0.5021,100,590.39723,1.53183,8.81487,0.0075,0.1225,0.8675,0.0025,0.0,0.0
41,27,22.03,79.35,1.99473,1.37408,0.28637,-0.42992,100,594.53933,2.27134,13.81715,0.135,0.2775,0.5875,0.0,0.0,0.0
41,28,22.03,79.37,2.0213,1.39124,0.31523,-0.46643,100,597.08174,2.0356,11.80101,0.23,0.38,0.39,0.0,0.0,0.0
41,29,22.03,79.39,1.99496,1.41977,0.29754,-0.44639,100,595.74216,1.60199,10.23964,0.15,0.235,0.6125,0.0025,0.0,0.0
41,30,22.03,79.41,2.0473,1.4429,0.2791,-0.44475,100,608.96011,1.44567,12.25743,0.005,0.12,0.865,0.005,0.0,0.005
41,31,22.03,79.43,2.00064,1.39086,0.2901,-0.44905,100,624.40365,1.68272,8.09032,0.015,0.215,0.7425,0.0225,0.0025,0.0025
41,32,22.03,79.45,2.16545,1.53879,0.31915,-0.47251,100,630.87336,0.91246,4.42698,0.0375,0.0175,0.91,0.03,0.0,0.005
41,33,22.03,79.47,2.16544,1.62853,0.49208,-0.57339,100,617.08225,0.79264,5.22009,0.0125,0.01,0.965,0.0125,0.0,0.0
41,34,22.03,79.49,1.90512,1.75543,0.67979,-0.66624,100,608.07967,0.82588,4.80732,0.02,0.025,0.9425,0.01,0.0,0.0025
41,35,22.03,79.51,1.84919,1.76155,0.67709,-0.66542,100,607.78799,0.89802,7.29358,0.0275,0.055,0.9,0.015,0.0,0.0025
41,36,22.03,79.53,1.96847,1.63676,0.58267,-0.61469,100,610.78519,1.32436,6.69103,0.0525,0.08,0.845,0.02,0.0025,0.0
41,37,22.03,79.55,2.09037,1.58698,0.48248,-0.56622,100,621.22192,1.92589,8.04448,0.1125,0.0925,0.79,0.0025,0.0,0.0025
41,38,22.03,79.57,2.00153,1.50696,0.48678,-0.56113,100,623.56812,1.7162,9.78066,0.0925,0.205,0.6975,0.0025,0.0025,0.0
41,39,22.03,79.59,1.94381,1.4168,0.41991,-0.50789,100,626.36138,1.48243,6.79802,0.1725,0.15,0.6575,0.015,0.0,0.005
41,40,22.03,79.61,2.03493,1.43391,0.4025,-0.51558,100,636.14957,1.3074,7.9276,0.37,0.1425,0.4775,0.01,0.0,0.0
41,41,22.03,79.63,2.02345,1.51791,0.43534,-0.53416,100,624.66573,4.80082,28.26987,0.7675,0.1175,0.115,0.0,0.0,0.0
41,42,22.03,79.65,1.8769,1.43299,0.40835,-0.48946,100,566.09463,1.77251,8.04905,0.38,0.265,0.345,0.01,0.0,0.0
41,43,22.03,79.67,1.84564,1.41499,0.42055,-0.49783,100,554.00775,1.25188,6.05694,0.15,0.24,0.5975,0.0125,0.0,0.0
41,44,22.03,79.69,1.80315,1.39488,0.37647,-0.4594,100,544.60852,1.07344,5.02165,0.1225,0.165,0.6625,0.0275,0.0025,0.02
41,45,22.03,79.71,1.81559,1.40217,0.35768,-0.45544,100,542.5268,1.12427,5.12847,0.1175,0.09,0.7425,0.05,0.0,0.0
41,46,22.03,79.73,1.7575,1.33586,0.30816,-0.41715,100,536.15409,1.14741,5.96898,0.055,0.105,0.6725,0.1525,0.0,0.015
41,47,22.03,79.75,1.76366,1.38666,0.33083,-0.42848,100,524.96543,0.85062,4.50758,0.04,0.0275,0.785,0.1225,0.0,0.025
41,48,22.03,79.77,1.82849,1.40736,0.37253,-0.45457,100,515.00848,0.85592,3.75174,0.16,0.0475,0.7625,0.0225,0.0,0.0075
41,49,22.03,79.79,1.86686,1.39801,0.37472,-0.46459,100,508.33899,1.17565,4.12911,0.245,0.1425,0.6125,0.0,0.0,0.0
41,50,22.03,79.81,1.84391,1.33269,0.32359,-0.42409,100,517.64264,1.07109,4.90341,0.055,0.0375,0.84,0.0675,0.0,0.0
41,51,22.03,79.83,1.87121,1.30432,0.29918,-0.41142,100,525.18262,1.00295,4.53835,0.0075,0.095,0.855,0.0375,0.0,0.005
41,52,22.03,79.85,1.98646,1.33253,0.34294,-0.45916,100,513.17618,1.908,6.80913,0.325,0.5175,0.1575,0.0,0.0,0.0
41,53,22.03,79.87,1.94627,1.42689,0.40338,-0.49884,100,498.06296,1.85645,8.09404,0.8675,0.1175,0.015,0.0,0.0,0.0
41,54,22.03,79.89,1.96372,1.4586,0.41627,-0.51571,100,511.08244,1.91988,8.65612,0.84,0.0725,0.0825,0.005,0.0,0.0
41,55,22.03,79.91,1.92436,1.50583,0.4453,-0.53029,100,514.72351,3.02774,13.42275,0.9875,0.0075,0.005,0.0,0.0,0.0
41,56,22.03,79.93,1.71964,1.54518,0.47155,-0.53351,100,489.00542,4.44734,31.51512,0.995,0.005,0.0,0.0,0.0,0.0
41,57,22.03,79.95,1.77359,1.58056,0.49011,-0.54251,100,429.35394,8.57173,42.79616,0.9725,0.0225,0.005,0.0,0.0,0.0
41,58,22.03,79.97,1.86909,1.46253,0.40742,-0.4874,100,373.04633,2.68284,15.76482,0.6675,0.0925,0.2375,0.0025,0.0,0.0
41,59,22.03,79.99,1.80502,1.41509,0.42126,-0.4801,100,354.50351,1.8895,16.53671,0.13,0.09,0.745,0.035,0.0,0.0
41,60,22.03,80.01,1.87725,1.41802,0.4064,-0.488,100,342.06153,0.527,2.43404,0.07,0.04,0.8775,0.0125,0.0,0.0
41,61,22.03,80.03,1.67364,1.46636,0.4283,-0.47511,100,334.84966,0.57673,3.25206,0.2525,0.1275,0.5775,0.0125,0.0,0.03
41,62,22.03,80.05,1.67528,1.43537,0.41957,-0.48037,100,328.85491,0.57024,3.40367,0.15,0.0875,0.76,0.0025,0.0,0.0
41,63,22.03,80.07,1.52358,1.49856,0.46611,-0.46184,100,325.28174,0.79475,3.64442,0.2275,0.075,0.675,0.0225,0.0,0.0
41,64,22.03,80.09,1.53649,1.50226,0.45806,-0.47647,100,318.6793,1.83582,6.64223,0.64,0.0525,0.22,0.005,0.03,0.0525
41,65,22.03,80.11,1.60784,1.44189,0.41002,-0.45571,100,320.39806,1.56785,6.32968,0.695,0.0475,0.2075,0.0,0.02,0.03
41,66,22.03,80.13,1.64229,1.44343,0.4215,-0.47559,100,324.89812,1.31935,4.14031,0.6525,0.095,0.25,0.0025,0.0,0.0
41,67,22.03,80.15,1.58451,1.49521,0.44162,-0.48964,100,325.32821,1.90017,5.75402,0.725,0.0925,0.1575,0.0,0.025,0.0
41,68,22.03,80.17,1.44197,1.69482,0.55793,-0.55289,100,356.73762,4.81735,46.68092,0.9225,0.0425,0.035,0.0,0.0,0.0
41,69,22.03,80.19,1.49896,1.69892,0.55458,-0.54242,100,449.98111,9.00282,87.52439,0.9925,0.0075,0.0,0.0,0.0,0.0
41,70,22.03,80.21,1.48873,1.72126,0.56965,-0.55018,100,462.34141,9.89736,52.10095,1.0,0.0,0.0,0.0,0.0,0.0
41,71,22.03,80.23,1.37855,1.76162,0.60731,-0.56655,100,401.88977,7.47819,31.84429,1.0,0.0,0.0,0.0,0.0,0.0
41,72,22.03,80.25,1.3727,1.77608,0.61565,-0.57509,100,472.08176,7.60529,41.78458,1.0,0.0,0.0,0.0,0.0,0.0
41,73,22.03,80.27,1.35427,1.83311,0.63961,-0.59866,100,523.72616,4.17269,22.30116,1.0,0.0,0.0,0.0,0.0,0.0
41,74,22.03,80.29,1.32232,1.84471,0.64688,-0.59927,100,539.58506,6.79263,32.49324,1.0,0.0,0.0,0.0,0.0,0.0
41,75,22.03,80.31,1.40291,1.77018,0.61893,-0.58375,100,518.30098,8.81958,40.85187,0.9875,0.0125,0.0,0.0,0.0,0.0
41,76,22.03,80.33,1.44707,1.76781,0.61129,-0.60059,100,572.88221,3.84736,18.24511,1.0,0.0,0.0,0.0,0.0,0.0
41,77,22.03,80.35,1.53788,1.6918,0.56668,-0.58829,100,594.56732,3.04992,15.54866,0.95,0.02,0.03,0.0,0.0,0.0
41,78,22.03,80.37,1.67318,1.62301,0.51022,-0.56556,100,589.76501,2.70832,8.81412,0.875,0.08,0.045,0.0,0.0,0.0
41,79,22.03,80.39,1.84441,1.35334,0.30902,-0.42908,100,587.02618,1.88509,7.01649,0.27,0.205,0.525,0.0,0.0,0.0
41,80,22.03,80.41,1.88071,1.40476,0.3469,-0.46645,100,602.50821,2.16667,8.11045,0.4425,0.19,0.365,0.0025,0.0,0.0
41,81,22.03,80.43,1.84959,1.42932,0.37317,-0.49266,100,626.22663,2.4941,14.24529,0.5775,0.1675,0.255,0.0,0.0,0.0
41,82,22.03,80.45,1.58589,1.71296,0.5553,-0.58109,100,672.44977,4.5299,20.68951,1.0,0.0,0.0,0.0,0.0,0.0
41,83,22.03,80.47,1.55252,1.75668,0.58208,-0.60001,100,778.23788,8.15898,48.56898,0.995,0.005,0.0,0.0,0.0,0.0
41,84,22.03,80.49,1.47215,1.82093,0.62362,-0.60713,100,768.81765,8.94297,58.7687,1.0,0.0,0.0,0.0,0.0,0.0
41,85,22.03,80.51,1.49736,1.75445,0.58261,-0.58046,100,641.53983,5.45085,31.51846,0.9975,0.0025,0.0,0.0,0.0,0.0
41,86,22.03,80.53,1.62854,1.55744,0.4774,-0.52441,100,596.26628,2.20979,11.33696,0.8425,0.055,0.1025,0.0,0.0,0.0
41,87,22.03,80.55,1.76174,1.33897,0.29729,-0.40395,100,571.32275,1.5335,6.98761,0.165,0.18,0.65,0.0025,0.0,0.0025
41,88,22.03,80.57,1.67101,1.45639,0.40828,-0.48378,100,560.9463,1.4723,5.76242,0.62,0.075,0.3025,0.0,0.0025,0.0
41,89,22.03,80.59,1.74136,1.37067,0.3152,-0.41859,100,570.22352,2.10782,8.33602,0.265,0.175,0.555,0.005,0.0,0.0
42,0,22.05,78.81,1.62133,1.67964,0.70288,-0.68164,100,700.04348,1.14837,6.23364,0.0425,0.03,0.9275,0.0,0.0,0.0
42,1,22.05,78.83,1.60067,1.67226,0.69972,-0.67993,100,689.6186,1.11485,5.82215,0.045,0.0175,0.935,0.0025,0.0,0.0
42,2,22.05,78.85,1.56941,1.62107,0.68036,-0.66197,100,681.90683,1.16601,5.88512,0.1375,0.0425,0.8025,0.0175,0.0,0.0
42,3,22.05,78.87,1.69358,1.48956,0.61293,-0.6227,100,685.29797,1.22146,7.80775,0.085,0.0825,0.8275,0.005,0.0,0.0
42,4,22.05,78.89,1.62822,1.32053,0.46192,-0.51929,100,678.6365,1.10319,6.64396,0.0425,0.11,0.795,0.05,0.0025,0.0
42,5,22.05,78.91,1.67474,1.3958,0.50324,-0.54673,100,674.70706,1.07134,4.9152,0.125,0.2125,0.605,0.055,0.0025,0.0
42,6,22.05,78.93,1.4759,1.2292,0.29224,-0.34334,100,671.17462,1.27021,7.15965,0.125,0.0925,0.1525,0.6275,0.0025,0.0
42,7,22.05,78.95,1.4084,1.29713,0.37612,-0.4216,100,669.74755,1.04955,7.18972,0.085,0.0675,0.4275,0.4025,0.0075,0.01
42,8,22.05,78.97,1.52567,1.45647,0.49599,-0.53257,100,678.97993,1.50509,8.32113,0.0075,0.135,0.66,0.1975,0.0,0.0
42,9,22.05,78.99,1.60514,1.52374,0.57016,-0.56841,100,703.44687,3.27784,13.39259,0.045,0.18,0.76,0.0125,0.0,0.0025
42,10,22.05,79.01,1.53052,1.56512,0.60321,-0.59671,100,700.81977,2.09126,8.89114,0.0375,0.1275,0.78,0.0025,0.0,0.0525
42,11,22.05,79.03,1.82655,1.40833,0.38754,-0.47952,100,715.44845,3.15764,14.19849,0.0375,0.165,0.79,0.0075,0.0,0.0
42,12,22.05,79.05,1.79398,1.40769,0.38154,-0.47645,100,689.01825,3.99346,16.54189,0.1475,0.255,0.595,0.0025,0.0,0.0
42,13,22.05,79.07,1.80683,1.45273,0.37166,-0.47826,100,663.89164,3.78494,18.12578,0.28,0.31,0.4075,0.0,0.0,0.0025
42,14,22.05,79.09,1.72185,1.54203,0.48312,-0.5424,100,627.85036,1.48,8.41223,0.08,0.13,0.7675,0.0225,0.0,0.0
42,15,22.05,79.11,1.66919,1.51871,0.51672,-0.55546,100,622.16881,1.46616,7.49833,0.105,0.0725,0.805,0.0175,0.0,0.0
42,16,22.05,79.13,1.61688,1.5798,0.58164,-0.58863,100,619.10479,2.15857,10.5843,0.0825,0.085,0.8225,0.01,0.0,0.0
42,17,22.05,79.15,1.53032,1.63327,0.61894,-0.6078,100,595.63031,1.77205,7.4524,0.2175,0.0225,0.7075,0.0525,0.0,0.0
42,18,22.05,79.17,1.86275,1.5443,0.54892,-0.57362,100,588.36297,1.48261,6.14991,0.105,0.01,0.82,0.015,0.0025,0.0475
42,19,22.05,79.19,1.9065,1.5229,0.55014,-0.58127,100,599.53655,1.33279,8.03579,0.0525,0.0725,0.8425,0.0325,0.0,0.0
42,20,22.05,79.21,1.897,1.40466,0.36201,-0.47738,100,621.52379,2.27186,10.13369,0.1,0.44,0.4425,0.0075,0.0025,0.0075
42,21,22.05,79.23,1.93871,1.47504,0.39326,-0.49306,100,640.79967,1.14704,6.02505,0.0,0.17,0.81,0.02,0.0,0.0
42,22,22.05,79.25,1.88664,1.34648,0.31465,-0.4292,100,640.76022,1.17404,7.38418,0.0275,0.1475,0.625,0.2,0.0,0.0
42,23,22.05,79.27,1.88083,1.50323,0.41981,-0.50973,100,630.8822,0.90843,4.95099,0.0075,0.0475,0.9125,0.0325,0.0,0.0
42,24,22.05,79.29,1.88844,1.5616,0.51744,-0.56423,100,621.78861,0.97559,5.76268,0.01,0.0225,0.9225,0.045,0.0,0.0
42,25,22.05,79.31,1.97278,1.57736,0.56541,-0.59187,100,613.1086,1.01424,5.4351,0.0125,0.0275,0.94,0.02,0.0,0.0
42,26,22.05,79.33,1.9403,1.65547,0.59965,-0.61167,100,612.50458,0.89409,4.64776,0.0175,0.045,0.9,0.035,0.0025,0.0
42,27,22.05,79.35,2.0335,1.50266,0.41535,-0.50894,100,612.49419,0.96042,4.62978,0.0225,0.1,0.85,0.025,0.0,0.0025
42,28,22.05,79.37,1.98809,1.47626,0.36591,-0.48133,100,618.3903,1.1254,5.19357,0.005,0.075,0.9075,0.0075,0.005,0.0
42,29,22.05,79.39,2.01873,1.39931,0.27198,-0.43214,100,615.30598,1.63375,9.22392,0.01,0.1875,0.8,0.0,0.0,0.0025
42,30,22.05,79.41,1.96056,1.52232,0.4656,-0.54857,100,620.03941,0.85281,5.43319,0.025,0.0375,0.93,0.005,0.0025,0.0
42,31,22.05,79.43,1.87403,1.6871,0.63682,-0.64069,100,618.92226,0.96955,6.81665,0.0025,0.01,0.98,0.0075,0.0,0.0
42,32,22.05,79.45,1.88485,1.60877,0.56105,-0.59808,100,615.66916,0.91548,7.84338,0.0025,0.07,0.92,0.005,0.0025,0.0
42,33,22.05,79.47,2.04042,1.55731,0.44167,-0.54069,100,618.78544,1.11699,5.01013,0.0075,0.09,0.855,0.04,0.0,0.0075
42,34,22.05,79.49,1.93431,1.77658,0.66593,-0.67325,100,609.71618,0.7713,4.95579,0.005,0.0025,0.9875,0.005,0.0,0.0
42,35,22.05,79.51,1.80602,1.81094,0.70175,-0.68275,100,599.61064,0.62097,2.82615,0.0575,0.02,0.9125,0.01,0.0,0.0
42,36,22.05,79.53,1.93652,1.70369,0.60006,-0.62949,100,605.50394,0.75196,3.35783,0.0225,0.0175,0.92,0.04,0.0,0.0
42,37,22.05,79.55,2.11391,1.57521,0.43854,-0.53677,100,615.61124,1.13398,9.33707,0.0425,0.09,0.825,0.035,0.0025,0.005
42,38,22.05,79.57,2.04076,1.45126,0.40413,-0.51437,100,626.71039,1.6668,8.49762,0.1275,0.23,0.6225,0.0125,0.0075,0.0
42,39,22.05,79.59,1.98627,1.43928,0.37917,-0.50098,100,642.93122,2.8905,12.58372,0.46,0.3175,0.2175,0.005,0.0,0.0
42,40,22.05,79.61,1.99113,1.50292,0.4344,-0.53023,100,632.56563,4.73426,19.5924,0.7025,0.21,0.0875,0.0,0.0,0.0
42,41,22.05,79.63,1.89222,1.42357,0.38103,-0.48018,100,587.62135,2.28781,16.63051,0.3775,0.365,0.2525,0.005,0.0,0.0
42,42,22.05,79.65,1.8618,1.45867,0.4116,-0.49995,100,563.93091,1.65779,12.06902,0.22,0.31,0.47,0.0,0.0,0.0
42,43,22.05,79.67,1.77326,1.47831,0.46301,-0.52757,100,548.24928,0.90029,4.46317,0.135,0.0375,0.8125,0.015,0.0,0.0
42,44,22.05,79.69,1.75142,1.45149,0.43548,-0.49486,100,539.94143,0.75133,4.31876,0.045,0.1275,0.635,0.0525,0.0,0.14
42,45,22.05,79.71,1.83865,1.52933,0.51998,-0.5572,100,531.49079,0.90881,3.75043,0.255,0.0575,0.675,0.0125,0.0,0.0
42,46,22.05,79.73,1.77628,1.42469,0.40877,-0.48854,100,535.26786,0.98149,4.60804,0.1675,0.05,0.765,0.0175,0.0,0.0
42,47,22.05,79.75,1.78709,1.42647,0.41061,-0.47908,100,523.04228,0.84865,3.83601,0.1125,0.0175,0.8225,0.04,0.0,0.0075
42,48,22.05,79.77,1.79027,1.4273,0.39491,-0.46564,100,514.35226,0.85748,4.02957,0.125,0.05,0.795,0.0175,0.0,0.0125
42,49,22.05,79.79,1.84494,1.40111,0.37215,-0.45885,100,506.02311,1.07174,4.01864,0.1775,0.125,0.6775,0.02,0.0,0.0
42,50,22.05,79.81,1.89149,1.35753,0.32152,-0.43065,100,510.30403,1.0716,4.74489,0.065,0.065,0.8525,0.015,0.0,0.0025
42,51,22.05,79.83,1.85238,1.32097,0.31254,-0.41784,100,517.11732,0.94408,3.42988,0.015,0.0925,0.8725,0.02,0.0,0.0
42,52,22.05,79.85,1.94464,1.28785,0.32841,-0.45118,100,510.67843,1.83837,8.14356,0.2525,0.555,0.1925,0.0,0.0,0.0
42,53,22.05,79.87,1.90067,1.35234,0.36893,-0.48334,100,492.82566,1.75223,7.81983,0.7125,0.1325,0.155,0.0,0.0,0.0
42,54,22.05,79.89,1.96276,1.49239,0.44466,-0.52731,100,482.54083,2.16319,10.69988,0.995,0.005,0.0,0.0,0.0,0.0
42,55,22.05,79.91,1.88119,1.52912,0.45334,-0.52778,100,466.78598,4.2352,19.76027,0.9975,0.0025,0.0,0.0,0.0,0.0
42,56,22.05,79.93,1.82039,1.52626,0.44642,-0.52078,100,439.37515,4.27624,22.66276,0.9925,0.0075,0.0,0.0,0.0,0.0
42,57,22.05,79.95,1.66572,1.52652,0.46066,-0.5321,100,395.72321,4.54586,20.85816,0.775,0.13,0.0225,0.0,0.0,0.0725
42,58,22.05,79.97,1.76098,1.46781,0.43119,-0.4978,100,369.67081,1.53135,7.88181,0.615,0.13,0.24,0.015,0.0,0.0
42,59,22.05,79.99,1.79193,1.43962,0.43029,-0.4826,100,352.7386,0.8353,4.65149,0.2,0.13,0.6375,0.0325,0.0,0.0
42,60,22.05,80.01,1.88344,1.38219,0.39028,-0.47436,100,339.69393,0.92846,4.05136,0.255,0.1875,0.535,0.0125,0.0,0.01
42,61,22.05,80.03,1.82101,1.47308,0.40862,-0.49979,100,335.07294,1.01774,4.80272,0.6925,0.125,0.1825,0.0,0.0,0.0
42,62,22.05,80.05,1.73444,1.45204,0.38736,-0.48647,100,338.31954,3.31804,28.58506,0.8225,0.17,0.0075,0.0,0.0,0.0
42,63,22.05,80.07,1.59381,1.5109,0.46003,-0.50744,100,324.21257,1.8443,6.59581,0.93,0.02,0.0025,0.0,0.01,0.0375
42,64,22.05,80.09,1.52117,1.58386,0.50278,-0.52857,100,321.90565,1.5191,5.06655,0.9475,0.0025,0.005,0.0,0.015,0.03
42,65,22.05,80.11,1.59842,1.47936,0.43842,-0.47921,100,323.73,1.09943,4.29363,0.575,0.0375,0.3875,0.0,0.0,0.0
42,66,22.05,80.13,1.68624,1.34308,0.31016,-0.40767,100,326.09883,0.84459,3.2425,0.1625,0.1525,0.6475,0.03,0.0075,0.0
42,67,22.05,80.15,1.73525,1.3794,0.31739,-0.42207,100,339.14511,2.70471,14.68794,0.42,0.17,0.3775,0.0325,0.0,0.0
42,68,22.05,80.17,1.69228,1.49465,0.4029,-0.48546,100,352.56162,4.7678,30.02271,0.8925,0.0575,0.05,0.0,0.0,0.0
42,69,22.05,80.19,1.67612,1.50065,0.42325,-0.496,100,339.79744,3.05167,17.74407,0.8075,0.085,0.105,0.0,0.0,0.0025
42,70,22.05,80.21,1.52835,1.61669,0.52743,-0.54164,100,341.09408,3.07054,15.64148,0.8975,0.0625,0.04,0.0,0.0,0.0
42,71,22.05,80.23,1.47635,1.64949,0.54918,-0.54708,100,345.22264,3.90633,13.73821,0.9475,0.04,0.0125,0.0,0.0,0.0
42,72,22.05,80.25,1.40739,1.78465,0.60845,-0.57085,100,391.75994,10.50527,48.65139,0.9925,0.0075,0.0,0.0,0.0,0.0
42,73,22.05,80.27,1.38904,1.82616,0.62701,-0.58569,100,444.08842,13.42868,49.32397,0.995,0.0,0.0,0.0,0.005,0.0
42,74,22.05,80.29,1.38922,1.80049,0.61433,-0.58279,100,467.69531,10.22917,42.18874,1.0,0.0,0.0,0.0,0.0,0.0
42,75,22.05,80.31,1.42135,1.74317,0.60597,-0.58019,100,504.86992,6.60695,31.29227,1.0,0.0,0.0,0.0,0.0,0.0
42,76,22.05,80.33,1.49415,1.69882,0.57088,-0.57585,100,552.50759,3.89242,26.96277,1.0,0.0,0.0,0.0,0.0,0.0
42,77,22.05,80.35,1.60674,1.64994,0.53315,-0.57,100,582.35033,3.83029,15.09154,0.99,0.01,0.0,0.0,0.0,0.0
42,78,22.05,80.37,1.77213,1.4882,0.44175,-0.51977,100,585.35686,2.30838,7.98767,0.65,0.175,0.175,0.0,0.0,0.0
42,79,22.05,80.39,1.88075,1.3589,0.31871,-0.43345,100,597.22479,2.02916,6.60453,0.28,0.2875,0.4275,0.005,0.0,0.0
42,80,22.05,80.41,1.84961,1.36977,0.35121,-0.45471,100,606.46895,1.70614,8.83847,0.2725,0.095,0.63,0.0025,0.0,0.0
42,81,22.05,80.43,1.82166,1.36333,0.33665,-0.43925,100,623.93537,2.49151,15.15771,0.36,0.2075,0.4075,0.0025,0.0,0.0225
42,82,22.05,80.45,1.6291,1.64414,0.5281,-0.56056,100,662.74806,4.11464,20.31707,0.98,0.02,0.0,0.0,0.0,0.0
42,83,22.05,80.47,1.4824,1.74528,0.59476,-0.58297,100,687.13466,5.89836,39.60182,0.905,0.05,0.045,0.0,0.0,0.0
42,84,22.05,80.49,1.48855,1.7043,0.56681,-0.57803,100,688.82355,6.70326,34.34288,0.94,0.0225,0.0375,0.0,0.0,0.0
42,85,22.05,80.51,1.52165,1.68077,0.55204,-0.55967,100,637.65584,5.52087,46.05173,0.9975,0.0,0.0025,0.0,0.0,0.0
42,86,22.05,80.53,1.71347,1.39581,0.36422,-0.45853,100,579.68029,1.93429,8.86238,0.49,0.1975,0.3125,0.0,0.0,0.0
42,87,22.05,80.55,1.7102,1.42601,0.3858,-0.4688,100,564.38302,1.97114,7.63802,0.555,0.1975,0.2475,0.0,0.0,0.0
42,88,22.05,80.57,1.75889,1.54914,0.46865,-0.52623,100,560.84347,2.0648,7.7995,0.725,0.1025,0.1625,0.0,0.01,0.0
42,89,22.05,80.59,1.774,1.34396,0.29182,-0.39823,100,564.90376,1.7009,8.45315,0.1075,0.215,0.6575,0.0,0.0,0.02
43,0,22.07,78.81,1.63659,1.59634,0.66028,-0.65637,100,709.60962,1.2694,7.97207,0.0675,0.07,0.855,0.0075,0.0,0.0
43,1,22.07,78.83,1.65998,1.5581,0.64329,-0.64159,100,701.29904,1.22451,7.23424,0.025,0.025,0.94,0.01,0.0,0.0
43,2,22.07,78.85,1.62132,1.62691,0.66003,-0.65018,100,690.53393,1.06612,5.0598,0.1175,0.0475,0.8125,0.0175,0.0,0.005
43,3,22.07,78.87,1.73526,1.42779,0.51911,-0.56234,100,702.45945,1.421,5.09905,0.0575,0.2125,0.7075,0.015,0.0,0.0075
43,4,22.07,78.89,1.68608,1.42599,0.53658,-0.57775,100,688.79685,1.17458,6.19032,0.0675,0.1275,0.7725,0.0325,0.0,0.0
43,5,22.07,78.91,1.61905,1.37089,0.47044,-0.52878,100,681.96895,1.1864,6.73214,0.115,0.15,0.54,0.195,0.0,0.0
43,6,22.07,78.93,1.49716,1.26388,0.34474,-0.41101,100,684.0391,1.21948,5.72847,0.235,0.17,0.185,0.4025,0.0075,0.0
43,7,22.07,78.95,1.46875,1.22772,0.28639,-0.35069,100,694.82918,2.41765,15.88732,0.1175,0.175,0.15,0.5575,0.0,0.0
43,8,22.07,78.97,1.5687,1.32021,0.40653,-0.45428,100,697.55772,2.12997,12.98268,0.0325,0.2175,0.61,0.1375,0.0025,0.0
43,9,22.07,78.99,1.59516,1.41614,0.5006,-0.52764,100,703.60284,1.90328,10.23101,0.0225,0.12,0.7825,0.0675,0.0,0.0075
43,10,22.07,79.01,1.62162,1.41095,0.45606,-0.5052,100,724.76957,2.25347,14.26309,0.0375,0.1625,0.785,0.01,0.005,0.0
43,11,22.07,79.03,1.77979,1.41684,0.4036,-0.492,100,722.27402,3.16707,16.12302,0.06,0.2625,0.66,0.0125,0.005,0.0
43,12,22.07,79.05,1.76366,1.46703,0.48141,-0.53486,100,681.66296,4.42692,22.83954,0.0575,0.2425,0.685,0.015,0.0,0.0
43,13,22.07,79.07,1.81074,1.46072,0.39872,-0.49296,100,650.18785,1.79673,8.89445,0.01,0.1,0.885,0.005,0.0,0.0
43,14,22.07,79.09,1.78757,1.51914,0.47335,-0.53211,100,634.75548,1.21377,6.98329,0.04,0.0175,0.925,0.0175,0.0,0.0
43,15,22.07,79.11,1.80352,1.43878,0.3789,-0.4763,100,639.82426,1.51464,8.70898,0.0275,0.08,0.89,0.0025,0.0,0.0
43,16,22.07,79.13,1.74429,1.49064,0.46536,-0.53412,100,628.28222,2.6608,14.70216,0.06,0.28,0.6575,0.0025,0.0,0.0
43,17,22.07,79.15,1.55074,1.75778,0.7174,-0.67692,100,602.20972,1.03873,7.54952,0.085,0.035,0.8775,0.0025,0.0,0.0
43,18,22.07,79.17,1.77458,1.56231,0.58475,-0.59812,100,591.82976,1.73896,6.02431,0.215,0.0325,0.7,0.0,0.0275,0.025
43,19,22.07,79.19,1.98727,1.51446,0.50958,-0.56094,100,602.1432,1.77954,9.14108,0.13,0.0625,0.7625,0.0125,0.005,0.0275
43,20,22.07,79.21,1.89515,1.38027,0.32985,-0.4616,100,626.54328,2.84004,11.88994,0.1375,0.5175,0.3425,0.0025,0.0,0.0
43,21,22.07,79.23,1.83626,1.45696,0.48505,-0.5454,100,640.92443,1.52188,5.81445,0.0075,0.2175,0.7625,0.01,0.0025,0.0
43,22,22.07,79.25,1.80874,1.60834,0.60145,-0.61578,100,636.93833,0.67079,4.57528,0.035,0.02,0.9375,0.0075,0.0,0.0
43,23,22.07,79.27,1.88326,1.59523,0.57948,-0.59304,100,627.12742,0.65302,4.05499,0.04,0.045,0.9075,0.0075,0.0,0.0
43,24,22.07,79.29,1.88816,1.63432,0.56347,-0.60115,100,625.77983,0.70472,5.71159,0.02,0.0175,0.9425,0.02,0.0,0.0
43,25,22.07,79.31,2.04082,1.53006,0.43119,-0.5238,100,620.15378,0.68477,4.96541,0.0425,0.0025,0.915,0.04,0.0,0.0
43,26,22.07,79.33,1.85247,1.7256,0.67305,-0.65512,100,618.12056,0.61722,5.3947,0.0075,0.0,0.9925,0.0,0.0,0.0
43,27,22.07,79.35,1.85174,1.64063,0.63605,-0.62591,100,608.73015,0.63244,4.96596,0.035,0.0075,0.955,0.0025,0.0,0.0
43,28,22.07,79.37,1.79871,1.68256,0.63824,-0.62876,100,608.88402,0.86301,5.64656,0.03,0.025,0.9225,0.0225,0.0,0.0
43,29,22.07,79.39,1.87695,1.69287,0.63357,-0.63873,100,619.51351,0.88856,5.63517,0.0225,0.0125,0.945,0.02,0.0,0.0
43,30,22.07,79.41,1.80664,1.79017,0.70149,-0.67406,100,611.06125,0.70259,4.91935,0.02,0.005,0.9625,0.0125,0.0,0.0
43,31,22.07,79.43,1.82175,1.80103,0.68944,-0.67379,100,607.85803,0.76516,5.09543,0.0075,0.0025,0.9825,0.0075,0.0,0.0
43,32,22.07,79.45,1.84299,1.73621,0.65568,-0.64926,100,599.12433,0.86429,5.06153,0.025,0.015,0.94,0.02,0.0,0.0
43,33,22.07,79.47,1.70818,1.73537,0.70312,-0.66945,100,600.64084,0.79082,5.45997,0.005,0.01,0.98,0.0,0.005,0.0
43,34,22.07,79.49,1.70766,1.7878,0.71141,-0.6674,100,600.65952,0.76568,5.35821,0.01,0.0125,0.955,0.02,0.0,0.0025
43,35,22.07,79.51,1.86966,1.67307,0.58692,-0.61083,100,597.05107,0.69382,3.37062,0.055,0.055,0.8525,0.035,0.0,0.0025
43,36,22.07,79.53,1.92662,1.54006,0.48398,-0.5447,100,605.20824,0.73682,4.22156,0.0175,0.1075,0.685,0.19,0.0,0.0
43,37,22.07,79.55,1.78504,1.40371,0.35164,-0.45617,100,612.16377,1.04335,6.62208,0.0625,0.105,0.54,0.285,0.005,0.0025
43,38,22.07,79.57,1.98845,1.41822,0.35327,-0.46057,100,626.7227,1.62182,10.51722,0.0075,0.335,0.6075,0.05,0.0,0.0
43,39,22.07,79.59,1.96849,1.49788,0.44398,-0.52792,100,648.03368,2.47034,12.26891,0.38,0.23,0.375,0.0025,0.0075,0.005
43,40,22.07,79.61,1.98894,1.59482,0.5084,-0.57759,100,633.25235,4.68702,31.78513,0.735,0.1825,0.08,0.0025,0.0,0.0
43,41,22.07,79.63,1.9337,1.45168,0.36652,-0.48488,100,580.09576,1.94581,13.35832,0.0625,0.2475,0.6775,0.0075,0.005,0.0
43,42,22.07,79.65,1.80837,1.38101,0.33996,-0.44363,100,563.43751,1.19371,5.43149,0.0725,0.1975,0.68,0.025,0.0,0.025
43,43,22.07,79.67,1.76591,1.41396,0.38894,-0.4707,100,550.17012,1.0677,5.29441,0.0825,0.11,0.765,0.04,0.0,0.0025
43,44,22.07,79.69,1.7655,1.50838,0.4867,-0.53397,100,535.6027,0.85214,4.11415,0.1425,0.0225,0.7925,0.04,0.0,0.0025
43,45,22.07,79.71,1.78773,1.49597,0.48235,-0.52082,100,526.21298,0.63953,4.11595,0.0925,0.05,0.84,0.015,0.0,0.0025
43,46,22.07,79.73,1.76479,1.41674,0.41564,-0.48801,100,526.70101,1.17875,5.99284,0.16,0.0575,0.735,0.0425,0.0,0.005
43,47,22.07,79.75,1.78147,1.41653,0.44155,-0.49858,100,529.01051,1.09928,4.30576,0.09,0.035,0.8325,0.0425,0.0,0.0
43,48,22.07,79.77,1.78436,1.4429,0.41645,-0.48979,100,520.61731,0.91972,4.99814,0.1675,0.0475,0.765,0.0175,0.0,0.0025
43,49,22.07,79.79,1.81213,1.39107,0.36999,-0.45678,100,510.6135,0.93218,4.8836,0.0625,0.0225,0.875,0.04,0.0,0.0
43,50,22.07,79.81,1.91195,1.36918,0.3333,-0.43904,100,503.09158,1.23568,5.20512,0.145,0.2125,0.64,0.0,0.0,0.0025
43,51,22.07,79.83,1.95559,1.36265,0.32083,-0.44118,100,514.70742,1.38586,6.85648,0.1125,0.295,0.5775,0.015,0.0,0.0
43,52,22.07,79.85,2.01535,1.42254,0.36613,-0.49827,100,496.79921,1.76015,8.4098,0.5925,0.305,0.1025,0.0,0.0,0.0
43,53,22.07,79.87,1.98324,1.44778,0.39056,-0.51922,100,482.27888,1.68348,7.93517,0.8825,0.0875,0.03,0.0,0.0,0.0
43,54,22.07,79.89,1.92371,1.47277,0.41924,-0.52493,100,463.39991,2.74126,10.27138,0.98,0.02,0.0,0.0,0.0,0.0
43,55,22.07,79.91,1.88893,1.50915,0.4309,-0.52727,100,425.27121,5.45042,25.71471,0.9925,0.0075,0.0,0.0,0.0,0.0
43,56,22.07,79.93,1.82995,1.50195,0.41588,-0.51231,100,467.90183,5.07115,17.67365,0.96,0.04,0.0,0.0,0.0,0.0
43,57,22.07,79.95,1.80743,1.5172,0.41921,-0.5132,100,458.0767,7.84913,27.70288,0.99,0.01,0.0,0.0,0.0,0.0
43,58,22.07,79.97,1.77112,1.53754,0.43224,-0.52154,100,379.74759,3.99641,25.22079,0.9025,0.09,0.0075,0.0,0.0,0.0
43,59,22.07,79.99,1.81758,1.45666,0.40497,-0.50812,100,353.00444,1.09257,6.26517,0.7475,0.1875,0.065,0.0,0.0,0.0
43,60,22.07,80.01,1.90706,1.4537,0.40169,-0.49277,100,359.51839,3.2795,27.85452,0.72,0.1175,0.1475,0.0,0.0,0.015
43,61,22.07,80.03,1.7386,1.48703,0.41701,-0.48471,100,383.52267,5.8083,31.96634,0.8775,0.1,0.0225,0.0,0.0,0.0
43,62,22.07,80.05,1.67102,1.52063,0.43867,-0.50301,100,384.30494,8.01019,64.53554,0.9925,0.0075,0.0,0.0,0.0,0.0
43,63,22.07,80.07,1.60332,1.53513,0.45924,-0.51909,100,325.92622,2.26303,8.31418,0.91,0.01,0.0125,0.0,0.0075,0.06
43,64,22.07,80.09,1.53373,1.5856,0.48846,-0.53268,100,330.17432,1.16614,3.51852,0.9525,0.0125,0.035,0.0,0.0,0.0
43,65,22.07,80.11,1.64255,1.43206,0.40757,-0.46983,100,332.1544,1.29612,6.7543,0.4625,0.0475,0.48,0.01,0.0,0.0
43,66,22.07,80.13,1.69439,1.41308,0.36402,-0.44654,100,336.39604,2.60641,15.82957,0.505,0.11,0.37,0.015,0.0,0.0
43,67,22.07,80.15,1.66186,1.51087,0.42491,-0.48357,100,369.27023,6.7805,44.96093,0.9075,0.015,0.0775,0.0,0.0,0.0
43,68,22.07,80.17,1.6249,1.48455,0.42658,-0.47684,100,356.75562,4.78831,29.49955,0.4775,0.0525,0.46,0.0075,0.0,0.0025
43,69,22.07,80.19,1.67085,1.50534,0.4147,-0.48934,100,356.07858,3.54379,15.54437,0.75,0.0475,0.19,0.0025,0.0,0.01
43,70,22.07,80.21,1.61867,1.5616,0.45807,-0.49745,100,378.82417,7.46178,35.08864,1.0,0.0,0.0,0.0,0.0,0.0
43,71,22.07,80.23,1.53051,1.64393,0.52672,-0.53039,100,371.17405,6.60418,38.95486,1.0,0.0,0.0,0.0,0.0,0.0
43,72,22.07,80.25,1.40968,1.8014,0.61553,-0.57619,100,395.91203,8.38536,53.17629,1.0,0.0,0.0,0.0,0.0,0.0
43,73,22.07,80.27,1.42721,1.83199,0.63186,-0.59407,100,500.33193,9.8905,65.82333,1.0,0.0,0.0,0.0,0.0,0.0
43,74,22.07,80.29,1.47926,1.79286,0.61293,-0.59279,100,558.18202,6.29724,29.03776,1.0,0.0,0.0,0.0,0.0,0.0
43,75,22.07,80.31,1.48681,1.74389,0.5946,-0.58231,100,565.57787,5.44285,24.4823,1.0,0.0,0.0,0.0,0.0,0.0
43,76,22.07,80.33,1.56048,1.70255,0.57593,-0.58319,100,581.11881,4.44765,17.09656,0.9975,0.0025,0.0,0.0,0.0,0.0
43,77,22.07,80.35,1.66539,1.62117,0.52089,-0.56991,100,589.16238,3.55042,14.6566,0.9675,0.025,0.0075,0.0,0.0,0.0
43,78,22.07,80.37,1.74474,1.55303,0.469,-0.54779,100,587.51117,2.50968,8.61741,0.75,0.14,0.11,0.0,0.0,0.0
43,79,22.07,80.39,1.79245,1.46336,0.42809,-0.50535,100,595.33699,2.07773,7.84576,0.6175,0.2575,0.125,0.0,0.0,0.0
43,80,22.07,80.41,1.79982,1.39255,0.3662,-0.45876,100,603.46931,1.75016,6.41904,0.41,0.1225,0.465,0.0025,0.0,0.0
43,81,22.07,80.43,1.75428,1.54185,0.47881,-0.55124,100,634.23404,3.74625,24.00301,0.7075,0.0825,0.21,0.0,0.0,0.0
43,82,22.07,80.45,1.55709,1.73464,0.57749,-0.59565,100,736.10181,10.04413,60.01663,0.9925,0.0075,0.0,0.0,0.0,0.0
43,83,22.07,80.47,1.54487,1.63648,0.54522,-0.56482,100,667.33978,8.3356,60.06237,0.9525,0.015,0.0325,0.0,0.0,0.0
43,84,22.07,80.49,1.49639,1.64604,0.54856,-0.56152,100,653.80128,7.48794,47.63171,0.9775,0.01,0.0125,0.0,0.0,0.0
43,85,22.07,80.51,1.52935,1.66276,0.55114,-0.56951,100,680.51211,7.90507,66.93499,0.97,0.03,0.0,0.0,0.0,0.0
43,86,22.07,80.53,1.64711,1.46699,0.41809,-0.4882,100,577.32574,1.92738,10.8278,0.5975,0.12,0.2825,0.0,0.0,0.0
43,87,22.07,80.55,1.70357,1.35275,0.31751,-0.41124,100,553.41783,1.69744,7.27266,0.17,0.245,0.565,0.02,0.0,0.0
43,88,22.07,80.57,1.7144,1.35247,0.32163,-0.41153,100,546.68308,1.28464,6.84839,0.185,0.1625,0.6325,0.0175,0.0,0.0025
43,89,22.07,80.59,1.68269,1.36815,0.34659,-0.41575,100,546.36176,0.86611,4.03694,0.0925,0.0325,0.875,0.0,0.0,0.0
44,0,22.09,78.81,1.91005,1.42422,0.44916,-0.52827,100,754.65303,2.50488,16.25829,0.035,0.32,0.645,0.0,0.0,0.0
44,1,22.09,78.83,1.81909,1.50305,0.56836,-0.59786,100,724.25187,1.95894,14.86833,0.045,0.1925,0.7625,0.0,0.0,0.0
44,2,22.09,78.85,1.66209,1.526,0.62341,-0.6269,100,704.40405,1.29512,7.30931,0.055,0.0625,0.8375,0.045,0.0,0.0
44,3,22.09,78.87,1.69219,1.42166,0.47466,-0.5299,100,707.40038,1.5633,7.39355,0.2125,0.18,0.5975,0.01,0.0,0.0
44,4,22.09,78.89,1.68255,1.55754,0.53316,-0.56458,100,703.97013,1.87769,10.424,0.2325,0.215,0.5275,0.015,0.0,0.01
44,5,22.09,78.91,1.77039,1.4825,0.54772,-0.59251,100,706.67357,2.25042,12.45047,0.08,0.22,0.68,0.0175,0.0025,0.0
44,6,22.09,78.93,1.6209,1.49112,0.53998,-0.57131,100,702.32131,1.50433,8.96792,0.065,0.1325,0.73,0.07,0.0025,0.0
44,7,22.09,78.95,1.70033,1.45053,0.50218,-0.54489,100,715.20589,2.92587,13.91705,0.02,0.3,0.65,0.03,0.0,0.0
44,8,22.09,78.97,1.68374,1.41164,0.43225,-0.48664,100,702.96212,2.91632,17.40822,0.0325,0.2325,0.665,0.0675,0.0025,0.0
44,9,22.09,78.99,1.47961,1.57,0.61597,-0.61059,100,688.35148,2.59346,14.91843,0.06,0.215,0.635,0.0675,0.0075,0.015
44,10,22.09,79.01,1.56072,1.55692,0.59425,-0.59011,100,694.13601,3.58946,20.69304,0.125,0.2175,0.645,0.0125,0.0,0.0
44,11,22.09,79.03,1.68313,1.52748,0.53804,-0.55962,100,700.4768,5.18055,20.04243,0.2175,0.305,0.465,0.0075,0.0,0.005
44,12,22.09,79.05,1.70823,1.49778,0.49092,-0.53628,100,688.46448,4.95913,26.90351,0.105,0.3475,0.545,0.0025,0.0,0.0
44,13,22.09,79.07,1.79034,1.49331,0.43159,-0.50988,100,652.79201,1.95046,14.93395,0.0275,0.0575,0.9125,0.0025,0.0,0.0
44,14,22.09,79.09,1.77787,1.4955,0.43909,-0.5187,100,644.92331,1.66483,9.16124,0.0275,0.075,0.8675,0.03,0.0,0.0
44,15,22.09,79.11,1.79587,1.47674,0.43611,-0.51691,100,640.92466,1.51333,9.17966,0.02,0.0925,0.865,0.02,0.0,0.0025
44,16,22.09,79.13,1.72196,1.60039,0.58386,-0.61207,100,632.06991,1.88137,9.3145,0.025,0.07,0.905,0.0,0.0,0.0
44,17,22.09,79.15,1.63672,1.67713,0.62531,-0.61814,100,616.48207,1.22686,7.66932,0.055,0.045,0.88,0.02,0.0,0.0
44,18,22.09,79.17,1.75305,1.65318,0.66842,-0.64806,100,603.00572,1.23876,6.40103,0.0775,0.035,0.835,0.015,0.0225,0.015
44,19,22.09,79.19,1.89609,1.5952,0.60898,-0.62289,100,597.68743,1.53397,5.95602,0.1475,0.0225,0.78,0.015,0.015,0.02
44,20,22.09,79.21,1.92746,1.54376,0.5705,-0.5947,100,608.98346,1.35614,6.8531,0.0925,0.0675,0.815,0.025,0.0,0.0
44,21,22.09,79.23,1.93772,1.50868,0.52361,-0.57593,100,630.79654,1.72178,10.29166,0.045,0.105,0.8375,0.0075,0.0,0.005
44,22,22.09,79.25,1.92751,1.53367,0.50272,-0.56187,100,640.4539,0.71265,4.93651,0.005,0.0025,0.97,0.0225,0.0,0.0
44,23,22.09,79.27,1.99988,1.55627,0.45442,-0.5395,100,633.11085,0.69803,4.25067,0.0225,0.0125,0.96,0.005,0.0,0.0
44,24,22.09,79.29,2.03036,1.38734,0.32758,-0.4578,100,636.34334,0.72327,5.15823,0.0125,0.0025,0.98,0.005,0.0,0.0
44,25,22.09,79.31,2.03893,1.44177,0.3547,-0.47162,100,629.8939,0.78118,4.48751,0.015,0.0,0.9675,0.0175,0.0,0.0
44,26,22.09,79.33,2.04615,1.58402,0.46868,-0.55715,100,616.92104,0.75015,5.06334,0.0025,0.005,0.975,0.0175,0.0,0.0
44,27,22.09,79.35,1.88419,1.67701,0.61647,-0.61938,100,609.53886,0.83928,5.19462,0.0325,0.005,0.9375,0.025,0.0,0.0
44,28,22.09,79.37,1.84372,1.75095,0.64455,-0.64521,100,599.93178,0.83717,3.68974,0.02,0.015,0.9625,0.0025,0.0,0.0
44,29,22.09,79.39,1.71567,1.7564,0.69365,-0.66221,100,606.12105,0.96837,5.89062,0.005,0.0125,0.97,0.0125,0.0,0.0
44,30,22.09,79.41,1.81896,1.71116,0.64237,-0.62994,100,611.62223,0.73849,4.03032,0.0025,0.01,0.9625,0.025,0.0,0.0
44,31,22.09,79.43,1.87832,1.71731,0.6344,-0.63179,100,601.62227,0.8126,5.75787,0.015,0.015,0.9575,0.0125,0.0,0.0
44,32,22.09,79.45,1.79453,1.80493,0.70676,-0.68408,100,594.19602,0.76761,5.41648,0.0175,0.02,0.9625,0.0,0.0,0.0
44,33,22.09,79.47,1.85846,1.71973,0.65096,-0.64051,100,587.3798,0.73818,3.72679,0.06,0.0275,0.8875,0.025,0.0,0.0
44,34,22.09,79.49,1.85321,1.69587,0.60889,-0.62323,100,590.01628,0.77827,4.29376,0.0575,0.035,0.865,0.0075,0.035,0.0
44,35,22.09,79.51,2.04592,1.63156,0.50773,-0.57633,100,591.75757,0.76682,3.44563,0.0675,0.035,0.8975,0.0,0.0,0.0
44,36,22.09,79.53,1.94797,1.50733,0.39904,-0.49942,100,600.69471,0.80094,5.06048,0.0075,0.065,0.79,0.1375,0.0,0.0
44,37,22.09,79.55,1.49404,1.20418,0.25868,-0.32253,100,618.18533,1.31485,6.40385,0.0725,0.095,0.0775,0.7125,0.0025,0.04
44,38,22.09,79.57,1.7869,1.39236,0.37357,-0.45235,100,620.86739,0.86496,5.24149,0.015,0.12,0.6825,0.1825,0.0,0.0
44,39,22.09,79.59,1.87516,1.36269,0.34058,-0.44142,100,631.46864,2.03764,12.77327,0.035,0.2825,0.62,0.0625,0.0,0.0
44,40,22.09,79.61,1.88895,1.32929,0.28315,-0.42148,100,611.51372,3.63622,22.96063,0.1325,0.635,0.2225,0.01,0.0,0.0
44,41,22.09,79.63,1.95072,1.41983,0.33769,-0.46125,100,590.05781,3.42776,24.36346,0.135,0.4175,0.4425,0.005,0.0,0.0
44,42,22.09,79.65,1.79225,1.38936,0.36789,-0.46294,100,559.68599,1.49596,10.11446,0.08,0.3075,0.5375,0.015,0.0,0.06
44,43,22.09,79.67,1.79019,1.47824,0.48603,-0.53492,100,542.85948,0.80704,4.43886,0.165,0.0575,0.7525,0.0225,0.0,0.0025
44,44,22.09,79.69,1.87498,1.53225,0.53085,-0.56967,100,533.2501,0.73732,3.21557,0.1925,0.045,0.7575,0.005,0.0,0.0
44,45,22.09,79.71,1.85789,1.4581,0.43984,-0.52051,100,524.17326,0.93428,3.85654,0.165,0.085,0.725,0.025,0.0,0.0
44,46,22.09,79.73,1.87405,1.43027,0.42493,-0.5008,100,515.46083,0.95633,3.24671,0.12,0.16,0.71,0.01,0.0,0.0
44,47,22.09,79.75,1.88381,1.37035,0.34553,-0.45174,100,516.36466,1.08152,5.58227,0.1075,0.1375,0.7475,0.0075,0.0,0.0
44,48,22.09,79.77,1.88814,1.32775,0.30705,-0.42521,100,521.73817,1.82582,10.23869,0.0275,0.2725,0.675,0.0225,0.0,0.0025
44,49,22.09,79.79,1.87067,1.34936,0.32731,-0.44002,100,511.88229,1.28975,6.99852,0.05,0.24,0.705,0.005,0.0,0.0
44,50,22.09,79.81,1.8553,1.37619,0.38734,-0.46583,100,498.48007,1.15123,5.00214,0.12,0.125,0.7225,0.0175,0.005,0.01
44,51,22.09,79.83,1.89034,1.39875,0.35583,-0.4581,100,505.46924,1.00578,5.47614,0.16,0.185,0.6275,0.0125,0.0,0.015
44,52,22.09,79.85,2.06344,1.45223,0.38004,-0.50866,100,502.16843,1.73396,9.91915,0.8725,0.12,0.0075,0.0,0.0,0.0
44,53,22.09,79.87,1.92245,1.36909,0.33552,-0.48074,100,472.32719,1.88353,8.3652,0.5725,0.1775,0.2475,0.0,0.0,0.0025
44,54,22.09,79.89,1.95276,1.51622,0.46217,-0.54239,100,467.73135,3.48284,15.01033,0.9675,0.0325,0.0,0.0,0.0,0.0
44,55,22.09,79.91,1.88753,1.48229,0.43015,-0.51869,100,433.19661,7.28884,38.44365,1.0,0.0,0.0,0.0,0.0,0.0
44,56,22.09,79.93,1.8368,1.50166,0.43263,-0.52036,100,404.27879,4.77563,31.013,0.9875,0.01,0.0,0.0,0.0025,0.0
44,57,22.09,79.95,1.76771,1.52525,0.44749,-0.51359,100,435.47499,6.65653,40.01006,1.0,0.0,0.0,0.0,0.0,0.0
44,58,22.09,79.97,1.91028,1.48801,0.3962,-0.50708,100,393.73459,4.37437,26.74625,0.8425,0.0625,0.095,0.0,0.0,0.0
44,59,22.09,79.99,1.88821,1.35353,0.34217,-0.45434,100,366.82938,3.0509,19.01034,0.365,0.1375,0.4775,0.0175,0.0,0.0025
44,60,22.09,80.01,1.81444,1.44306,0.40812,-0.4963,100,398.53504,6.62344,50.6948,0.6725,0.1475,0.1775,0.0,0.0,0.0025
44,61,22.09,80.03,1.6821,1.49645,0.43293,-0.50279,100,401.76897,7.39085,40.21127,0.95,0.05,0.0,0.0,0.0,0.0
44,62,22.09,80.05,1.71182,1.48544,0.41076,-0.48776,100,351.55453,4.9575,35.10654,0.8125,0.0875,0.0975,0.0025,0.0,0.0
44,63,22.09,80.07,1.54047,1.5517,0.48681,-0.52513,100,331.73545,2.75616,12.40171,0.86,0.05,0.04,0.0025,0.015,0.0325
44,64,22.09,80.09,1.70658,1.41132,0.36381,-0.46099,100,396.07429,9.27966,44.63555,0.8525,0.1475,0.0,0.0,0.0,0.0
44,65,22.09,80.11,1.73512,1.41814,0.38336,-0.47121,100,345.80147,3.41194,19.69393,0.705,0.0725,0.21,0.01,0.0,0.0025
44,66,22.09,80.13,1.57882,1.58214,0.49658,-0.52627,100,343.60647,2.31321,9.39461,0.6875,0.0325,0.28,0.0,0.0,0.0
44,67,22.09,80.15,1.5742,1.56717,0.48685,-0.52247,100,353.48667,2.02611,7.24294,0.7825,0.0575,0.115,0.0,0.0,0.045
44,68,22.09,80.17,1.55803,1.5601,0.49638,-0.50952,100,365.04197,3.9705,24.70121,0.7725,0.0425,0.1825,0.0,0.0,0.0025
44,69,22.09,80.19,1.55007,1.57888,0.4802,-0.4979,100,422.82005,9.12557,53.15704,0.9775,0.0175,0.005,0.0,0.0,0.0
44,70,22.09,80.21,1.52658,1.60042,0.4861,-0.51061,100,502.97025,11.02943,68.04485,1.0,0.0,0.0,0.0,0.0,0.0
44,71,22.09,80.23,1.60843,1.61851,0.48847,-0.51367,100,569.33377,11.18951,80.34106,1.0,0.0,0.0,0.0,0.0,0.0
44,72,22.09,80.25,1.61253,1.68372,0.52865,-0.53837,100,528.55452,11.65119,97.37126,1.0,0.0,0.0,0.0,0.0,0.0
44,73,22.09,80.27,1.38353,1.82317,0.63059,-0.59431,100,519.17973,9.59899,46.6324,1.0,0.0,0.0,0.0,0.0,0.0
44,74,22.09,80.29,1.43399,1.79072,0.62029,-0.59227,100,572.95823,5.38253,28.13871,0.995,0.005,0.0,0.0,0.0,0.0
44,75,22.09,80.31,1.55563,1.68461,0.56273,-0.56965,100,577.44914,3.19532,12.99244,0.9425,0.055,0.0025,0.0,0.0,0.0
44,76,22.09,80.33,1.60938,1.65184,0.54462,-0.56956,100,577.54481,2.8866,12.34707,0.9925,0.0075,0.0,0.0,0.0,0.0
44,77,22.09,80.35,1.60498,1.65973,0.54332,-0.57512,100,596.4298,2.57115,8.8244,0.8875,0.065,0.045,0.0,0.0,0.0025
44,78,22.09,80.37,1.77337,1.45151,0.40406,-0.49428,100,600.43687,2.41038,9.81141,0.595,0.23,0.175,0.0,0.0,0.0
44,79,22.09,80.39,1.73091,1.61443,0.49979,-0.56372,100,622.66586,3.30916,20.74524,0.9325,0.02,0.0475,0.0,0.0,0.0
44,80,22.09,80.41,1.76603,1.59887,0.48724,-0.56063,100,649.74622,5.1454,29.17787,0.9375,0.0275,0.0325,0.0,0.0,0.0025
44,81,22.09,80.43,1.69482,1.59029,0.48765,-0.55476,100,647.95613,4.04799,16.57833,0.9325,0.04,0.025,0.0,0.0,0.0025
44,82,22.09,80.45,1.68278,1.54813,0.47187,-0.53863,100,612.59532,5.71636,35.5307,0.815,0.1,0.085,0.0,0.0,0.0
44,83,22.09,80.47,1.77918,1.30342,0.29947,-0.41111,100,567.21545,1.69972,7.53814,0.1425,0.16,0.6975,0.0,0.0,0.0
44,84,22.09,80.49,1.61343,1.51206,0.46644,-0.53092,100,595.55752,3.63537,25.3396,0.8025,0.0875,0.11,0.0,0.0,0.0
44,85,22.09,80.51,1.62958,1.45812,0.425,-0.48717,100,607.87178,3.8392,30.6373,0.62,0.205,0.175,0.0,0.0,0.0
44,86,22.09,80.53,1.63217,1.44872,0.41022,-0.47664,100,584.55902,4.06347,17.87591,0.57,0.23,0.195,0.0,0.0,0.005
44,87,22.09,80.55,1.61885,1.36379,0.35256,-0.42836,100,562.98277,2.87624,15.64289,0.3275,0.37,0.2225,0.08,0.0,0.0
44,88,22.09,80.57,1.67629,1.3281,0.32372,-0.41021,100,538.34047,1.13408,3.64923,0.1075,0.3375,0.5475,0.0075,0.0,0.0
44,89,22.09,80.59,1.74121,1.31721,0.29277,-0.38796,100,546.52595,1.33031,7.11329,0.0275,0.165,0.8025,0.0025,0.0,0.0025
